customer_id,segment,policy_type,payment_frequency,annual_premium,duration_months,event,survival_12m,clv_12m
GS-000001,standard,Home,Monthly,783.5006901408451,36.0,1,0.9235855666491501,678.71
GS-000002,price_sensitive,Motor,Monthly,311.31027562862664,34.5,0,0.7440728887727786,217.26
GS-000003,loyal,Travel,Monthly,402.08000000000004,12.0,1,0.9872773536895676,372.32
GS-000004,standard,Home,Annual,893.8325,59.2,0,0.942307692307692,789.98
GS-000005,price_sensitive,Home,Monthly,578.2104341317365,12.0,1,0.7316260413452642,396.77
GS-000006,standard,Home,Monthly,486.8195034965035,47.4,0,0.9235855666491501,421.71
GS-000007,loyal,Motor,Monthly,1012.7022184750733,56.7,0,0.9615384615384621,913.3
GS-000008,standard,Home,Monthly,856.6860901467505,48.0,1,0.942307692307692,757.15
GS-000009,price_sensitive,Motor,Monthly,355.7856603773585,48.0,1,0.1,33.37
GS-000010,price_sensitive,Home,Annual,850.8292130474451,48.0,1,0.1,79.8
GS-000011,standard,Travel,Annual,1668.790020661157,16.0,0,0.9218210586139648,1442.83
GS-000012,standard,Home,Monthly,504.5527190395957,39.6,0,0.9235855666491501,437.07
GS-000013,price_sensitive,Home,Monthly,281.8330239520958,12.0,1,0.7316260413452642,193.4
GS-000014,price_sensitive,Home,Monthly,362.1442814371257,12.0,1,0.7316260413452642,248.51
GS-000015,price_sensitive,Travel,Monthly,865.3921888111887,48.0,1,0.1,81.17
GS-000016,loyal,Home,Monthly,790.9958106485188,41.5,0,0.9814241486068109,728.11
GS-000017,price_sensitive,Motor,Annual,921.9010068493151,19.4,0,0.7316260413452642,632.62
GS-000018,standard,Motor,Annual,1183.34,12.0,1,0.9218210586139648,1023.11
GS-000019,standard,Life,Annual,1535.1,12.0,1,0.9218210586139648,1327.24
GS-000020,standard,Travel,Annual,1285.7,12.0,1,0.9218210586139648,1111.61
GS-000021,standard,Motor,Monthly,994.0527394366197,36.0,1,0.9235855666491501,861.1
GS-000022,standard,Travel,Monthly,760.4070786713287,47.9,0,0.9246702238031718,659.48
GS-000023,loyal,Motor,Monthly,1191.6006865828092,48.0,1,0.9615384615384621,1074.64
GS-000024,loyal,Pet,Monthly,1213.38,3.1,0,0.9557021677662589,1087.64
GS-000025,loyal,Motor,Monthly,285.96,1.6,0,0.9557021677662589,256.33
GS-000026,loyal,Travel,Monthly,1180.7412203132894,65.7,0,1.0,1107.44
GS-000027,loyal,Home,Monthly,617.4242359050445,12.0,1,0.9872773536895676,571.73
GS-000028,price_sensitive,Travel,Monthly,404.9676716738197,24.0,1,0.7440728887727786,282.62
GS-000029,standard,Motor,Monthly,859.9114227086184,24.9,0,0.9291341574190161,749.38
GS-000030,standard,Life,Monthly,646.3205794849023,37.8,0,0.9235855666491501,559.88
GS-000031,price_sensitive,Home,Annual,601.02,12.0,1,0.7316260413452642,412.43
GS-000032,price_sensitive,Motor,Monthly,274.04652985074625,12.0,1,0.7316260413452642,188.05
GS-000033,standard,Home,Monthly,910.8169398041475,57.2,0,0.942307692307692,804.99
GS-000034,price_sensitive,Life,Annual,894.4622260273973,16.8,0,0.7316260413452642,613.79
GS-000035,loyal,Motor,Monthly,762.014211563732,25.2,0,0.9666170727171273,690.85
GS-000036,standard,Motor,Monthly,764.9234076923077,32.8,0,0.9291341574190161,666.6
GS-000037,loyal,Motor,Monthly,400.3086678832117,36.7,0,0.9814241486068109,368.48
GS-000038,standard,Home,Monthly,789.0999999999999,5.3,0,0.8455980328358912,625.84
GS-000039,standard,Motor,Monthly,668.4439728958631,24.0,1,0.9291341574190161,582.52
GS-000040,standard,Travel,Monthly,475.84000000000003,3.3,0,0.8455980328358912,377.39
GS-000041,standard,Motor,Monthly,850.392937756498,24.9,0,0.9291341574190161,741.08
GS-000042,standard,Motor,Monthly,825.0532636363636,9.9,0,0.8455980328358912,654.35
GS-000043,standard,Motor,Monthly,290.4153607594937,13.9,0,0.9218210586139648,251.09
GS-000044,loyal,Travel,Monthly,1298.0320909090908,9.5,0,0.9557021677662589,1163.52
GS-000045,price_sensitive,Home,Monthly,536.0317140718563,12.0,1,0.7316260413452642,367.83
GS-000046,price_sensitive,Travel,Monthly,292.35644975288307,20.0,0,0.7316260413452642,200.62
GS-000047,standard,Pet,Monthly,1000.4403538461539,33.0,0,0.9291341574190161,871.84
GS-000048,price_sensitive,Pet,Monthly,335.1807025677603,24.0,1,0.7440728887727786,233.92
GS-000049,loyal,Home,Monthly,286.88,1.1,0,0.9557021677662589,257.15
GS-000050,standard,Home,Annual,1934.4740753424658,15.5,0,0.9218210586139648,1672.54
GS-000051,price_sensitive,Home,Monthly,358.12,12.0,1,0.7316260413452642,245.75
GS-000052,standard,Home,Annual,1262.42,11.5,0,0.8455980328358912,1001.23
GS-000053,price_sensitive,Motor,Monthly,549.8155076923077,33.0,0,0.7440728887727786,383.71
GS-000054,price_sensitive,Motor,Monthly,546.8970081967213,6.4,0,0.5450425521448253,279.58
GS-000055,loyal,Home,Annual,1508.8327397260275,16.1,0,0.9872773536895676,1397.16
GS-000056,standard,Home,Monthly,629.5133108108108,72.0,1,0.1,59.04
GS-000057,standard,Home,Monthly,323.9245714285714,31.8,0,0.9291341574190161,282.29
GS-000058,price_sensitive,Home,Monthly,425.06004502740797,47.9,1,0.1,39.87
GS-000059,price_sensitive,Life,Monthly,571.5509334763948,24.0,1,0.7440728887727786,398.88
GS-000060,standard,Home,Monthly,862.2207833655707,51.0,0,0.942307692307692,762.04
GS-000061,standard,Home,Annual,941.985,58.6,0,0.942307692307692,832.54
GS-000062,price_sensitive,Motor,Annual,879.82,12.0,1,0.7316260413452642,603.74
GS-000063,standard,Motor,Monthly,363.94,4.9,0,0.8455980328358912,288.64
GS-000064,loyal,Home,Annual,2363.3576301369862,16.8,0,0.9872773536895676,2188.45
GS-000065,loyal,Home,Monthly,1226.3385984308131,24.0,1,0.9666170727171273,1111.81
GS-000066,standard,Motor,Monthly,420.7714135514019,7.8,0,0.8455980328358912,333.72
GS-000067,price_sensitive,Motor,Annual,1261.08,12.0,1,0.7316260413452642,865.36
GS-000068,standard,Travel,Monthly,747.5516712328766,12.6,0,0.9218210586139648,646.33
GS-000069,loyal,Home,Annual,1544.5709329379563,46.8,0,0.9814241486068109,1421.78
GS-000070,standard,Motor,Monthly,694.8647115384616,18.0,0,0.9218210586139648,600.78
GS-000071,price_sensitive,Home,Monthly,777.7692552395209,22.0,0,0.7316260413452642,533.71
GS-000072,standard,Motor,Annual,374.84407822506864,41.0,0,0.9235855666491501,324.71
GS-000073,loyal,Motor,Monthly,759.85126171875,21.4,0,0.9872773536895676,703.61
GS-000074,loyal,Motor,Annual,1070.0126162790696,31.7,0,0.9666170727171273,970.09
GS-000075,standard,Life,Monthly,397.3080272255834,38.4,0,0.9235855666491501,344.17
GS-000076,loyal,Pet,Monthly,524.9425178571429,24.0,1,0.9666170727171273,475.92
GS-000077,price_sensitive,Home,Monthly,103.74000000000001,2.0,0,0.5450425521448253,53.03
GS-000078,standard,Life,Annual,1034.5643621399176,30.0,0,0.9291341574190161,901.58
GS-000079,loyal,Motor,Annual,1127.0625,59.1,0,0.9615384615384621,1016.44
GS-000080,standard,Pet,Annual,2354.82,1.5,0,0.8455980328358912,1867.62
GS-000081,price_sensitive,Travel,Monthly,573.9690325402379,48.0,1,0.1,53.83
GS-000082,loyal,Motor,Monthly,1154.6711676646707,11.7,0,0.9557021677662589,1035.02
GS-000083,standard,Motor,Monthly,585.7796852189781,18.3,0,0.9218210586139648,506.46
GS-000084,standard,Motor,Annual,1191.1546990424076,35.2,0,0.9291341574190161,1038.04
GS-000085,standard,Motor,Annual,1126.6438543091656,32.5,0,0.9291341574190161,981.82
GS-000086,price_sensitive,Home,Monthly,444.31517326732677,12.0,1,0.7316260413452642,304.89
GS-000087,loyal,Home,Monthly,656.2,3.3,0,0.9557021677662589,588.2
GS-000088,standard,Motor,Monthly,546.1671326707001,38.4,0,0.9235855666491501,473.12
GS-000089,standard,Motor,Annual,877.3721056955093,72.0,1,0.1,82.29
GS-000090,standard,Travel,Annual,907.3789329685362,31.2,0,0.9291341574190161,790.74
GS-000091,standard,Life,Monthly,931.2375615763547,20.3,0,0.9218210586139648,805.15
GS-000092,standard,Motor,Monthly,412.61223475609756,27.0,0,0.9291341574190161,359.57
GS-000093,loyal,Travel,Monthly,1436.315616197183,14.6,0,0.9872773536895676,1330.01
GS-000094,standard,Motor,Monthly,1139.776841317365,12.0,1,0.9218210586139648,985.45
GS-000095,standard,Motor,Monthly,606.3584821428572,12.0,1,0.9218210586139648,524.26
GS-000096,standard,Home,Annual,975.6377876712329,21.9,0,0.9218210586139648,843.53
GS-000097,price_sensitive,Home,Monthly,438.07688348416286,29.7,0,0.7440728887727786,305.73
GS-000098,standard,Motor,Monthly,765.454124559342,28.0,0,0.9291341574190161,667.06
GS-000099,standard,Motor,Monthly,703.6550246305419,20.1,0,0.9218210586139648,608.38
GS-000100,price_sensitive,Motor,Monthly,445.66,12.0,1,0.7316260413452642,305.82
GS-000101,standard,Motor,Monthly,829.3571272365806,33.3,0,0.9291341574190161,722.75
GS-000102,standard,Life,Monthly,491.7942505656108,29.4,0,0.9291341574190161,428.58
GS-000103,standard,Home,Annual,1227.7,10.9,0,0.8455980328358912,973.7
GS-000104,price_sensitive,Motor,Annual,218.13930821917808,36.0,1,0.1,20.46
GS-000105,standard,Life,Monthly,667.2610948905109,18.1,0,0.9218210586139648,576.91
GS-000106,loyal,Motor,Monthly,825.9002028508771,45.0,0,0.9814241486068109,760.24
GS-000107,standard,Home,Annual,1534.4802945205477,15.1,0,0.9218210586139648,1326.71
GS-000108,loyal,Home,Monthly,675.252814637483,24.6,0,0.9666170727171273,612.19
GS-000109,standard,Pet,Monthly,562.32,3.8,0,0.8455980328358912,445.98
GS-000110,loyal,Home,Monthly,724.442344011142,60.0,1,1.0,679.47
GS-000111,standard,Motor,Annual,562.2150615875912,46.5,0,0.9235855666491501,487.02
GS-000112,standard,Pet,Monthly,975.3835227272726,47.6,0,0.9235855666491501,844.93
GS-000113,loyal,Travel,Monthly,555.3221134411318,65.2,0,1.0,520.85
GS-000114,price_sensitive,Home,Monthly,541.81185,24.0,1,0.7440728887727786,378.12
GS-000115,standard,Home,Monthly,354.00808401639347,8.1,0,0.8455980328358912,280.77
GS-000116,standard,Motor,Monthly,544.8362397540984,12.0,1,0.9218210586139648,471.06
GS-000117,standard,Life,Monthly,549.5,2.1,0,0.8455980328358912,435.81
GS-000118,standard,Motor,Annual,1989.141493150685,24.0,1,0.9291341574190161,1733.45
GS-000119,price_sensitive,Home,Monthly,486.66827032810266,24.0,1,0.7440728887727786,339.64
GS-000120,price_sensitive,Pet,Annual,1313.469020547945,16.3,0,0.7316260413452642,901.31
GS-000121,loyal,Motor,Monthly,1123.8232580543272,52.8,0,0.9615384615384621,1013.52
GS-000122,price_sensitive,Life,Monthly,741.5539356435644,10.9,0,0.5450425521448253,379.09
GS-000123,standard,Motor,Annual,1429.5284589041098,13.5,0,0.9218210586139648,1235.97
GS-000124,price_sensitive,Pet,Annual,844.7682123287672,12.4,0,0.7316260413452642,579.69
GS-000125,loyal,Travel,Annual,1137.4325,52.4,0,0.9615384615384621,1025.79
GS-000126,loyal,Home,Annual,1271.1640128696604,65.3,0,1.0,1192.25
GS-000127,standard,Motor,Monthly,1504.30638986014,47.9,0,0.9246702238031718,1304.64
GS-000128,loyal,Motor,Monthly,1046.88,5.0,0,0.9557021677662589,938.4
GS-000129,standard,Motor,Monthly,734.7248378264533,39.6,0,0.9235855666491501,636.46
GS-000130,price_sensitive,Motor,Monthly,588.7633158682635,12.0,1,0.7316260413452642,404.01
GS-000131,price_sensitive,Travel,Annual,1005.46,12.0,1,0.7316260413452642,689.96
GS-000132,standard,Pet,Monthly,570.7605944055944,47.9,0,0.9246702238031718,495.0
GS-000133,standard,Motor,Monthly,622.5644427480916,43.2,0,0.9235855666491501,539.3
GS-000134,price_sensitive,Life,Monthly,141.57999999999998,1.2,0,0.5450425521448253,72.38
GS-000135,price_sensitive,Travel,Monthly,357.086762295082,6.7,0,0.5450425521448253,182.55
GS-000136,loyal,Motor,Monthly,1212.614324034335,24.0,1,0.9666170727171273,1099.37
GS-000137,standard,Motor,Annual,809.5486313868612,41.9,0,0.9235855666491501,701.27
GS-000138,price_sensitive,Life,Monthly,434.92007462686564,12.0,1,0.7316260413452642,298.45
GS-000139,loyal,Motor,Monthly,2219.3936072198276,61.7,0,1.0,2081.62
GS-000140,price_sensitive,Motor,Monthly,379.76808807439824,30.8,0,0.7440728887727786,265.03
GS-000141,loyal,Home,Monthly,475.07827554744523,36.1,0,0.9814241486068109,437.31
GS-000142,standard,Motor,Annual,1422.3535479452055,17.6,0,0.9218210586139648,1229.76
GS-000143,price_sensitive,Motor,Monthly,568.6644781312127,33.7,0,0.7440728887727786,396.86
GS-000144,standard,Travel,Monthly,768.5462698807156,33.4,0,0.9291341574190161,669.75
GS-000145,loyal,Travel,Annual,1230.0018904109588,13.8,0,0.9872773536895676,1138.97
GS-000146,price_sensitive,Home,Monthly,447.46118852459017,6.8,0,0.5450425521448253,228.75
GS-000147,loyal,Travel,Monthly,668.8666212970376,41.7,0,0.9814241486068109,615.69
GS-000148,standard,Travel,Monthly,561.8660267175572,43.5,0,0.9235855666491501,486.72
GS-000149,standard,Home,Monthly,380.18238028169014,35.4,0,0.9291341574190161,331.31
GS-000150,loyal,Life,Monthly,1086.7484836065573,6.9,0,0.9557021677662589,974.13
GS-000151,standard,Motor,Monthly,492.9376025991792,24.2,0,0.9291341574190161,429.57
GS-000152,price_sensitive,Home,Monthly,215.06947265625,21.7,0,0.7316260413452642,147.58
GS-000153,price_sensitive,Motor,Monthly,272.52506075768406,48.0,1,0.1,25.56
GS-000154,standard,Life,Annual,702.0844493844048,32.5,0,0.9291341574190161,611.84
GS-000155,standard,Motor,Monthly,618.1078649635036,27.3,0,0.9291341574190161,538.65
GS-000156,standard,Home,Monthly,1029.823201357466,29.3,0,0.9291341574190161,897.45
GS-000157,standard,Travel,Annual,577.6346306429548,35.8,0,0.9291341574190161,503.38
GS-000158,price_sensitive,Home,Monthly,340.82797887323943,36.0,1,0.1,31.97
GS-000159,price_sensitive,Travel,Annual,831.8,12.0,1,0.7316260413452642,570.79
GS-000160,standard,Home,Annual,680.9213115875912,47.2,0,0.9235855666491501,589.85
GS-000161,standard,Motor,Monthly,776.9873577844311,12.0,1,0.9218210586139648,671.78
GS-000162,standard,Travel,Monthly,934.0117487046632,19.5,0,0.9218210586139648,807.54
GS-000163,standard,Motor,Monthly,641.6597704081634,58.3,0,0.942307692307692,567.11
GS-000164,standard,Home,Monthly,489.67494525547437,36.3,0,0.9235855666491501,424.18
GS-000165,standard,Travel,Monthly,716.5246042471042,17.7,0,0.9218210586139648,619.51
GS-000166,standard,Motor,Annual,1068.5,3.1,0,0.8455980328358912,847.43
GS-000167,standard,Home,Monthly,555.584690140845,36.0,1,0.9235855666491501,481.28
GS-000168,standard,Motor,Monthly,286.7025,48.1,0,0.942307692307692,253.39
GS-000169,standard,Life,Annual,1656.2536438356162,20.3,0,0.9218210586139648,1431.99
GS-000170,standard,Home,Monthly,696.0882321428571,23.0,0,0.9218210586139648,601.84
GS-000171,loyal,Home,Monthly,999.9404279279279,11.0,0,0.9557021677662589,896.32
GS-000172,standard,Motor,Monthly,689.3,5.8,0,0.8455980328358912,546.69
GS-000173,price_sensitive,Travel,Monthly,313.88,12.0,1,0.7316260413452642,215.39
GS-000174,standard,Motor,Monthly,1136.9293285714286,24.0,1,0.9291341574190161,990.78
GS-000175,standard,Motor,Monthly,1110.7565571428572,23.0,0,0.9218210586139648,960.36
GS-000176,standard,Home,Annual,553.89,57.9,0,0.942307692307692,489.53
GS-000177,standard,Pet,Annual,784.4669383561644,20.6,0,0.9218210586139648,678.25
GS-000178,standard,Motor,Monthly,1304.8829640718561,12.0,1,0.9218210586139648,1128.2
GS-000179,standard,Pet,Monthly,611.0167768389662,33.3,0,0.9291341574190161,532.47
GS-000180,price_sensitive,Life,Annual,560.3721487226277,48.0,1,0.1,52.56
GS-000181,standard,Motor,Monthly,601.0833663366336,10.6,0,0.8455980328358912,476.72
GS-000182,standard,Home,Monthly,649.6142948717949,24.0,1,0.9291341574190161,566.11
GS-000183,loyal,Life,Monthly,1050.36,5.2,0,0.9557021677662589,941.52
GS-000184,standard,Home,Monthly,967.2925,48.1,0,0.942307692307692,854.9
GS-000185,price_sensitive,Motor,Monthly,424.7703169014085,14.2,0,0.7316260413452642,291.48
GS-000186,standard,Pet,Monthly,855.9815584415585,38.0,0,0.9235855666491501,741.5
GS-000187,standard,Home,Monthly,657.6298276805252,30.7,0,0.9291341574190161,573.1
GS-000188,loyal,Home,Monthly,632.0486066195048,65.8,0,1.0,592.81
GS-000189,loyal,Home,Monthly,831.0565685328185,17.2,0,0.9872773536895676,769.55
GS-000190,standard,Life,Monthly,669.5748357461024,60.0,1,0.1,62.8
GS-000191,standard,Home,Monthly,559.2345226917058,72.0,1,0.1,52.45
GS-000192,loyal,Home,Monthly,917.4306843065693,18.3,0,0.9872773536895676,849.53
GS-000193,loyal,Home,Monthly,1242.227844827586,20.9,0,0.9872773536895676,1150.29
GS-000194,standard,Motor,Annual,917.5969391244869,31.5,0,0.9291341574190161,799.65
GS-000195,standard,Travel,Monthly,747.4830314371256,11.9,1,0.8477989003090736,594.38
GS-000196,price_sensitive,Life,Monthly,377.83547142857145,24.0,1,0.7440728887727786,263.69
GS-000197,loyal,Motor,Monthly,1149.1037335526314,15.0,0,0.9872773536895676,1064.06
GS-000198,standard,Motor,Annual,1167.075,52.5,0,0.942307692307692,1031.48
GS-000199,standard,Travel,Monthly,494.84629616963065,24.3,0,0.9291341574190161,431.24
GS-000200,standard,Home,Monthly,753.4229050632912,13.7,0,0.9218210586139648,651.41
GS-000201,loyal,Motor,Monthly,788.0696035528596,37.9,0,0.9814241486068109,725.42
GS-000202,price_sensitive,Pet,Monthly,534.8218032786885,6.7,0,0.5450425521448253,273.41
GS-000203,price_sensitive,Life,Monthly,317.2211858974359,24.0,1,0.7440728887727786,221.38
GS-000204,standard,Motor,Monthly,627.6776961483595,23.9,1,0.9225049803057674,543.09
GS-000205,standard,Motor,Annual,1397.98,6.5,0,0.8455980328358912,1108.75
GS-000206,standard,Travel,Monthly,526.3743134328358,12.0,1,0.9218210586139648,455.1
GS-000207,loyal,Pet,Monthly,1103.4693134328359,12.0,1,0.9872773536895676,1021.8
GS-000208,loyal,Motor,Monthly,883.0064720248668,37.5,0,0.9814241486068109,812.81
GS-000209,standard,Home,Monthly,520.43378248974,24.4,0,0.9291341574190161,453.54
GS-000210,standard,Motor,Monthly,877.9527777777778,31.6,0,0.9291341574190161,765.1
GS-000211,standard,Home,Monthly,483.9378616852146,72.0,1,0.1,45.39
GS-000212,price_sensitive,Home,Monthly,513.873830472103,24.0,1,0.7440728887727786,358.62
GS-000213,standard,Travel,Monthly,622.6702738654147,72.0,1,0.1,58.4
GS-000214,price_sensitive,Motor,Monthly,583.84,12.0,1,0.7316260413452642,400.64
GS-000215,loyal,Home,Monthly,738.8703125,26.9,0,0.9666170727171273,669.87
GS-000216,loyal,Motor,Monthly,835.7096632124352,19.6,0,0.9872773536895676,773.86
GS-000217,price_sensitive,Life,Monthly,616.979881974249,24.0,1,0.7440728887727786,430.58
GS-000218,price_sensitive,Travel,Monthly,269.89013513513515,12.0,1,0.7316260413452642,185.2
GS-000219,loyal,Home,Monthly,855.0418534482758,40.5,0,0.9814241486068109,787.07
GS-000220,loyal,Motor,Annual,2804.12,3.8,0,0.9557021677662589,2513.54
GS-000221,standard,Travel,Annual,1373.08,12.0,1,0.9218210586139648,1187.16
GS-000222,standard,Pet,Annual,1285.0704172366623,34.5,0,0.9291341574190161,1119.88
GS-000223,price_sensitive,Motor,Annual,375.7442723540146,48.0,1,0.1,35.24
GS-000224,standard,Pet,Monthly,616.4506875000001,21.1,0,0.9218210586139648,532.98
GS-000225,standard,Travel,Annual,709.9,12.0,1,0.9218210586139648,613.78
GS-000226,standard,Home,Monthly,606.2844056056701,51.9,0,0.942307692307692,535.84
GS-000227,standard,Home,Monthly,389.82851538461546,32.1,0,0.9291341574190161,339.72
GS-000228,standard,Motor,Annual,1486.3773698630139,15.0,0,0.9218210586139648,1285.12
GS-000229,standard,Travel,Annual,656.3618510405257,72.0,1,0.1,61.56
GS-000230,loyal,Life,Monthly,659.7,4.1,0,0.9557021677662589,591.34
GS-000231,standard,Motor,Annual,1587.44,5.5,0,0.8455980328358912,1259.01
GS-000232,standard,Motor,Monthly,476.22,5.7,0,0.8455980328358912,377.69
GS-000233,standard,Home,Monthly,386.15196564885497,12.9,0,0.9218210586139648,333.87
GS-000234,loyal,Home,Annual,2064.033091864717,40.0,0,0.9814241486068109,1899.94
GS-000235,price_sensitive,Home,Monthly,360.6598432835821,12.0,1,0.7316260413452642,247.49
GS-000236,standard,Motor,Monthly,587.1688306451613,57.9,0,0.942307692307692,518.95
GS-000237,price_sensitive,Home,Monthly,499.80680871212115,26.7,0,0.7440728887727786,348.81
GS-000238,price_sensitive,Motor,Monthly,633.782009312321,23.9,1,0.7250996015936263,431.03
GS-000239,price_sensitive,Motor,Monthly,505.97771300448426,22.3,0,0.7316260413452642,347.21
GS-000240,price_sensitive,Motor,Monthly,374.9846717724289,48.0,1,0.1,35.17
GS-000241,standard,Motor,Monthly,508.81939115308154,33.7,0,0.9291341574190161,443.41
GS-000242,price_sensitive,Home,Monthly,259.3118687589158,24.0,1,0.7440728887727786,180.97
GS-000243,price_sensitive,Home,Monthly,765.4799215246636,22.4,0,0.7316260413452642,525.28
GS-000244,standard,Motor,Monthly,476.71738161559887,59.6,0,0.942307692307692,421.33
GS-000245,loyal,Motor,Monthly,734.6413446969697,26.6,0,0.9666170727171273,666.04
GS-000246,price_sensitive,Life,Monthly,514.8056586826347,12.0,1,0.7316260413452642,353.26
GS-000247,price_sensitive,Motor,Monthly,608.1466691394659,12.0,1,0.7316260413452642,417.32
GS-000248,price_sensitive,Home,Monthly,209.28324657534245,12.3,0,0.7316260413452642,143.61
GS-000249,loyal,Motor,Annual,915.7275,56.7,0,0.9615384615384621,825.85
GS-000250,price_sensitive,Motor,Monthly,320.2145544554455,10.7,0,0.5450425521448253,163.7
GS-000251,loyal,Life,Monthly,960.3887874251496,12.0,1,0.9872773536895676,889.31
GS-000252,standard,Pet,Annual,946.9507623626373,16.0,0,0.9218210586139648,818.73
GS-000253,loyal,Home,Monthly,690.6374076246335,56.3,0,0.9615384615384621,622.85
GS-000254,standard,Motor,Monthly,520.9365239887112,35.9,1,0.926048510999967,452.47
GS-000255,standard,Travel,Monthly,796.12,4.0,0,0.8455980328358912,631.41
GS-000256,loyal,Home,Monthly,1522.3287954545453,47.6,0,0.9814241486068109,1401.3
GS-000257,loyal,Motor,Monthly,944.12329595186,30.9,0,0.9666170727171273,855.95
GS-000258,standard,Motor,Monthly,1362.3692181818183,9.8,0,0.8455980328358912,1080.5
GS-000259,standard,Life,Annual,1417.470205479452,15.7,0,0.9218210586139648,1225.54
GS-000260,price_sensitive,Travel,Monthly,435.82,5.4,0,0.5450425521448253,222.79
GS-000261,loyal,Motor,Monthly,1108.8816071428573,58.1,0,0.9615384615384621,1000.04
GS-000262,loyal,Motor,Monthly,582.94,2.3,0,0.9557021677662589,522.53
GS-000263,loyal,Home,Monthly,1491.300841836735,58.2,0,0.9615384615384621,1344.93
GS-000264,standard,Motor,Monthly,1041.5639595808384,12.0,1,0.9218210586139648,900.53
GS-000265,loyal,Home,Monthly,895.7361527377521,57.0,0,0.9615384615384621,807.82
GS-000266,standard,Motor,Monthly,744.373073313783,56.1,0,0.942307692307692,657.89
GS-000267,price_sensitive,Home,Annual,445.95023630136984,36.0,1,0.1,41.83
GS-000268,loyal,Travel,Monthly,559.72,4.1,0,0.9557021677662589,501.72
GS-000269,standard,Motor,Monthly,510.09245065789474,15.8,0,0.9218210586139648,441.02
GS-000270,loyal,Home,Monthly,927.8231891348089,49.3,0,0.9615384615384621,836.76
GS-000271,loyal,Home,Monthly,300.84,2.9,0,0.9557021677662589,269.67
GS-000272,standard,Motor,Monthly,965.6024028884461,71.9,1,0.1,90.57
GS-000273,loyal,Travel,Monthly,2444.7035479041915,11.0,0,0.9557021677662589,2191.37
GS-000274,price_sensitive,Motor,Monthly,441.5402892857143,24.0,1,0.7440728887727786,308.14
GS-000275,standard,Home,Monthly,890.3568613138685,18.6,0,0.9218210586139648,769.8
GS-000276,standard,Home,Monthly,432.2356503889369,38.5,0,0.9235855666491501,374.43
GS-000277,standard,Travel,Annual,1752.92,6.2,0,0.8455980328358912,1390.25
GS-000278,loyal,Motor,Monthly,1071.0538821428572,23.7,0,0.9872773536895676,991.79
GS-000279,price_sensitive,Motor,Monthly,579.3368038922155,12.0,1,0.7316260413452642,397.55
GS-000280,loyal,Home,Monthly,1324.9575739159002,50.6,0,0.9615384615384621,1194.91
GS-000281,standard,Pet,Annual,746.3050000000001,48.8,0,0.942307692307692,659.59
GS-000282,loyal,Home,Monthly,1589.2890818181816,10.0,0,0.9557021677662589,1424.6
GS-000283,standard,Travel,Monthly,694.6836940298507,12.0,1,0.9218210586139648,600.62
GS-000284,standard,Motor,Monthly,494.68911267605637,36.0,1,0.9235855666491501,428.53
GS-000285,standard,Motor,Annual,513.1375,57.5,0,0.942307692307692,453.52
GS-000286,standard,Motor,Monthly,784.4941290983606,8.6,0,0.8455980328358912,622.19
GS-000287,standard,Travel,Annual,1161.14,12.0,1,0.9218210586139648,1003.92
GS-000288,standard,Motor,Monthly,572.998101687389,37.8,0,0.9235855666491501,496.36
GS-000289,standard,Home,Monthly,912.7495093457944,7.5,0,0.8455980328358912,723.91
GS-000290,price_sensitive,Travel,Monthly,388.0064620253165,13.4,0,0.7316260413452642,266.25
GS-000291,standard,Home,Monthly,479.8549635036497,27.7,0,0.9291341574190161,418.17
GS-000292,price_sensitive,Travel,Annual,1471.94,12.0,1,0.7316260413452642,1010.06
GS-000293,loyal,Travel,Monthly,875.8111971830987,14.4,0,0.9872773536895676,810.99
GS-000294,price_sensitive,Travel,Annual,489.18,12.0,1,0.7316260413452642,335.68
GS-000295,standard,Pet,Monthly,1131.2570901639344,6.7,0,0.8455980328358912,897.21
GS-000296,standard,Life,Annual,1383.58,12.0,1,0.9218210586139648,1196.24
GS-000297,loyal,Home,Monthly,969.8483935272046,36.0,1,0.9814241486068109,892.75
GS-000298,standard,Pet,Monthly,1037.9739149443562,72.0,1,0.1,97.35
GS-000299,standard,Home,Annual,1012.52,10.7,0,0.8455980328358912,803.04
GS-000300,standard,Motor,Monthly,492.74849550898205,11.1,0,0.8455980328358912,390.8
GS-000301,standard,Motor,Monthly,715.9394217139176,51.5,0,0.942307692307692,632.76
GS-000302,price_sensitive,Pet,Monthly,452.8118731343284,12.0,1,0.7316260413452642,310.72
GS-000303,standard,Motor,Monthly,1285.0367238805968,12.0,1,0.9218210586139648,1111.04
GS-000304,price_sensitive,Home,Annual,792.86,12.0,1,0.7316260413452642,544.07
GS-000305,standard,Home,Monthly,974.6630334394904,31.0,0,0.9291341574190161,849.38
GS-000306,loyal,Travel,Monthly,958.3271203374777,37.8,0,0.9814241486068109,882.14
GS-000307,loyal,Life,Monthly,1125.0846524663677,22.8,0,0.9872773536895676,1041.82
GS-000308,standard,Motor,Monthly,1001.2911321428572,23.5,0,0.9218210586139648,865.71
GS-000309,loyal,Home,Monthly,977.4810211267605,14.7,0,0.9872773536895676,905.14
GS-000310,standard,Motor,Annual,2728.9,5.9,0,0.8455980328358912,2164.31
GS-000311,price_sensitive,Home,Annual,302.5209785583941,48.0,1,0.1,28.37
GS-000312,standard,Life,Monthly,914.6653219696968,26.8,0,0.9291341574190161,797.09
GS-000313,standard,Motor,Annual,1037.3700410958902,16.4,0,0.9218210586139648,896.91
GS-000314,standard,Home,Monthly,496.6560804157549,30.1,0,0.9291341574190161,432.81
GS-000315,standard,Motor,Monthly,329.42,12.0,1,0.9218210586139648,284.82
GS-000316,standard,Home,Monthly,890.9940886699507,20.4,0,0.9218210586139648,770.35
GS-000317,loyal,Motor,Monthly,1347.9253699551568,22.3,0,0.9872773536895676,1248.17
GS-000318,loyal,Life,Monthly,909.0280004003203,41.7,0,0.9814241486068109,836.76
GS-000319,standard,Travel,Monthly,710.8084781121751,24.7,0,0.9291341574190161,619.44
GS-000320,standard,Travel,Annual,1084.6825250912407,39.2,0,0.9235855666491501,939.61
GS-000321,standard,Home,Annual,1661.16,11.9,0,0.8477989003090736,1320.9
GS-000322,price_sensitive,Travel,Monthly,329.5904376208897,34.8,0,0.7440728887727786,230.02
GS-000323,loyal,Motor,Monthly,918.5982985074627,12.0,1,0.9872773536895676,850.61
GS-000324,price_sensitive,Motor,Annual,681.9517705479452,36.0,1,0.1,63.96
GS-000325,standard,Motor,Monthly,944.651292857143,24.0,1,0.9291341574190161,823.22
GS-000326,loyal,Life,Monthly,552.4738378176382,66.0,0,0.8606758327798867,445.98
GS-000327,standard,Motor,Monthly,693.7344161676647,12.0,1,0.9218210586139648,599.8
GS-000328,standard,Life,Monthly,1071.0330352112676,36.0,1,0.9235855666491501,927.78
GS-000329,standard,Motor,Annual,1256.54,7.9,0,0.8455980328358912,996.57
GS-000330,price_sensitive,Motor,Monthly,458.46180000000004,24.0,1,0.7440728887727786,319.95
GS-000331,loyal,Home,Monthly,1021.5062978889758,42.4,0,0.9814241486068109,940.3
GS-000332,standard,Home,Monthly,384.8966487556561,29.5,0,0.9291341574190161,335.42
GS-000333,standard,Motor,Annual,1332.4629787961696,34.8,0,0.9291341574190161,1161.18
GS-000334,standard,Motor,Monthly,502.625,48.8,0,0.942307692307692,444.23
GS-000335,standard,Motor,Monthly,594.8186065573772,8.6,0,0.8455980328358912,471.75
GS-000336,standard,Pet,Monthly,631.0132974683545,13.5,0,0.9218210586139648,545.57
GS-000337,loyal,Pet,Monthly,421.25500000000005,32.1,0,0.9666170727171273,381.92
GS-000338,loyal,Life,Monthly,840.8676246334311,56.6,0,0.9615384615384621,758.34
GS-000339,price_sensitive,Motor,Monthly,370.7300262054507,48.0,1,0.1,34.77
GS-000340,standard,Motor,Annual,1093.6185410958904,13.0,0,0.9218210586139648,945.54
GS-000341,standard,Home,Monthly,952.8682867132867,48.0,1,0.942307692307692,842.16
GS-000342,standard,Motor,Monthly,907.6708183856501,22.7,0,0.9218210586139648,784.77
GS-000343,standard,Home,Monthly,568.5153403755869,72.0,1,0.1,53.32
GS-000344,price_sensitive,Motor,Annual,478.7574361313868,48.0,1,0.1,44.9
GS-000345,standard,Life,Annual,811.1270372398685,72.0,1,0.1,76.08
GS-000346,price_sensitive,Home,Monthly,437.71969626168226,7.7,0,0.5450425521448253,223.77
GS-000347,price_sensitive,Home,Monthly,267.06646039603964,12.0,1,0.7316260413452642,183.26
GS-000348,standard,Home,Annual,937.3515821917808,20.6,0,0.9218210586139648,810.43
GS-000349,standard,Motor,Monthly,821.7805306345733,30.3,0,0.9291341574190161,716.15
GS-000350,loyal,Motor,Annual,1353.0975,59.3,0,0.9615384615384621,1220.29
GS-000351,price_sensitive,Travel,Annual,368.16,1.6,0,0.5450425521448253,188.21
GS-000352,loyal,Life,Monthly,691.0851098901098,21.0,0,0.9872773536895676,639.94
GS-000353,loyal,Life,Annual,1426.7424999999998,52.7,0,0.9615384615384621,1286.71
GS-000354,standard,Travel,Monthly,415.64353466761975,46.5,0,0.9235855666491501,360.05
GS-000355,standard,Pet,Annual,787.4675,58.6,0,0.942307692307692,695.97
GS-000356,price_sensitive,Home,Monthly,540.3410373134328,12.0,1,0.7316260413452642,370.79
GS-000357,loyal,Home,Monthly,586.434661508704,17.0,0,0.9872773536895676,543.03
GS-000358,standard,Motor,Annual,1198.0900479452055,24.0,1,0.9291341574190161,1044.08
GS-000359,standard,Home,Monthly,716.6260763358778,43.5,0,0.9235855666491501,620.78
GS-000360,loyal,Motor,Monthly,1358.5208715986396,58.0,0,0.9615384615384621,1225.18
GS-000361,standard,Motor,Monthly,767.1065932982917,25.5,0,0.9291341574190161,668.5
GS-000362,standard,Home,Monthly,488.055,48.8,0,0.942307692307692,431.35
GS-000363,standard,Motor,Monthly,1192.484596259124,36.5,0,0.9235855666491501,1032.99
GS-000364,price_sensitive,Life,Monthly,296.2232014925373,12.0,1,0.7316260413452642,203.27
GS-000365,loyal,Motor,Monthly,621.6400978915663,10.9,0,0.9557021677662589,557.22
GS-000366,standard,Pet,Monthly,724.94,5.8,0,0.8455980328358912,574.95
GS-000367,loyal,Pet,Monthly,976.0528923076923,32.4,0,0.9666170727171273,884.9
GS-000368,standard,Motor,Annual,1336.391763229927,41.2,0,0.9235855666491501,1157.65
GS-000369,price_sensitive,Motor,Monthly,402.0358928571428,12.0,1,0.7316260413452642,275.88
GS-000370,price_sensitive,Pet,Annual,551.04,12.0,1,0.7316260413452642,378.13
GS-000371,loyal,Home,Monthly,279.04,2.1,0,0.9557021677662589,250.12
GS-000372,standard,Home,Annual,908.4642230347349,41.0,0,0.9235855666491501,786.96
GS-000373,standard,Motor,Monthly,500.75804243394714,41.9,0,0.9235855666491501,433.78
GS-000374,standard,Motor,Monthly,838.3,4.0,0,0.8455980328358912,664.86
GS-000375,standard,Motor,Monthly,962.3589036885246,8.3,0,0.8455980328358912,763.25
GS-000376,loyal,Pet,Annual,1375.2012739726026,14.8,0,0.9872773536895676,1273.42
GS-000377,standard,Travel,Monthly,744.8097197309417,22.3,0,0.9218210586139648,643.96
GS-000378,standard,Home,Monthly,907.2880184147318,41.8,0,0.9235855666491501,785.94
GS-000379,standard,Motor,Monthly,1075.4213047445255,18.9,0,0.9218210586139648,929.81
GS-000380,loyal,Motor,Monthly,1058.624823943662,49.0,0,0.9615384615384621,954.72
GS-000381,standard,Motor,Monthly,735.54,5.1,0,0.8455980328358912,583.36
GS-000382,price_sensitive,Home,Annual,658.88,12.0,1,0.7316260413452642,452.13
GS-000383,loyal,Home,Monthly,801.9478973843059,49.1,0,0.9615384615384621,723.24
GS-000384,standard,Pet,Monthly,743.4684269662921,38.7,0,0.9235855666491501,644.03
GS-000385,price_sensitive,Travel,Annual,801.48,12.0,1,0.7316260413452642,549.98
GS-000386,standard,Travel,Monthly,1454.9525973053892,12.0,1,0.9218210586139648,1257.95
GS-000387,standard,Travel,Monthly,531.8333266423358,45.0,0,0.9235855666491501,460.7
GS-000388,standard,Home,Monthly,1162.206212871287,12.0,1,0.9218210586139648,1004.84
GS-000389,loyal,Travel,Annual,861.84,54.3,0,0.9615384615384621,777.25
GS-000390,loyal,Home,Monthly,708.5886307157058,33.7,0,0.9666170727171273,642.42
GS-000391,standard,Motor,Monthly,541.5131225361366,50.1,0,0.942307692307692,478.6
GS-000392,price_sensitive,Motor,Monthly,657.5705445544555,10.0,0,0.5450425521448253,336.16
GS-000393,price_sensitive,Pet,Monthly,505.37516417910444,12.0,1,0.7316260413452642,346.79
GS-000394,standard,Travel,Monthly,967.4324342825848,72.0,1,0.1,90.74
GS-000395,price_sensitive,Motor,Monthly,109.92,1.4,0,0.5450425521448253,56.19
GS-000396,standard,Motor,Monthly,637.1457436131386,54.8,0,0.942307692307692,563.12
GS-000397,standard,Home,Monthly,651.0704883945841,34.2,0,0.9291341574190161,567.38
GS-000398,standard,Life,Monthly,338.8191818181818,9.2,0,0.8455980328358912,268.72
GS-000399,standard,Home,Annual,1034.58,12.0,1,0.9218210586139648,894.5
GS-000400,loyal,Motor,Monthly,855.2921501314062,50.4,0,0.9615384615384621,771.34
GS-000401,standard,Travel,Monthly,734.6579671618452,42.2,0,0.9235855666491501,636.4
GS-000402,price_sensitive,Travel,Annual,919.18,10.2,0,0.5450425521448253,469.89
GS-000403,standard,Pet,Annual,829.9169528043777,33.9,0,0.9291341574190161,723.24
GS-000404,standard,Motor,Monthly,808.9228463273197,51.2,0,0.942307692307692,714.94
GS-000405,standard,Pet,Monthly,780.146450729927,27.1,0,0.9291341574190161,679.86
GS-000406,price_sensitive,Home,Annual,439.03316605839416,48.0,1,0.1,41.18
GS-000407,standard,Travel,Annual,1502.18,12.0,1,0.9218210586139648,1298.78
GS-000408,standard,Home,Monthly,1191.81645703125,21.7,0,0.9218210586139648,1030.44
GS-000409,standard,Life,Annual,2241.62,12.0,1,0.9218210586139648,1938.1
GS-000410,loyal,Home,Annual,1802.9440479452055,13.5,0,0.9872773536895676,1669.51
GS-000411,standard,Motor,Monthly,567.6207922535211,14.3,0,0.9218210586139648,490.76
GS-000412,price_sensitive,Motor,Monthly,282.8768018018018,12.0,1,0.7316260413452642,194.11
GS-000413,loyal,Motor,Annual,3119.5952465753426,24.0,1,0.9666170727171273,2828.26
GS-000414,price_sensitive,Motor,Monthly,451.6925,12.0,1,0.7316260413452642,309.96
GS-000415,standard,Home,Monthly,484.2214315068493,12.3,0,0.9218210586139648,418.66
GS-000416,loyal,Travel,Monthly,954.9041126760565,35.8,0,0.9666170727171273,865.73
GS-000417,price_sensitive,Travel,Monthly,265.76,3.3,0,0.5450425521448253,135.86
GS-000418,price_sensitive,Motor,Monthly,459.66903587443943,22.5,0,0.7316260413452642,315.43
GS-000419,standard,Motor,Monthly,523.5627253521127,36.0,1,0.9235855666491501,453.54
GS-000420,loyal,Home,Monthly,429.8065746268657,12.0,1,0.9872773536895676,398.0
GS-000421,price_sensitive,Motor,Monthly,592.792176056338,36.0,1,0.1,55.6
GS-000422,loyal,Travel,Annual,1301.1594049247606,30.2,0,0.9666170727171273,1179.65
GS-000423,price_sensitive,Motor,Monthly,253.86683168316833,12.0,1,0.7316260413452642,174.21
GS-000424,price_sensitive,Pet,Monthly,566.3440401785715,12.0,1,0.7316260413452642,388.63
GS-000425,standard,Travel,Monthly,420.1919760338346,36.0,1,0.9235855666491501,363.99
GS-000426,loyal,Motor,Monthly,554.5731230769231,32.3,0,0.9666170727171273,502.78
GS-000427,standard,Home,Monthly,677.7610978112175,24.2,0,0.9291341574190161,590.64
GS-000428,loyal,Home,Monthly,972.48,48.4,0,0.9615384615384621,877.03
GS-000429,loyal,Home,Monthly,745.5363035190617,56.6,0,0.9615384615384621,672.36
GS-000430,price_sensitive,Motor,Monthly,415.839224137931,20.8,0,0.7316260413452642,285.35
GS-000431,standard,Home,Monthly,907.0236647727272,26.6,0,0.9291341574190161,790.43
GS-000432,standard,Life,Monthly,459.6561475409836,6.4,0,0.8455980328358912,364.56
GS-000433,price_sensitive,Home,Monthly,384.2866119402985,12.0,1,0.7316260413452642,263.7
GS-000434,price_sensitive,Life,Annual,635.9142213114754,24.0,1,0.7440728887727786,443.79
GS-000435,standard,Travel,Monthly,1078.3586126760563,36.0,1,0.9235855666491501,934.13
GS-000436,standard,Home,Annual,894.9325479452054,24.0,1,0.9291341574190161,779.89
GS-000437,standard,Motor,Monthly,920.4229352030947,34.5,0,0.9291341574190161,802.11
GS-000438,loyal,Home,Annual,809.5658823529412,24.4,0,0.9666170727171273,733.96
GS-000439,standard,Motor,Monthly,763.8849402985074,12.0,1,0.9218210586139648,660.45
GS-000440,price_sensitive,Motor,Monthly,567.3207042253522,36.0,1,0.1,53.21
GS-000441,standard,Home,Monthly,669.7929310344828,20.9,0,0.9218210586139648,579.1
GS-000442,standard,Motor,Monthly,717.7676936619719,14.8,0,0.9218210586139648,620.58
GS-000443,standard,Motor,Annual,2666.54,6.9,0,0.8455980328358912,2114.85
GS-000444,standard,Travel,Monthly,446.0315693430657,36.3,0,0.9235855666491501,386.38
GS-000445,standard,Motor,Annual,651.7846259124087,43.5,0,0.9235855666491501,564.61
GS-000446,standard,Pet,Monthly,462.07405688622754,12.0,1,0.9218210586139648,399.51
GS-000447,standard,Motor,Monthly,1194.1526470588235,24.1,0,0.9291341574190161,1040.65
GS-000448,price_sensitive,Pet,Monthly,681.0841309012876,24.0,1,0.7440728887727786,475.32
GS-000449,loyal,Home,Monthly,1299.972084139265,51.0,0,0.9615384615384621,1172.38
GS-000450,standard,Travel,Monthly,637.0955778556034,72.0,1,0.1,59.75
GS-000451,loyal,Pet,Monthly,1445.7772522388059,55.4,0,0.9615384615384621,1303.87
GS-000452,standard,Home,Monthly,941.98,6.0,0,0.8455980328358912,747.09
GS-000453,standard,Home,Monthly,663.2607954545455,48.0,1,0.942307692307692,586.2
GS-000454,standard,Life,Monthly,510.88554378137206,58.9,0,0.942307692307692,451.53
GS-000455,price_sensitive,Travel,Monthly,94.2,1.1,0,0.5450425521448253,48.16
GS-000456,loyal,Motor,Annual,1461.9197901459854,45.6,0,0.9814241486068109,1345.7
GS-000457,loyal,Life,Monthly,947.2198738991193,41.8,0,0.9814241486068109,871.92
GS-000458,standard,Home,Annual,1183.8903287671233,14.1,0,0.9218210586139648,1023.59
GS-000459,standard,Motor,Annual,251.26,55.1,0,0.942307692307692,222.07
GS-000460,price_sensitive,Home,Monthly,307.627723880597,12.0,1,0.7316260413452642,211.1
GS-000461,price_sensitive,Pet,Monthly,487.4210046728972,7.4,0,0.5450425521448253,249.17
GS-000462,standard,Pet,Monthly,539.1618072289157,72.0,1,0.1,50.57
GS-000463,price_sensitive,Pet,Monthly,518.9502619760478,12.0,1,0.7316260413452642,356.11
GS-000464,standard,Travel,Annual,999.3210020519836,36.0,1,0.9235855666491501,865.66
GS-000465,standard,Motor,Monthly,511.96353645461045,46.3,0,0.9235855666491501,443.49
GS-000466,price_sensitive,Motor,Monthly,299.17454963971176,48.0,1,0.1,28.06
GS-000467,standard,Life,Monthly,1296.218360655738,8.4,0,0.8455980328358912,1028.04
GS-000468,price_sensitive,Motor,Monthly,341.7258566433567,48.0,1,0.1,32.05
GS-000469,standard,Home,Monthly,909.3438908450704,14.6,0,0.9218210586139648,786.22
GS-000470,standard,Motor,Monthly,739.9630419847329,43.3,0,0.9235855666491501,640.99
GS-000471,price_sensitive,Travel,Monthly,480.0898178571429,24.0,1,0.7440728887727786,335.05
GS-000472,standard,Motor,Annual,701.9395485636115,32.6,0,0.9291341574190161,611.71
GS-000473,standard,Motor,Monthly,934.9640727571116,30.2,0,0.9291341574190161,814.78
GS-000474,standard,Life,Annual,1252.882551369863,36.0,1,0.9235855666491501,1085.31
GS-000475,loyal,Travel,Monthly,744.5908076540755,33.8,0,0.9666170727171273,675.06
GS-000476,standard,Motor,Monthly,677.9588732394367,14.8,0,0.9218210586139648,586.16
GS-000477,standard,Motor,Monthly,969.0089165145985,36.1,0,0.9235855666491501,839.41
GS-000478,price_sensitive,Home,Annual,1352.02,12.0,1,0.7316260413452642,927.77
GS-000479,price_sensitive,Motor,Monthly,401.04868025751074,24.0,1,0.7440728887727786,279.89
GS-000480,standard,Home,Monthly,719.5249539631704,41.4,0,0.9235855666491501,623.29
GS-000481,loyal,Motor,Annual,989.9274316005473,27.2,0,0.9666170727171273,897.48
GS-000482,price_sensitive,Motor,Annual,1424.98,4.0,0,0.5450425521448253,728.46
GS-000483,standard,Pet,Monthly,1101.062230941704,22.1,0,0.9218210586139648,951.98
GS-000484,price_sensitive,Home,Annual,861.1305882352941,24.4,0,0.7440728887727786,600.97
GS-000485,price_sensitive,Travel,Monthly,395.9768069306931,10.8,0,0.5450425521448253,202.43
GS-000486,standard,Life,Monthly,623.9481144067797,35.9,1,0.926048510999967,541.94
GS-000487,price_sensitive,Motor,Monthly,752.6548656716417,12.0,1,0.7316260413452642,516.48
GS-000488,price_sensitive,Pet,Annual,689.790679945055,23.9,1,0.7250996015936263,469.12
GS-000489,standard,Pet,Monthly,780.3374013157894,15.2,0,0.9218210586139648,674.68
GS-000490,standard,Motor,Monthly,460.73821395985397,36.1,0,0.9235855666491501,399.12
GS-000491,price_sensitive,Pet,Annual,971.56,12.0,1,0.7316260413452642,666.69
GS-000492,loyal,Motor,Annual,3191.92,11.2,0,0.9557021677662589,2861.16
GS-000493,standard,Travel,Annual,1264.0747879616963,36.0,1,0.9235855666491501,1095.01
GS-000494,price_sensitive,Motor,Annual,672.1103099173554,16.0,0,0.7316260413452642,461.21
GS-000495,loyal,Motor,Monthly,536.6944465648855,43.5,0,0.9814241486068109,494.03
GS-000496,loyal,Motor,Annual,1061.18,11.8,0,0.9557021677662589,951.22
GS-000497,price_sensitive,Home,Monthly,278.6,2.6,0,0.5450425521448253,142.42
GS-000498,price_sensitive,Life,Monthly,330.4990714285714,24.0,1,0.7440728887727786,230.65
GS-000499,loyal,Motor,Monthly,642.075,48.9,0,0.9615384615384621,579.05
GS-000500,price_sensitive,Motor,Annual,669.32,12.0,1,0.7316260413452642,459.29
GS-000501,price_sensitive,Life,Annual,515.1158074817519,48.0,1,0.1,48.31
GS-000502,standard,Motor,Annual,940.555,51.7,0,0.942307692307692,831.27
GS-000503,price_sensitive,Motor,Monthly,321.6925746268657,12.0,1,0.7316260413452642,220.75
GS-000504,price_sensitive,Motor,Monthly,354.62454545454545,34.7,0,0.7440728887727786,247.49
GS-000505,price_sensitive,Travel,Annual,526.4903630136986,24.0,1,0.7440728887727786,367.43
GS-000506,standard,Motor,Annual,1558.44,12.0,1,0.9218210586139648,1347.42
GS-000507,loyal,Motor,Monthly,1134.3636652078774,45.6,0,0.9814241486068109,1044.18
GS-000508,standard,Home,Monthly,755.327642113691,41.6,0,0.9235855666491501,654.3
GS-000509,standard,Home,Monthly,682.8653125,15.8,0,0.9218210586139648,590.4
GS-000510,standard,Home,Monthly,320.34503008752733,30.4,0,0.9291341574190161,279.17
GS-000511,loyal,Home,Monthly,564.3436139240507,13.4,0,0.9872773536895676,522.58
GS-000512,standard,Pet,Monthly,623.0430380639098,36.0,1,0.9235855666491501,539.71
GS-000513,standard,Home,Monthly,406.1978454545454,9.7,0,0.8455980328358912,322.16
GS-000514,loyal,Home,Annual,2293.3800889598538,44.7,0,0.9814241486068109,2111.06
GS-000515,loyal,Motor,Annual,621.4510802469135,51.9,0,0.9615384615384621,560.46
GS-000516,price_sensitive,Motor,Annual,279.1189534883721,25.6,0,0.7440728887727786,194.79
GS-000517,loyal,Motor,Annual,1460.3004787961695,35.4,0,0.9666170727171273,1323.93
GS-000518,price_sensitive,Motor,Annual,1040.9691651459852,48.0,1,0.1,97.63
GS-000519,standard,Motor,Monthly,1417.040344155844,38.0,0,0.9235855666491501,1227.51
GS-000520,price_sensitive,Home,Monthly,204.59467814371257,12.0,1,0.7316260413452642,140.39
GS-000521,standard,Home,Monthly,862.6409405940594,10.5,0,0.8455980328358912,684.17
GS-000522,standard,Pet,Monthly,360.0404718309859,35.7,0,0.9291341574190161,313.76
GS-000523,standard,Motor,Monthly,818.4067466666667,37.0,0,0.9235855666491501,708.95
GS-000524,price_sensitive,Home,Monthly,391.9813993710692,48.0,1,0.1,36.76
GS-000525,standard,Travel,Monthly,532.8914268680445,72.0,1,0.1,49.98
GS-000526,standard,Home,Monthly,752.4054007884364,50.3,0,0.942307692307692,664.99
GS-000527,standard,Life,Annual,1427.236890410959,16.2,0,0.9218210586139648,1233.99
GS-000528,loyal,Home,Monthly,708.4167927631578,15.3,0,0.9872773536895676,655.99
GS-000529,standard,Motor,Monthly,210.44,3.1,0,0.8455980328358912,166.9
GS-000530,standard,Home,Monthly,802.784505988024,11.4,0,0.8455980328358912,636.69
GS-000531,price_sensitive,Pet,Monthly,701.9798802395209,12.0,1,0.7316260413452642,481.7
GS-000532,standard,Travel,Monthly,594.483733836207,72.0,1,0.1,55.76
GS-000533,loyal,Motor,Monthly,700.6731825396826,31.5,0,0.9666170727171273,635.24
GS-000534,standard,Motor,Annual,1952.9166986301368,13.3,0,0.9218210586139648,1688.49
GS-000535,standard,Life,Annual,1586.4441381668948,27.2,0,0.9291341574190161,1382.52
GS-000536,standard,Travel,Monthly,530.3655927835052,51.7,0,0.942307692307692,468.74
GS-000537,standard,Motor,Monthly,684.84375,14.9,0,0.9218210586139648,592.11
GS-000538,loyal,Home,Monthly,1894.5023455824864,42.1,0,0.9814241486068109,1743.89
GS-000539,price_sensitive,Life,Monthly,327.6892164179105,12.0,1,0.7316260413452642,224.86
GS-000540,standard,Motor,Monthly,508.79796014068,28.4,0,0.9291341574190161,443.4
GS-000541,price_sensitive,Pet,Monthly,439.40536184210526,15.6,0,0.7316260413452642,301.52
GS-000542,price_sensitive,Motor,Annual,675.26,12.0,1,0.7316260413452642,463.37
GS-000543,price_sensitive,Travel,Monthly,301.11340705765406,33.4,0,0.7440728887727786,210.14
GS-000544,price_sensitive,Home,Monthly,681.647277256741,28.9,0,0.7440728887727786,475.71
GS-000545,loyal,Motor,Monthly,777.4678522571819,24.2,0,0.9666170727171273,704.86
GS-000546,standard,Travel,Monthly,425.26,2.0,0,0.8455980328358912,337.28
GS-000547,loyal,Travel,Monthly,779.9498253968254,31.5,0,0.9666170727171273,707.11
GS-000548,price_sensitive,Motor,Monthly,431.60375,15.6,0,0.7316260413452642,296.17
GS-000549,price_sensitive,Motor,Monthly,85.16,1.1,0,0.5450425521448253,43.53
GS-000550,standard,Home,Monthly,406.9634780058651,56.5,0,0.942307692307692,359.68
GS-000551,standard,Home,Monthly,503.3311162594777,39.0,0,0.9235855666491501,436.01
GS-000552,price_sensitive,Home,Monthly,365.6454273504273,24.0,1,0.7440728887727786,255.18
GS-000553,standard,Motor,Monthly,721.5909920634921,31.2,0,0.9291341574190161,628.84
GS-000554,standard,Home,Annual,997.045,54.5,0,0.942307692307692,881.2
GS-000555,loyal,Pet,Monthly,560.3303453947368,15.5,0,0.9872773536895676,518.86
GS-000556,standard,Motor,Monthly,719.5358348540145,36.5,0,0.9235855666491501,623.3
GS-000557,price_sensitive,Home,Monthly,466.3241307106599,13.0,0,0.7316260413452642,320.0
GS-000558,standard,Home,Monthly,498.1758856502242,22.6,0,0.9218210586139648,430.72
GS-000559,standard,Travel,Monthly,455.8912826961771,49.2,0,0.942307692307692,402.92
GS-000560,standard,Motor,Monthly,792.8322702407002,30.4,0,0.9291341574190161,690.92
GS-000561,standard,Pet,Monthly,645.9505860534125,12.0,1,0.9218210586139648,558.49
GS-000562,standard,Travel,Monthly,676.4875845070422,36.0,1,0.9235855666491501,586.01
GS-000563,standard,Travel,Monthly,679.344529623699,41.1,0,0.9235855666491501,588.48
GS-000564,standard,Life,Annual,1159.64,12.0,1,0.9218210586139648,1002.62
GS-000565,standard,Motor,Monthly,863.84478515625,21.9,0,0.9218210586139648,746.88
GS-000566,standard,Life,Annual,873.6520177838578,28.4,0,0.9291341574190161,761.35
GS-000567,loyal,Home,Monthly,910.0966830985916,35.7,0,0.9666170727171273,825.11
GS-000568,loyal,Life,Monthly,945.5724971198158,57.3,0,0.9615384615384621,852.76
GS-000569,loyal,Motor,Annual,2006.14,7.9,0,0.9557021677662589,1798.25
GS-000570,standard,Motor,Monthly,585.4891241496599,58.5,0,0.942307692307692,517.46
GS-000571,standard,Pet,Monthly,863.7310880829016,19.3,0,0.9218210586139648,746.78
GS-000572,price_sensitive,Home,Monthly,312.50454321663017,30.8,0,0.7440728887727786,218.09
GS-000573,loyal,Home,Monthly,1981.26935110664,49.6,0,0.9615384615384621,1786.81
GS-000574,standard,Motor,Monthly,489.8698214285714,18.0,0,0.9218210586139648,423.54
GS-000575,standard,Travel,Monthly,513.6586947278912,58.6,0,0.942307692307692,453.98
GS-000576,loyal,Home,Monthly,871.6490932746198,41.2,0,0.9814241486068109,802.35
GS-000577,loyal,Pet,Monthly,814.4046126760563,14.6,0,0.9872773536895676,754.13
GS-000578,loyal,Home,Annual,1599.234616438356,20.9,0,0.9872773536895676,1480.88
GS-000579,loyal,Motor,Monthly,1067.9361267605634,14.9,0,0.9872773536895676,988.9
GS-000580,price_sensitive,Motor,Monthly,299.74486567164183,12.0,1,0.7316260413452642,205.69
GS-000581,standard,Home,Monthly,732.62,4.8,0,0.8455980328358912,581.05
GS-000582,standard,Motor,Monthly,429.12,2.6,0,0.8455980328358912,340.34
GS-000583,loyal,Pet,Monthly,1265.8470049234136,30.4,0,0.9666170727171273,1147.63
GS-000584,loyal,Motor,Monthly,1808.3833374384235,20.2,0,0.9872773536895676,1674.55
GS-000585,standard,Motor,Monthly,566.7706697707736,23.9,1,0.9225049803057674,490.39
GS-000586,standard,Home,Monthly,173.74,12.0,1,0.9218210586139648,150.22
GS-000587,standard,Home,Monthly,1847.939964454976,7.0,0,0.8455980328358912,1465.61
GS-000588,price_sensitive,Pet,Annual,1116.86,8.6,0,0.5450425521448253,570.95
GS-000589,standard,Motor,Monthly,510.3635583941606,18.8,0,0.9218210586139648,441.26
GS-000590,price_sensitive,Life,Monthly,604.9025297202797,48.0,1,0.1,56.74
GS-000591,price_sensitive,Home,Monthly,456.68225409836066,6.0,0,0.5450425521448253,233.46
GS-000592,price_sensitive,Home,Monthly,631.4888173652695,12.0,1,0.7316260413452642,433.33
GS-000593,loyal,Travel,Annual,1521.0225,48.1,0,0.9615384615384621,1371.73
GS-000594,loyal,Home,Annual,617.8423699817517,47.1,0,0.9814241486068109,568.72
GS-000595,standard,Home,Annual,3237.517479281768,17.0,0,0.9218210586139648,2799.15
GS-000596,standard,Motor,Monthly,962.0957496413199,22.9,0,0.9218210586139648,831.83
GS-000597,standard,Motor,Annual,597.650930232558,34.4,0,0.9291341574190161,520.83
GS-000598,standard,Motor,Monthly,708.9666044776119,12.0,1,0.9218210586139648,612.97
GS-000599,price_sensitive,Life,Annual,1390.02,7.4,0,0.5450425521448253,710.59
GS-000600,standard,Home,Annual,1884.84,12.0,1,0.9218210586139648,1629.63
GS-000601,loyal,Travel,Monthly,587.052447346251,39.5,0,0.9814241486068109,540.38
GS-000602,standard,Travel,Monthly,508.8423134328358,12.0,1,0.9218210586139648,439.94
GS-000603,loyal,Motor,Monthly,893.2765460526316,15.7,0,0.9872773536895676,827.17
GS-000604,loyal,Travel,Monthly,845.7794662921349,38.4,0,0.9814241486068109,778.54
GS-000605,price_sensitive,Home,Monthly,542.2920152462862,48.0,1,0.1,50.86
GS-000606,standard,Motor,Monthly,618.1487310606061,26.4,0,0.9291341574190161,538.69
GS-000607,standard,Motor,Monthly,600.0375,16.8,0,0.9218210586139648,518.79
GS-000608,price_sensitive,Motor,Monthly,687.7854341317365,12.0,1,0.7316260413452642,471.96
GS-000609,price_sensitive,Motor,Monthly,502.8606425140112,48.0,1,0.1,47.16
GS-000610,price_sensitive,Motor,Monthly,260.52682835820895,12.0,1,0.7316260413452642,178.78
GS-000611,price_sensitive,Life,Monthly,387.9372428571429,24.0,1,0.7440728887727786,270.73
GS-000612,price_sensitive,Home,Monthly,242.25418604651162,24.1,0,0.7440728887727786,169.07
GS-000613,loyal,Motor,Monthly,1171.9313731060606,26.1,0,0.9666170727171273,1062.49
GS-000614,loyal,Motor,Monthly,480.1579929577465,14.3,0,0.9872773536895676,444.62
GS-000615,loyal,Motor,Monthly,603.3941995073892,20.2,0,0.9872773536895676,558.74
GS-000616,loyal,Motor,Monthly,619.1605615384616,32.6,0,0.9666170727171273,561.34
GS-000617,loyal,Motor,Monthly,928.54,4.8,0,0.9557021677662589,832.32
GS-000618,price_sensitive,Motor,Monthly,549.7611270491803,8.6,0,0.5450425521448253,281.04
GS-000619,standard,Motor,Monthly,547.1678608470181,38.0,0,0.9235855666491501,473.99
GS-000620,standard,Travel,Annual,1826.86,12.0,1,0.9218210586139648,1579.5
GS-000621,loyal,Life,Monthly,680.083524590164,6.8,0,0.9557021677662589,609.61
GS-000622,standard,Motor,Annual,1780.8,12.0,1,0.9218210586139648,1539.67
GS-000623,price_sensitive,Home,Monthly,209.7658846153846,48.0,1,0.1,19.67
GS-000624,standard,Life,Monthly,396.00295970149256,55.7,0,0.942307692307692,349.99
GS-000625,standard,Motor,Monthly,1216.0936215932913,48.0,1,0.942307692307692,1074.8
GS-000626,price_sensitive,Motor,Monthly,1036.697604790419,11.2,0,0.5450425521448253,529.97
GS-000627,standard,Motor,Monthly,677.2235342465754,12.5,0,0.9218210586139648,585.53
GS-000628,standard,Life,Monthly,579.6309326424871,19.7,0,0.9218210586139648,501.15
GS-000629,standard,Pet,Annual,1170.6487346101233,34.0,0,0.9291341574190161,1020.17
GS-000630,standard,Motor,Annual,1818.695512295082,22.2,0,0.9218210586139648,1572.44
GS-000631,price_sensitive,Motor,Monthly,202.3640425531915,34.2,0,0.7440728887727786,141.23
GS-000632,loyal,Motor,Monthly,1199.6320892396907,51.4,0,0.9615384615384621,1081.89
GS-000633,standard,Pet,Monthly,617.0948390557941,24.0,1,0.9291341574190161,537.77
GS-000634,loyal,Home,Annual,997.46,10.8,0,0.9557021677662589,894.1
GS-000635,standard,Motor,Monthly,356.15912823752365,52.7,0,0.942307692307692,314.78
GS-000636,loyal,Motor,Annual,1261.745,53.3,0,0.9615384615384621,1137.9
GS-000637,standard,Motor,Monthly,1132.8328363636363,9.1,0,0.8455980328358912,898.46
GS-000638,standard,Travel,Monthly,1360.0601641791045,12.0,1,0.9218210586139648,1175.9
GS-000639,standard,Motor,Monthly,539.1220835820895,55.3,0,0.942307692307692,476.48
GS-000640,standard,Motor,Monthly,710.1821658851114,28.2,0,0.9291341574190161,618.89
GS-000641,standard,Motor,Monthly,847.9763654147105,72.0,1,0.1,79.53
GS-000642,loyal,Home,Annual,1345.5325,55.4,0,0.9615384615384621,1213.47
GS-000643,loyal,Travel,Monthly,1705.5545950704227,14.8,0,0.9872773536895676,1579.33
GS-000644,standard,Motor,Annual,1088.45,52.6,0,0.942307692307692,961.99
GS-000645,price_sensitive,Home,Annual,1156.82,3.8,0,0.5450425521448253,591.38
GS-000646,standard,Pet,Annual,694.3052260273972,36.0,1,0.9235855666491501,601.44
GS-000647,loyal,Pet,Monthly,705.1104050695825,33.5,0,0.9666170727171273,639.26
GS-000648,standard,Pet,Annual,1174.1936917808218,24.0,1,0.9291341574190161,1023.26
GS-000649,standard,Life,Annual,2471.944139344262,24.0,1,0.9291341574190161,2154.19
GS-000650,standard,Motor,Monthly,1124.116781809145,33.5,0,0.9291341574190161,979.62
GS-000651,standard,Motor,Monthly,676.0763370406189,34.5,0,0.9291341574190161,589.17
GS-000652,price_sensitive,Travel,Annual,545.56,12.0,1,0.7316260413452642,374.37
GS-000653,price_sensitive,Travel,Monthly,295.5363134328358,12.0,1,0.7316260413452642,202.8
GS-000654,standard,Pet,Monthly,1077.5074590163936,6.1,0,0.8455980328358912,854.58
GS-000655,standard,Pet,Monthly,683.4264671814672,17.9,0,0.9218210586139648,590.89
GS-000656,standard,Travel,Monthly,310.65999999999997,5.4,0,0.8455980328358912,246.39
GS-000657,price_sensitive,Motor,Monthly,607.9573479020979,48.0,1,0.1,57.02
GS-000658,loyal,Motor,Monthly,1079.2956683168318,10.1,0,0.9557021677662589,967.45
GS-000659,standard,Pet,Monthly,1690.8126793721972,22.5,0,0.9218210586139648,1461.87
GS-000660,standard,Motor,Monthly,942.0236883942766,72.0,1,0.1,88.35
GS-000661,standard,Motor,Monthly,347.21482342657345,47.5,0,0.9235855666491501,300.78
GS-000662,standard,Motor,Monthly,1402.1456865671641,12.0,1,0.9218210586139648,1212.29
GS-000663,price_sensitive,Motor,Monthly,393.1507388059701,12.0,1,0.7316260413452642,269.78
GS-000664,price_sensitive,Motor,Annual,814.42,12.0,1,0.7316260413452642,558.86
GS-000665,loyal,Motor,Monthly,904.2735786290324,57.5,0,0.9615384615384621,815.52
GS-000666,loyal,Motor,Monthly,515.61,48.3,0,0.9615384615384621,465.0
GS-000667,price_sensitive,Home,Annual,810.48,12.0,1,0.7316260413452642,556.16
GS-000668,standard,Motor,Monthly,693.6923660714285,12.0,1,0.9218210586139648,599.76
GS-000669,loyal,Motor,Annual,1238.3507983576642,47.9,0,0.9719873779471303,1128.94
GS-000670,standard,Motor,Monthly,347.64,5.0,0,0.8455980328358912,275.72
GS-000671,standard,Motor,Annual,831.2775,51.3,0,0.942307692307692,734.69
GS-000672,standard,Motor,Monthly,588.414383640553,57.7,0,0.942307692307692,520.05
GS-000673,standard,Pet,Monthly,690.2909585492229,19.4,0,0.9218210586139648,596.82
GS-000674,standard,Motor,Monthly,685.4889520958084,12.0,1,0.9218210586139648,592.67
GS-000675,price_sensitive,Motor,Annual,841.5,12.0,1,0.7316260413452642,577.44
GS-000676,standard,Pet,Monthly,565.1360080645162,57.5,0,0.942307692307692,499.47
GS-000677,standard,Home,Annual,1074.57,57.8,0,0.942307692307692,949.72
GS-000678,standard,Motor,Monthly,768.6905762081784,53.2,0,0.942307692307692,679.38
GS-000679,loyal,Motor,Monthly,669.1060655737705,6.8,0,0.9557021677662589,599.77
GS-000680,price_sensitive,Life,Monthly,374.02037425149695,12.0,1,0.7316260413452642,256.66
GS-000681,price_sensitive,Life,Annual,327.5,11.2,0,0.5450425521448253,167.42
GS-000682,loyal,Home,Monthly,1209.4760608308607,12.0,1,0.9872773536895676,1119.96
GS-000683,loyal,Home,Monthly,625.2328719912472,30.8,0,0.9666170727171273,566.84
GS-000684,loyal,Home,Monthly,547.580625,64.2,0,1.0,513.59
GS-000685,standard,Motor,Monthly,992.115,16.8,0,0.9218210586139648,857.78
GS-000686,loyal,Travel,Monthly,866.108061760841,25.4,0,0.9666170727171273,785.22
GS-000687,loyal,Travel,Monthly,372.94307812500006,21.3,0,0.9872773536895676,345.34
GS-000688,standard,Motor,Monthly,436.5225222551929,12.0,1,0.9218210586139648,377.42
GS-000689,standard,Home,Monthly,725.4961125385406,71.9,1,0.1,68.05
GS-000690,price_sensitive,Home,Monthly,778.9676793400287,23.9,1,0.7250996015936263,529.77
GS-000691,loyal,Home,Monthly,820.6035739436619,14.2,0,0.9872773536895676,759.87
GS-000692,loyal,Home,Monthly,911.5029358874121,42.3,0,0.9814241486068109,839.04
GS-000693,loyal,Motor,Annual,1113.5,12.0,1,0.9872773536895676,1031.09
GS-000694,standard,Home,Monthly,986.018292079208,10.2,0,0.8455980328358912,782.02
GS-000695,standard,Home,Monthly,385.3857107142857,24.0,1,0.9291341574190161,335.85
GS-000696,loyal,Pet,Monthly,1162.536668490153,45.1,0,0.9814241486068109,1070.12
GS-000697,price_sensitive,Pet,Monthly,701.6765571428572,24.0,1,0.7440728887727786,489.69
GS-000698,loyal,Travel,Monthly,904.8839144100581,34.0,0,0.9666170727171273,820.38
GS-000699,loyal,Travel,Monthly,800.7916223986856,60.3,0,1.0,751.08
GS-000700,price_sensitive,Travel,Annual,938.44,12.0,1,0.7316260413452642,643.97
GS-000701,loyal,Motor,Monthly,1003.7976459854013,18.7,0,0.9872773536895676,929.51
GS-000702,standard,Home,Annual,1400.4704767335766,40.6,0,0.9235855666491501,1213.16
GS-000703,loyal,Motor,Monthly,670.1622148617512,57.6,0,0.9615384615384621,604.39
GS-000704,price_sensitive,Home,Monthly,294.08621641791046,12.0,1,0.7316260413452642,201.8
GS-000705,price_sensitive,Home,Monthly,551.1954545454545,48.0,1,0.1,51.7
GS-000706,standard,Motor,Monthly,329.1952320359281,11.9,0,0.8477989003090736,261.77
GS-000707,standard,Motor,Monthly,604.56,3.0,0,0.8455980328358912,479.48
GS-000708,loyal,Motor,Monthly,976.2172718978102,36.6,0,0.9814241486068109,898.61
GS-000709,standard,Home,Monthly,473.78,2.0,0,0.8455980328358912,375.76
GS-000710,price_sensitive,Motor,Monthly,926.2194850746268,12.0,1,0.7316260413452642,635.58
GS-000711,price_sensitive,Motor,Monthly,520.1225223214286,12.0,1,0.7316260413452642,356.91
GS-000712,standard,Home,Annual,557.106227189781,36.7,0,0.9235855666491501,482.59
GS-000713,price_sensitive,Motor,Monthly,647.0223597678917,17.0,0,0.7316260413452642,443.99
GS-000714,standard,Motor,Monthly,1656.0483059210528,15.3,0,0.9218210586139648,1431.81
GS-000715,standard,Motor,Monthly,550.0279802259887,34.9,0,0.9291341574190161,479.33
GS-000716,standard,Motor,Monthly,200.34,2.8,0,0.8455980328358912,158.89
GS-000717,price_sensitive,Travel,Annual,781.0454035567715,33.3,0,0.7440728887727786,545.08
GS-000718,loyal,Motor,Monthly,927.8695196156925,41.4,0,0.9814241486068109,854.1
GS-000719,standard,Home,Annual,441.3053904109589,48.0,1,0.942307692307692,390.03
GS-000720,standard,Life,Monthly,771.3664446107784,12.0,1,0.9218210586139648,666.92
GS-000721,loyal,Motor,Monthly,1434.291583273767,46.3,0,0.9814241486068109,1320.27
GS-000722,standard,Motor,Monthly,425.12,3.0,0,0.8455980328358912,337.17
GS-000723,price_sensitive,Pet,Monthly,405.54725409836067,6.1,0,0.5450425521448253,207.32
GS-000724,standard,Life,Annual,1147.02,11.3,0,0.8455980328358912,909.71
GS-000725,standard,Motor,Monthly,522.7022298221614,24.1,0,0.9291341574190161,455.51
GS-000726,loyal,Travel,Monthly,880.955055226293,61.8,0,1.0,826.27
GS-000727,loyal,Pet,Monthly,675.7217468354431,13.4,0,0.9872773536895676,625.71
GS-000728,loyal,Home,Annual,1922.5371809967141,61.8,0,1.0,1803.19
GS-000729,standard,Travel,Annual,815.3480753424657,22.0,0,0.9218210586139648,704.95
GS-000730,loyal,Home,Monthly,1432.862627245509,12.0,1,0.9872773536895676,1326.82
GS-000731,standard,Motor,Monthly,1126.7853143712575,12.0,1,0.9218210586139648,974.22
GS-000732,price_sensitive,Travel,Monthly,953.9942033542976,48.0,1,0.1,89.48
GS-000733,price_sensitive,Home,Monthly,326.48653928571434,24.0,1,0.7440728887727786,227.85
GS-000734,standard,Motor,Monthly,503.61529411764707,29.4,0,0.9291341574190161,438.88
GS-000735,standard,Motor,Annual,593.6730136986301,37.0,0,0.9235855666491501,514.27
GS-000736,loyal,Home,Monthly,781.6619889162562,40.7,0,0.9814241486068109,719.52
GS-000737,price_sensitive,Travel,Annual,1235.16,12.0,1,0.7316260413452642,847.58
GS-000738,price_sensitive,Travel,Annual,843.54,12.0,1,0.7316260413452642,578.84
GS-000739,loyal,Pet,Monthly,1405.3425,16.8,0,0.9872773536895676,1301.33
GS-000740,standard,Travel,Monthly,924.2133358208956,12.0,1,0.9218210586139648,799.07
GS-000741,price_sensitive,Motor,Monthly,405.39614806866956,24.0,1,0.7440728887727786,282.92
GS-000742,price_sensitive,Travel,Monthly,347.74205838323354,11.4,0,0.5450425521448253,177.77
GS-000743,price_sensitive,Motor,Annual,852.42,11.9,1,0.5474671117219716,437.7
GS-000744,loyal,Motor,Monthly,523.6249917871222,50.0,0,0.9615384615384621,472.23
GS-000745,standard,Home,Monthly,375.9147423664122,43.3,0,0.9235855666491501,325.64
GS-000746,loyal,Home,Monthly,428.85053977272725,26.1,0,0.9666170727171273,388.8
GS-000747,price_sensitive,Motor,Monthly,531.5262350299402,11.5,0,0.5450425521448253,271.72
GS-000748,standard,Home,Annual,952.2725,56.9,0,0.942307692307692,841.63
GS-000749,standard,Motor,Monthly,528.9162421875,21.3,0,0.9218210586139648,457.3
GS-000750,price_sensitive,Motor,Annual,676.9033150684932,14.1,0,0.7316260413452642,464.5
GS-000751,standard,Travel,Monthly,1044.2756967213115,6.7,0,0.8455980328358912,828.22
GS-000752,price_sensitive,Motor,Monthly,202.9447431865828,48.0,1,0.1,19.03
GS-000753,standard,Motor,Monthly,577.4282572992701,18.5,0,0.9218210586139648,499.24
GS-000754,price_sensitive,Life,Monthly,438.3638102725367,48.0,1,0.1,41.12
GS-000755,standard,Pet,Monthly,755.3430371900826,15.9,0,0.9218210586139648,653.07
GS-000756,standard,Motor,Monthly,1272.7511506849314,12.4,0,0.9218210586139648,1100.42
GS-000757,price_sensitive,Travel,Monthly,285.7151721556886,12.0,1,0.7316260413452642,196.06
GS-000758,standard,Pet,Monthly,1039.2141007992896,37.4,0,0.9235855666491501,900.22
GS-000759,price_sensitive,Motor,Monthly,315.98621043376323,28.1,0,0.7440728887727786,220.52
GS-000760,price_sensitive,Motor,Monthly,467.1470874125874,48.0,1,0.1,43.81
GS-000761,standard,Pet,Monthly,861.4775597014925,12.0,1,0.9218210586139648,744.83
GS-000762,loyal,Motor,Monthly,938.5632624262848,39.8,0,0.9814241486068109,863.95
GS-000763,standard,Home,Monthly,703.4234859154931,36.0,1,0.9235855666491501,609.34
GS-000764,loyal,Life,Monthly,801.6752202797202,48.0,1,0.9615384615384621,722.99
GS-000765,standard,Motor,Monthly,167.2,1.0,0,0.8455980328358912,132.61
GS-000766,price_sensitive,Home,Annual,1112.4414246575343,24.0,1,0.7440728887727786,776.35
GS-000767,standard,Motor,Monthly,774.5518808411216,7.3,0,0.8455980328358912,614.3
GS-000768,price_sensitive,Home,Monthly,593.831181569343,48.0,1,0.1,55.7
GS-000769,price_sensitive,Motor,Monthly,328.7140643712575,12.0,1,0.7316260413452642,225.57
GS-000770,standard,Motor,Monthly,680.1825,16.6,0,0.9218210586139648,588.08
GS-000771,loyal,Motor,Monthly,915.1731308411216,7.4,0,0.9557021677662589,820.34
GS-000772,price_sensitive,Home,Monthly,665.6437388724036,12.0,1,0.7316260413452642,456.77
GS-000773,price_sensitive,Travel,Annual,491.52309589041096,48.0,1,0.1,46.1
GS-000774,standard,Home,Monthly,453.6732089552239,12.0,1,0.9218210586139648,392.24
GS-000775,standard,Motor,Monthly,725.2260630841122,7.9,0,0.8455980328358912,575.18
GS-000776,loyal,Motor,Monthly,1010.8963610038611,17.6,0,0.9872773536895676,936.08
GS-000777,standard,Motor,Monthly,3288.3935397196265,7.6,0,0.8455980328358912,2608.04
GS-000778,standard,Pet,Monthly,654.1911826347306,11.9,1,0.8477989003090736,520.19
GS-000779,standard,Motor,Monthly,608.1621214285715,24.0,1,0.9291341574190161,529.99
GS-000780,price_sensitive,Life,Monthly,620.9928321428572,24.0,1,0.7440728887727786,433.38
GS-000781,price_sensitive,Motor,Annual,487.96,11.9,1,0.5474671117219716,250.56
GS-000782,price_sensitive,Pet,Monthly,565.2077727272728,12.0,1,0.7316260413452642,387.85
GS-000783,standard,Home,Monthly,539.9412909836066,12.0,1,0.9218210586139648,466.83
GS-000784,standard,Home,Monthly,625.6871908396946,43.4,0,0.9235855666491501,542.0
GS-000785,standard,Motor,Annual,1427.6,1.7,0,0.8455980328358912,1132.24
GS-000786,standard,Life,Monthly,602.9369206349206,31.2,0,0.9291341574190161,525.43
GS-000787,price_sensitive,Motor,Monthly,730.9281318681318,11.9,1,0.5474671117219716,375.32
GS-000788,standard,Motor,Annual,634.3308242134062,25.7,0,0.9291341574190161,552.79
GS-000789,standard,Pet,Monthly,641.308125,72.0,1,0.1,60.15
GS-000790,standard,Pet,Monthly,661.5135668229777,28.8,0,0.9291341574190161,576.48
GS-000791,standard,Motor,Monthly,498.5025,48.6,0,0.942307692307692,440.58
GS-000792,standard,Pet,Annual,694.4015693430656,40.5,0,0.9235855666491501,601.53
GS-000793,standard,Home,Monthly,659.4136559507524,24.4,0,0.9291341574190161,574.65
GS-000794,loyal,Motor,Monthly,671.8512857142857,61.0,0,1.0,630.14
GS-000795,loyal,Home,Monthly,920.3643862275449,12.0,1,0.9872773536895676,852.25
GS-000796,price_sensitive,Motor,Monthly,746.2548134328358,12.0,1,0.7316260413452642,512.09
GS-000797,loyal,Motor,Monthly,1235.6907134433961,14.0,0,0.9872773536895676,1144.24
GS-000798,price_sensitive,Home,Annual,433.12645890410965,36.0,1,0.1,40.62
GS-000799,standard,Pet,Monthly,871.2058638996139,17.3,0,0.9218210586139648,753.24
GS-000800,standard,Home,Monthly,1060.21231640625,21.7,0,0.9218210586139648,916.66
GS-000801,standard,Home,Annual,1020.850421989051,39.6,0,0.9235855666491501,884.31
GS-000802,price_sensitive,Motor,Monthly,433.89826923076924,32.9,0,0.7440728887727786,302.81
GS-000803,price_sensitive,Home,Monthly,314.3788297373358,36.0,1,0.1,29.49
GS-000804,standard,Motor,Annual,540.9262190934066,33.0,0,0.9291341574190161,471.39
GS-000805,loyal,Pet,Monthly,812.1315649452268,63.0,0,1.0,761.72
GS-000806,standard,Motor,Annual,1119.96,12.0,1,0.9218210586139648,968.31
GS-000807,loyal,Motor,Annual,1792.0875,58.8,0,0.9615384615384621,1616.19
GS-000808,loyal,Life,Annual,1345.030124589266,64.6,0,1.0,1261.53
GS-000809,standard,Life,Annual,1526.7500034246575,36.0,1,0.9235855666491501,1322.55
GS-000810,standard,Motor,Monthly,410.4496875,19.0,0,0.9218210586139648,354.87
GS-000811,price_sensitive,Motor,Annual,318.7581780821918,36.0,1,0.1,29.9
GS-000812,standard,Motor,Monthly,756.4274178832117,54.4,0,0.942307692307692,668.54
GS-000813,standard,Home,Monthly,437.38574349442376,53.4,0,0.942307692307692,386.57
GS-000814,loyal,Travel,Annual,1984.28,8.0,0,0.9557021677662589,1778.66
GS-000815,price_sensitive,Travel,Monthly,386.43108644859814,7.2,0,0.5450425521448253,197.55
GS-000816,standard,Home,Annual,1532.08,5.9,0,0.8455980328358912,1215.1
GS-000817,loyal,Motor,Monthly,549.7812010368664,57.6,0,0.9615384615384621,495.82
GS-000818,loyal,Motor,Monthly,786.7575,64.6,0,1.0,737.92
GS-000819,price_sensitive,Home,Monthly,680.8183374125873,48.0,1,0.1,63.86
GS-000820,loyal,Motor,Monthly,879.1347950819672,6.8,0,0.9557021677662589,788.03
GS-000821,standard,Life,Monthly,731.7707504970178,33.4,0,0.9291341574190161,637.71
GS-000822,price_sensitive,Motor,Monthly,516.106998502994,12.0,1,0.7316260413452642,354.16
GS-000823,standard,Motor,Annual,870.315139649507,72.0,1,0.1,81.63
GS-000824,standard,Travel,Monthly,482.4589599714082,46.7,0,0.9235855666491501,417.93
GS-000825,loyal,Motor,Monthly,742.1951094890511,54.8,0,0.9615384615384621,669.35
GS-000826,standard,Pet,Monthly,895.24,12.0,1,0.9218210586139648,774.02
GS-000827,price_sensitive,Motor,Monthly,362.08813432835825,12.0,1,0.7316260413452642,248.47
GS-000828,standard,Motor,Annual,1012.9433219178082,24.0,1,0.9291341574190161,882.74
GS-000829,standard,Motor,Monthly,354.71906934306566,54.1,0,0.942307692307692,313.51
GS-000830,loyal,Motor,Monthly,800.7647924710425,17.4,0,0.9872773536895676,741.5
GS-000831,standard,Home,Monthly,503.062264573991,22.8,0,0.9218210586139648,434.95
GS-000832,price_sensitive,Home,Annual,978.2054548563611,27.4,0,0.7440728887727786,682.67
GS-000833,loyal,Life,Annual,1431.7499794520547,13.8,0,0.9872773536895676,1325.79
GS-000834,loyal,Pet,Monthly,765.3705492912372,51.4,0,0.9615384615384621,690.25
GS-000835,standard,Motor,Monthly,822.6288289817232,71.9,1,0.1,77.16
GS-000836,loyal,Pet,Monthly,786.4196549835706,60.5,0,1.0,737.6
GS-000837,price_sensitive,Motor,Monthly,607.1872388059701,12.0,1,0.7316260413452642,416.66
GS-000838,price_sensitive,Life,Monthly,361.27605174081236,34.6,0,0.7440728887727786,252.13
GS-000839,standard,Home,Annual,1458.2125,53.9,0,0.942307692307692,1288.79
GS-000840,loyal,Life,Monthly,765.2478134328359,12.0,1,0.9872773536895676,708.61
GS-000841,standard,Motor,Monthly,689.799156716418,12.0,1,0.9218210586139648,596.4
GS-000842,standard,Life,Monthly,868.6935404191616,12.0,1,0.9218210586139648,751.07
GS-000843,standard,Home,Annual,1896.5781369863014,19.9,0,0.9218210586139648,1639.78
GS-000844,standard,Motor,Monthly,802.6275,72.0,1,0.1,75.28
GS-000845,standard,Motor,Annual,1554.84,1.9,0,0.8455980328358912,1233.15
GS-000846,standard,Travel,Monthly,664.2670914179105,44.1,0,0.9235855666491501,575.42
GS-000847,price_sensitive,Motor,Monthly,337.3053759723423,48.0,1,0.1,31.64
GS-000848,price_sensitive,Home,Monthly,499.36455089820356,12.0,1,0.7316260413452642,342.67
GS-000849,price_sensitive,Home,Annual,644.22,12.0,1,0.7316260413452642,442.07
GS-000850,standard,Motor,Annual,844.4073448905109,45.7,0,0.9235855666491501,731.47
GS-000851,standard,Motor,Monthly,594.196705479452,12.4,0,0.9218210586139648,513.74
GS-000852,standard,Motor,Annual,1833.9652808219178,16.5,0,0.9218210586139648,1585.64
GS-000853,standard,Motor,Monthly,473.0149689165186,37.3,0,0.9235855666491501,409.75
GS-000854,standard,Life,Monthly,807.5337666145426,42.3,0,0.9235855666491501,699.53
GS-000855,loyal,Motor,Monthly,1652.624376367615,30.2,0,0.9666170727171273,1498.29
GS-000856,standard,Travel,Monthly,999.4003208955223,12.0,1,0.9218210586139648,864.08
GS-000857,standard,Home,Monthly,595.5495563380282,36.0,1,0.9235855666491501,515.9
GS-000858,price_sensitive,Home,Monthly,477.13493186582804,48.0,1,0.1,44.75
GS-000859,loyal,Home,Monthly,799.8343807603687,57.3,0,0.9615384615384621,721.33
GS-000860,standard,Motor,Monthly,275.7,2.0,0,0.8455980328358912,218.66
GS-000861,standard,Life,Annual,1048.1042039233575,37.7,0,0.9235855666491501,907.92
GS-000862,loyal,Travel,Monthly,1176.5280207433018,38.2,0,0.9814241486068109,1082.99
GS-000863,standard,Travel,Monthly,623.4461615384616,32.4,0,0.9291341574190161,543.31
GS-000864,standard,Travel,Monthly,601.1695072992701,9.0,0,0.8455980328358912,476.79
GS-000865,loyal,Motor,Annual,2235.35001369863,24.0,1,0.9666170727171273,2026.6
GS-000866,loyal,Motor,Monthly,888.5270727272728,9.9,0,0.9557021677662589,796.45
GS-000867,price_sensitive,Home,Annual,754.32,12.0,1,0.7316260413452642,517.62
GS-000868,price_sensitive,Travel,Monthly,365.1371814671815,17.7,0,0.7316260413452642,250.56
GS-000869,standard,Motor,Monthly,861.7205532786885,8.9,0,0.8455980328358912,683.44
GS-000870,standard,Motor,Monthly,586.4061492537313,12.0,1,0.9218210586139648,507.01
GS-000871,loyal,Home,Monthly,1291.0760964439655,61.1,0,1.0,1210.93
GS-000872,standard,Home,Monthly,683.5662323943662,14.0,0,0.9218210586139648,591.01
GS-000873,standard,Home,Annual,406.0758875942426,50.0,0,0.942307692307692,358.89
GS-000874,loyal,Home,Monthly,1228.0976477832512,20.9,0,0.9872773536895676,1137.21
GS-000875,loyal,Motor,Monthly,754.1469366197183,63.3,0,1.0,707.33
GS-000876,standard,Motor,Monthly,710.2800224550898,22.0,0,0.9218210586139648,614.11
GS-000877,loyal,Travel,Annual,1423.8875,56.4,0,0.9615384615384621,1284.13
GS-000878,standard,Home,Monthly,828.1,2.4,0,0.8455980328358912,656.77
GS-000879,standard,Life,Monthly,643.9670571428572,24.0,1,0.9291341574190161,561.19
GS-000880,standard,Motor,Monthly,585.9653571428572,23.5,0,0.9218210586139648,506.62
GS-000881,standard,Motor,Monthly,913.9408907125701,41.4,0,0.9235855666491501,791.7
GS-000882,loyal,Life,Annual,1615.615,55.5,0,0.9615384615384621,1457.04
GS-000883,standard,Motor,Monthly,493.92048805970154,55.1,0,0.942307692307692,436.53
GS-000884,loyal,Motor,Monthly,812.1177899343545,30.9,0,0.9666170727171273,736.28
GS-000885,standard,Travel,Monthly,790.5885127737226,54.9,0,0.942307692307692,698.73
GS-000886,loyal,Home,Monthly,558.5820428571428,23.3,0,0.9872773536895676,517.24
GS-000887,loyal,Motor,Monthly,1101.22875,11.4,0,0.9557021677662589,987.11
GS-000888,loyal,Pet,Monthly,1981.2593691588786,7.6,0,0.9557021677662589,1775.95
GS-000889,loyal,Motor,Monthly,1153.889502388535,61.9,0,1.0,1082.26
GS-000890,price_sensitive,Home,Monthly,585.5083071748879,22.8,0,0.7316260413452642,401.78
GS-000891,price_sensitive,Motor,Annual,562.5299692202462,29.9,0,0.7440728887727786,392.58
GS-000892,price_sensitive,Travel,Monthly,764.0067664670659,12.0,1,0.7316260413452642,524.27
GS-000893,standard,Home,Annual,716.3475000000001,59.3,0,0.942307692307692,633.12
GS-000894,loyal,Home,Monthly,482.0134308510638,34.0,0,0.9666170727171273,437.0
GS-000895,standard,Pet,Monthly,669.3848129251702,58.9,0,0.942307692307692,591.61
GS-000896,standard,Motor,Monthly,373.20222118959106,53.7,0,0.942307692307692,329.84
GS-000897,price_sensitive,Pet,Annual,678.44,2.0,0,0.5450425521448253,346.82
GS-000898,standard,Travel,Monthly,456.038643707483,58.7,0,0.942307692307692,403.05
GS-000899,standard,Pet,Monthly,743.2045852017936,22.3,0,0.9218210586139648,642.57
GS-000900,price_sensitive,Home,Monthly,667.9591392215568,12.0,1,0.7316260413452642,458.36
GS-000901,price_sensitive,Life,Monthly,464.2393113772455,12.0,1,0.7316260413452642,318.57
GS-000902,standard,Motor,Monthly,451.80169282511207,22.5,0,0.9218210586139648,390.63
GS-000903,standard,Pet,Monthly,316.76,1.0,0,0.8455980328358912,251.22
GS-000904,standard,Travel,Annual,986.784582763338,33.3,0,0.9291341574190161,859.94
GS-000905,loyal,Home,Monthly,533.8199999999999,2.5,0,0.9557021677662589,478.5
GS-000906,loyal,Motor,Monthly,1443.6552033426183,59.2,0,0.9615384615384621,1301.96
GS-000907,standard,Motor,Monthly,799.0401056338028,36.0,1,0.9235855666491501,692.17
GS-000908,loyal,Motor,Annual,1855.8093032786885,22.8,0,0.9872773536895676,1718.46
GS-000909,price_sensitive,Motor,Annual,873.28,12.0,1,0.7316260413452642,599.25
GS-000910,standard,Motor,Annual,2592.944773972603,24.0,1,0.9291341574190161,2259.64
GS-000911,loyal,Travel,Monthly,960.4697440732758,61.6,0,1.0,900.85
GS-000912,loyal,Life,Annual,1536.7631429548564,30.1,0,0.9666170727171273,1393.25
GS-000913,loyal,Travel,Monthly,897.3078991458608,50.0,0,0.9615384615384621,809.24
GS-000914,price_sensitive,Motor,Annual,583.9,2.6,0,0.5450425521448253,298.49
GS-000915,loyal,Motor,Monthly,1369.88,5.5,0,0.9557021677662589,1227.93
GS-000916,loyal,Motor,Monthly,705.4918918918919,62.3,0,1.0,661.7
GS-000917,loyal,Motor,Monthly,694.1,5.7,0,0.9557021677662589,622.17
GS-000918,price_sensitive,Home,Monthly,206.74240298507462,12.0,1,0.7316260413452642,141.87
GS-000919,price_sensitive,Pet,Annual,575.3,12.0,1,0.7316260413452642,394.78
GS-000920,loyal,Motor,Monthly,1311.4947872827083,35.9,0,0.9717314487632502,1195.31
GS-000921,standard,Motor,Monthly,624.0835143442624,12.0,1,0.9218210586139648,539.58
GS-000922,loyal,Home,Monthly,492.73952858081475,50.9,0,0.9615384615384621,444.38
GS-000923,standard,Travel,Annual,802.2259062927496,33.4,0,0.9291341574190161,699.1
GS-000924,standard,Home,Annual,543.6359671532846,45.5,0,0.9235855666491501,470.93
GS-000925,standard,Life,Monthly,577.115179558011,11.9,0,0.8477989003090736,458.9
GS-000926,price_sensitive,Home,Monthly,554.3548870481927,11.9,1,0.5474671117219716,284.65
GS-000927,loyal,Motor,Annual,2208.02,10.8,0,0.9557021677662589,1979.21
GS-000928,standard,Life,Annual,981.6830745554036,25.3,0,0.9291341574190161,855.49
GS-000929,standard,Pet,Monthly,835.0962946428572,12.0,1,0.9218210586139648,722.02
GS-000930,loyal,Home,Monthly,1331.4052132867132,47.5,0,0.9814241486068109,1225.56
GS-000931,price_sensitive,Home,Monthly,323.49656118881114,48.0,1,0.1,30.34
GS-000932,price_sensitive,Pet,Annual,1227.380095890411,24.0,1,0.7440728887727786,856.57
GS-000933,price_sensitive,Home,Monthly,142.86,12.0,1,0.7316260413452642,98.03
GS-000934,standard,Travel,Annual,898.1147260273973,21.6,0,0.9218210586139648,776.51
GS-000935,standard,Motor,Monthly,427.16787010368665,57.3,0,0.942307692307692,377.54
GS-000936,price_sensitive,Home,Monthly,578.2473662551441,24.0,0,0.7440728887727786,403.55
GS-000937,price_sensitive,Motor,Monthly,460.24110793423876,48.0,1,0.1,43.17
GS-000938,standard,Home,Monthly,550.0083185840707,26.0,0,0.9291341574190161,479.31
GS-000939,standard,Motor,Annual,658.0065396897809,46.4,0,0.9235855666491501,570.0
GS-000940,standard,Motor,Monthly,1166.1287686567164,12.0,1,0.9218210586139648,1008.23
GS-000941,price_sensitive,Home,Annual,1377.0758143248174,48.0,1,0.1,129.16
GS-000942,standard,Motor,Monthly,743.8107535714286,23.9,0,0.9225049803057674,643.57
GS-000943,standard,Motor,Annual,1024.9875,51.8,0,0.942307692307692,905.9
GS-000944,price_sensitive,Life,Monthly,485.52618421052625,15.2,0,0.7316260413452642,333.17
GS-000945,standard,Life,Monthly,517.8773996350365,27.1,0,0.9291341574190161,451.31
GS-000946,standard,Life,Monthly,594.4543363636363,10.0,0,0.8455980328358912,471.47
GS-000947,loyal,Home,Monthly,1096.0726993745113,42.5,0,0.9814241486068109,1008.94
GS-000948,standard,Home,Monthly,145.32,1.8,0,0.8455980328358912,115.25
GS-000949,standard,Life,Monthly,655.7713257575757,26.1,0,0.9291341574190161,571.48
GS-000950,standard,Life,Monthly,634.113368263473,12.0,1,0.9218210586139648,548.25
GS-000951,price_sensitive,Travel,Monthly,627.2705373134329,12.0,1,0.7316260413452642,430.44
GS-000952,standard,Pet,Annual,471.13249452354876,72.0,1,0.1,44.19
GS-000953,price_sensitive,Life,Monthly,254.1376791044776,12.0,1,0.7316260413452642,174.39
GS-000954,standard,Motor,Monthly,488.2790287428932,52.6,0,0.942307692307692,431.55
GS-000955,loyal,Travel,Monthly,1551.0474245115454,37.8,0,0.9814241486068109,1427.74
GS-000956,standard,Motor,Monthly,529.5,3.2,0,0.8455980328358912,419.95
GS-000957,loyal,Motor,Monthly,1114.8108606557375,6.2,0,0.9557021677662589,999.29
GS-000958,price_sensitive,Travel,Annual,479.98,12.0,1,0.7316260413452642,329.37
GS-000959,standard,Home,Monthly,643.8966833118558,51.7,0,0.942307692307692,569.08
GS-000960,standard,Life,Annual,1979.18,12.0,1,0.9218210586139648,1711.19
GS-000961,loyal,Motor,Monthly,397.9698582089552,44.5,0,0.9814241486068109,366.33
GS-000962,price_sensitive,Pet,Monthly,420.68270209580834,12.0,1,0.7316260413452642,288.68
GS-000963,loyal,Travel,Monthly,653.1471845289541,38.7,0,0.9814241486068109,601.22
GS-000964,price_sensitive,Motor,Monthly,404.9804776119403,12.0,1,0.7316260413452642,277.9
GS-000965,loyal,Motor,Monthly,685.4558310533515,24.3,0,0.9666170727171273,621.44
GS-000966,standard,Motor,Monthly,986.175,12.0,1,0.9218210586139648,852.64
GS-000967,price_sensitive,Motor,Monthly,809.3171052631578,36.0,1,0.1,75.91
GS-000968,loyal,Home,Monthly,1189.9825,48.8,0,0.9615384615384621,1073.18
GS-000969,standard,Motor,Monthly,516.50344921875,21.2,0,0.9218210586139648,446.57
GS-000970,price_sensitive,Home,Annual,727.3282678244973,47.9,1,0.1,68.22
GS-000971,loyal,Motor,Monthly,764.6888663321167,36.1,0,0.9814241486068109,703.9
GS-000972,standard,Motor,Monthly,964.3845957043587,52.4,0,0.942307692307692,852.33
GS-000973,loyal,Motor,Monthly,703.2709118852459,8.3,0,0.9557021677662589,630.39
GS-000974,loyal,Home,Monthly,943.7052738402062,51.7,0,0.9615384615384621,851.08
GS-000975,standard,Pet,Monthly,513.1229288321167,27.1,0,0.9291341574190161,447.16
GS-000976,loyal,Motor,Monthly,938.8382570422535,14.9,0,0.9872773536895676,869.36
GS-000977,standard,Travel,Annual,1691.9780958904112,26.0,0,0.9291341574190161,1474.49
GS-000978,standard,Home,Monthly,1334.26395703125,21.3,0,0.9218210586139648,1153.6
GS-000979,standard,Home,Monthly,679.7609198473282,43.7,0,0.9235855666491501,588.84
GS-000980,standard,Motor,Monthly,553.3237646598906,42.5,0,0.9235855666491501,479.32
GS-000981,loyal,Motor,Monthly,1382.2579653284672,36.5,0,0.9814241486068109,1272.37
GS-000982,standard,Home,Monthly,714.5308323732719,57.2,0,0.942307692307692,631.51
GS-000983,price_sensitive,Home,Monthly,448.28422904191615,12.0,1,0.7316260413452642,307.62
GS-000984,price_sensitive,Home,Monthly,716.8361295180723,11.9,1,0.5474671117219716,368.08
GS-000985,loyal,Travel,Monthly,1190.7710690789474,15.9,0,0.9872773536895676,1102.64
GS-000986,standard,Pet,Annual,643.063282390511,40.4,0,0.9235855666491501,557.06
GS-000987,loyal,Travel,Monthly,696.9624179104478,12.0,1,0.9872773536895676,645.38
GS-000988,standard,Motor,Monthly,418.5,3.0,0,0.8455980328358912,331.91
GS-000989,standard,Travel,Monthly,883.0684291270527,38.4,0,0.9235855666491501,764.96
GS-000990,loyal,Motor,Annual,1298.5287945205478,17.4,0,0.9872773536895676,1202.43
GS-000991,price_sensitive,Motor,Annual,725.4403893442624,23.3,0,0.7316260413452642,497.8
GS-000992,loyal,Travel,Monthly,517.6037618841832,38.5,0,0.9814241486068109,476.45
GS-000993,standard,Travel,Monthly,731.2889904953918,57.4,0,0.942307692307692,646.32
GS-000994,standard,Motor,Monthly,646.8,3.2,0,0.8455980328358912,512.98
GS-000995,standard,Travel,Monthly,596.0460860655738,8.8,0,0.8455980328358912,472.73
GS-000996,standard,Motor,Monthly,979.1294672131148,6.2,0,0.8455980328358912,776.55
GS-000997,loyal,Pet,Monthly,814.8818692509856,25.0,0,0.9666170727171273,738.78
GS-000998,standard,Travel,Monthly,516.7303293413174,11.8,0,0.8455980328358912,409.82
GS-000999,standard,Motor,Monthly,1027.5894955964773,41.7,0,0.9235855666491501,890.15
GS-001000,loyal,Home,Monthly,932.7071989051095,27.9,0,0.9666170727171273,845.6
GS-001001,standard,Motor,Monthly,464.3842761495705,72.0,1,0.1,43.56
GS-001002,loyal,Pet,Monthly,1014.9806865671643,55.2,0,0.9615384615384621,915.36
GS-001003,standard,Home,Monthly,486.3557025547445,54.2,0,0.942307692307692,429.85
GS-001004,standard,Home,Monthly,985.5032465034965,47.4,0,0.9235855666491501,853.69
GS-001005,loyal,Pet,Monthly,847.7556400437637,45.1,0,0.9814241486068109,780.36
GS-001006,loyal,Motor,Monthly,774.8849149659865,58.6,0,0.9615384615384621,698.83
GS-001007,standard,Home,Monthly,152.57999999999998,1.2,0,0.8455980328358912,121.01
GS-001008,loyal,Motor,Monthly,680.5649014454666,50.2,0,0.9615384615384621,613.77
GS-001009,loyal,Motor,Monthly,1354.401383299799,49.1,0,0.9615384615384621,1221.47
GS-001010,standard,Home,Monthly,482.78044520547945,12.9,0,0.9218210586139648,417.41
GS-001011,standard,Pet,Monthly,774.9280818729463,72.0,1,0.1,72.68
GS-001012,standard,Home,Monthly,842.1873742746615,34.0,0,0.9291341574190161,733.93
GS-001013,loyal,Home,Monthly,246.0,1.1,0,0.9557021677662589,220.51
GS-001014,standard,Motor,Annual,448.9275,59.4,0,0.942307692307692,396.77
GS-001015,loyal,Motor,Monthly,960.1530809859155,14.2,0,0.9872773536895676,889.09
GS-001016,standard,Travel,Monthly,507.7668911917098,19.9,0,0.9218210586139648,439.01
GS-001017,price_sensitive,Travel,Annual,386.38,12.0,1,0.7316260413452642,265.14
GS-001018,loyal,Motor,Monthly,1265.9222578125,21.2,0,0.9872773536895676,1172.23
GS-001019,standard,Home,Annual,651.48,11.2,0,0.8455980328358912,516.69
GS-001020,standard,Motor,Monthly,648.3528855140188,7.9,0,0.8455980328358912,514.21
GS-001021,loyal,Motor,Monthly,1791.6960048038432,41.8,0,0.9814241486068109,1649.26
GS-001022,price_sensitive,Motor,Monthly,751.5318582089552,12.0,1,0.7316260413452642,515.71
GS-001023,standard,Motor,Monthly,740.3443571428571,32.0,0,0.9291341574190161,645.18
GS-001024,price_sensitive,Motor,Monthly,376.75264925373136,12.0,1,0.7316260413452642,258.53
GS-001025,loyal,Motor,Monthly,1266.9847697947214,56.6,0,0.9615384615384621,1142.63
GS-001026,standard,Motor,Monthly,915.5834134615383,29.1,0,0.9291341574190161,797.89
GS-001027,price_sensitive,Life,Monthly,489.25418316831684,12.0,1,0.7316260413452642,335.73
GS-001028,loyal,Motor,Monthly,611.2545339439655,61.1,0,1.0,573.31
GS-001029,standard,Motor,Annual,1156.1075,52.2,0,0.942307692307692,1021.78
GS-001030,standard,Travel,Monthly,825.081157635468,20.8,0,0.9218210586139648,713.36
GS-001031,loyal,Travel,Annual,996.72,1.6,0,0.9557021677662589,893.44
GS-001032,price_sensitive,Life,Monthly,344.12,5.4,0,0.5450425521448253,175.92
GS-001033,standard,Travel,Monthly,487.9126993006993,48.0,1,0.942307692307692,431.22
GS-001034,standard,Travel,Monthly,403.81704321663017,30.2,0,0.9291341574190161,351.91
GS-001035,price_sensitive,Motor,Annual,682.0880467675379,35.9,1,0.7049180327868848,450.97
GS-001036,standard,Pet,Monthly,715.5003475215517,72.0,1,0.1,67.11
GS-001037,price_sensitive,Motor,Annual,677.6538287671234,48.0,1,0.1,63.56
GS-001038,loyal,Home,Monthly,741.3294145927601,29.2,0,0.9666170727171273,672.1
GS-001039,standard,Travel,Monthly,1153.8619311377247,12.0,1,0.9218210586139648,997.63
GS-001040,standard,Motor,Annual,877.8308424657534,13.4,0,0.9218210586139648,758.97
GS-001041,standard,Motor,Monthly,1096.7203656716417,12.0,1,0.9218210586139648,948.22
GS-001042,loyal,Home,Monthly,335.1530080482898,49.5,0,0.9615384615384621,302.26
GS-001043,standard,Motor,Annual,965.886295620438,40.1,0,0.9235855666491501,836.7
GS-001044,price_sensitive,Motor,Monthly,387.3994686162625,24.0,1,0.7440728887727786,270.36
GS-001045,standard,Motor,Monthly,916.6370192307692,24.0,1,0.9291341574190161,798.81
GS-001046,standard,Motor,Monthly,642.84,16.4,0,0.9218210586139648,555.8
GS-001047,standard,Home,Monthly,982.3450928571428,24.0,1,0.9291341574190161,856.07
GS-001048,standard,Life,Monthly,768.0278069196429,58.9,0,0.942307692307692,678.79
GS-001049,price_sensitive,Motor,Monthly,463.9438208955224,12.0,1,0.7316260413452642,318.36
GS-001050,standard,Motor,Monthly,870.3214324817518,27.5,0,0.9291341574190161,758.45
GS-001051,loyal,Home,Monthly,994.7538430583501,49.2,0,0.9615384615384621,897.12
GS-001052,standard,Home,Monthly,717.109920477137,33.4,0,0.9291341574190161,624.93
GS-001053,loyal,Motor,Monthly,1042.9702001429594,46.2,0,0.9814241486068109,960.05
GS-001054,standard,Life,Monthly,678.6017910447761,12.0,1,0.9218210586139648,586.72
GS-001055,loyal,Home,Monthly,2254.117518587361,53.4,0,0.9615384615384621,2032.87
GS-001056,standard,Home,Monthly,447.7593188622754,11.4,0,0.8455980328358912,355.12
GS-001057,loyal,Motor,Annual,1285.0,4.0,0,0.9557021677662589,1151.84
GS-001058,standard,Home,Annual,1497.855226027397,20.8,0,0.9218210586139648,1295.04
GS-001059,loyal,Home,Annual,2044.4,12.0,1,0.9872773536895676,1893.09
GS-001060,price_sensitive,Travel,Monthly,409.6705239520958,11.0,0,0.5450425521448253,209.43
GS-001061,loyal,Travel,Monthly,744.8944265593562,49.6,0,0.9615384615384621,671.78
GS-001062,price_sensitive,Motor,Annual,1176.64,12.0,1,0.7316260413452642,807.42
GS-001063,price_sensitive,Home,Annual,947.5285479452054,20.2,0,0.7316260413452642,650.2
GS-001064,standard,Motor,Monthly,1667.6760189873419,51.9,0,0.942307692307692,1473.91
GS-001065,standard,Motor,Monthly,643.1716754874651,59.1,0,0.942307692307692,568.44
GS-001066,standard,Motor,Monthly,677.744203125,21.3,0,0.9218210586139648,585.98
GS-001067,loyal,Life,Annual,1808.5715799561885,62.3,0,1.0,1696.3
GS-001068,loyal,Motor,Annual,2086.4555048076923,35.9,1,0.9717314487632502,1901.62
GS-001069,standard,Motor,Monthly,717.2472131147541,6.9,0,0.8455980328358912,568.85
GS-001070,loyal,Travel,Monthly,1051.258683844011,59.7,0,0.9615384615384621,948.08
GS-001071,standard,Motor,Monthly,481.39950000000005,23.4,0,0.9218210586139648,416.22
GS-001072,standard,Motor,Monthly,807.6857230839416,36.2,0,0.9235855666491501,699.66
GS-001073,loyal,Pet,Monthly,876.0820793650794,31.8,0,0.9666170727171273,794.27
GS-001074,price_sensitive,Travel,Monthly,358.3429589552239,48.0,1,0.1,33.61
GS-001075,loyal,Travel,Monthly,943.2767018779343,21.0,0,0.9872773536895676,873.47
GS-001076,price_sensitive,Motor,Annual,381.3163343978102,48.0,1,0.1,35.76
GS-001077,loyal,Motor,Monthly,1229.1551186131387,54.6,0,0.9615384615384621,1108.51
GS-001078,standard,Travel,Monthly,601.2990101809954,29.4,0,0.9291341574190161,524.01
GS-001079,standard,Home,Annual,993.94,1.8,0,0.8455980328358912,788.3
GS-001080,standard,Pet,Monthly,364.28,5.0,0,0.8455980328358912,288.91
GS-001081,loyal,Motor,Monthly,1617.3038095238096,58.0,0,0.9615384615384621,1458.56
GS-001082,standard,Travel,Annual,898.18,12.0,1,0.9218210586139648,776.56
GS-001083,loyal,Motor,Monthly,975.27,16.6,0,0.9872773536895676,903.09
GS-001084,price_sensitive,Motor,Monthly,894.3375898203592,11.1,0,0.5450425521448253,457.19
GS-001085,standard,Home,Monthly,866.6025226586103,10.9,0,0.8455980328358912,687.31
GS-001086,loyal,Home,Annual,1476.8712223756906,11.9,0,0.9557021677662589,1323.83
GS-001087,loyal,Home,Monthly,559.5405230769231,32.9,0,0.9666170727171273,507.29
GS-001088,loyal,Home,Monthly,1047.3278820116054,34.8,0,0.9666170727171273,949.52
GS-001089,loyal,Motor,Annual,1573.4013869112814,62.3,0,1.0,1475.73
GS-001090,standard,Life,Annual,767.2190265607885,72.0,1,0.1,71.96
GS-001091,price_sensitive,Home,Monthly,627.485082236842,15.2,0,0.7316260413452642,430.59
GS-001092,price_sensitive,Travel,Annual,1009.94,12.0,1,0.7316260413452642,693.03
GS-001093,loyal,Motor,Annual,2151.9670588235294,27.5,0,0.9666170727171273,1951.0
GS-001094,standard,Home,Annual,2017.74,12.0,1,0.9218210586139648,1744.53
GS-001095,standard,Home,Monthly,1168.48,3.4,0,0.8455980328358912,926.73
GS-001096,standard,Travel,Monthly,254.88,1.5,0,0.8455980328358912,202.15
GS-001097,standard,Life,Annual,659.1422316538883,72.0,1,0.1,61.82
GS-001098,standard,Travel,Monthly,751.0663107752956,50.5,0,0.942307692307692,663.8
GS-001099,price_sensitive,Home,Monthly,285.0254464285714,47.9,1,0.1,26.73
GS-001100,price_sensitive,Pet,Monthly,255.85841104734575,22.9,0,0.7316260413452642,175.57
GS-001101,loyal,Pet,Monthly,1478.0780464285715,23.4,0,0.9872773536895676,1368.69
GS-001102,price_sensitive,Home,Annual,718.28,2.9,0,0.5450425521448253,367.19
GS-001103,loyal,Travel,Monthly,763.4514544172931,36.0,1,0.9814241486068109,702.76
GS-001104,price_sensitive,Home,Monthly,463.4171351809954,29.3,0,0.7440728887727786,323.41
GS-001105,standard,Pet,Monthly,293.30781531531534,12.0,1,0.9218210586139648,253.59
GS-001106,standard,Life,Monthly,898.3745192307692,48.0,1,0.942307692307692,793.99
GS-001107,loyal,Home,Monthly,681.3645437956204,18.4,0,0.9872773536895676,630.94
GS-001108,price_sensitive,Travel,Monthly,610.919801980198,10.1,0,0.5450425521448253,312.31
GS-001109,loyal,Motor,Monthly,311.84,3.7,0,0.9557021677662589,279.53
GS-001110,price_sensitive,Motor,Monthly,337.4669635193133,24.0,1,0.7440728887727786,235.51
GS-001111,standard,Life,Monthly,763.3648374125873,48.0,1,0.942307692307692,674.67
GS-001112,loyal,Motor,Annual,2745.46,1.6,0,0.9557021677662589,2460.96
GS-001113,price_sensitive,Home,Monthly,548.5121373056995,19.5,0,0.7316260413452642,376.39
GS-001114,standard,Pet,Monthly,498.62,4.2,0,0.8455980328358912,395.46
GS-001115,standard,Home,Monthly,705.6848059701492,12.0,1,0.9218210586139648,610.13
GS-001116,loyal,Home,Monthly,1208.247,9.5,0,0.9557021677662589,1083.04
GS-001117,standard,Pet,Monthly,571.164059507524,24.7,0,0.9291341574190161,497.74
GS-001118,price_sensitive,Motor,Monthly,366.9249321428572,24.0,1,0.7440728887727786,256.07
GS-001119,price_sensitive,Motor,Monthly,284.34000000000003,5.2,0,0.5450425521448253,145.36
GS-001120,standard,Motor,Monthly,1079.9732291666667,26.2,0,0.9291341574190161,941.15
GS-001121,standard,Home,Monthly,579.7783059210526,15.5,0,0.9218210586139648,501.27
GS-001122,loyal,Motor,Monthly,963.0877537526804,46.2,0,0.9814241486068109,886.52
GS-001123,standard,Home,Annual,592.28,12.0,1,0.9218210586139648,512.08
GS-001124,loyal,Travel,Annual,738.7651314348302,62.1,0,1.0,692.9
GS-001125,standard,Home,Monthly,659.5061376075059,42.9,0,0.9235855666491501,571.3
GS-001126,loyal,Pet,Annual,1067.3364826642335,42.2,0,0.9814241486068109,982.48
GS-001127,standard,Motor,Monthly,888.8161549295775,35.5,0,0.9291341574190161,774.56
GS-001128,price_sensitive,Motor,Monthly,330.89796287593987,36.0,1,0.1,31.04
GS-001129,loyal,Life,Monthly,1243.938044041451,19.9,0,0.9872773536895676,1151.87
GS-001130,standard,Motor,Monthly,737.7110785714286,24.0,1,0.9291341574190161,642.88
GS-001131,price_sensitive,Motor,Annual,872.9475,24.0,1,0.7440728887727786,609.22
GS-001132,standard,Motor,Monthly,725.2977964285715,24.0,1,0.9291341574190161,632.07
GS-001133,loyal,Travel,Annual,1547.82,4.4,0,0.9557021677662589,1387.43
GS-001134,price_sensitive,Motor,Monthly,327.247584269663,48.0,1,0.1,30.69
GS-001135,loyal,Pet,Monthly,899.442173076923,47.0,0,0.9814241486068109,827.94
GS-001136,standard,Home,Annual,1086.5,1.1,0,0.8455980328358912,861.71
GS-001137,standard,Motor,Monthly,204.45999999999998,2.0,0,0.8455980328358912,162.16
GS-001138,loyal,Pet,Annual,1277.500598495212,25.5,0,0.9666170727171273,1158.2
GS-001139,loyal,Home,Monthly,2317.5407824726135,63.4,0,1.0,2173.68
GS-001140,loyal,Travel,Annual,1954.1324692202463,27.9,0,0.9666170727171273,1771.64
GS-001141,standard,Motor,Monthly,445.30840100364964,36.8,0,0.9235855666491501,385.75
GS-001142,standard,Travel,Monthly,560.7149569640062,72.0,1,0.1,52.59
GS-001143,standard,Motor,Annual,1255.38,5.8,0,0.8455980328358912,995.65
GS-001144,price_sensitive,Motor,Monthly,288.1004776119403,12.0,1,0.7316260413452642,197.7
GS-001145,standard,Motor,Annual,1027.8175,51.7,0,0.942307692307692,908.4
GS-001146,price_sensitive,Life,Monthly,441.5089821428572,23.8,0,0.7316260413452642,302.97
GS-001147,loyal,Motor,Monthly,643.2793216783216,48.0,1,0.9615384615384621,580.14
GS-001148,price_sensitive,Motor,Monthly,504.59178143712575,12.0,1,0.7316260413452642,346.26
GS-001149,loyal,Home,Monthly,859.9967205659424,65.1,0,1.0,806.61
GS-001150,price_sensitive,Motor,Annual,756.92,12.0,1,0.7316260413452642,519.41
GS-001151,standard,Home,Annual,874.6013679890561,30.3,0,0.9291341574190161,762.18
GS-001152,standard,Motor,Monthly,688.530908759124,45.0,0,0.9235855666491501,596.44
GS-001153,standard,Motor,Annual,525.0743938356164,36.0,1,0.9235855666491501,454.85
GS-001154,price_sensitive,Motor,Annual,994.66,12.0,1,0.7316260413452642,682.54
GS-001155,standard,Motor,Monthly,838.0799999999999,4.2,0,0.8455980328358912,664.69
GS-001156,standard,Motor,Annual,859.4893395795247,42.0,0,0.9235855666491501,744.53
GS-001157,loyal,Home,Monthly,946.5387641402714,29.4,0,0.9666170727171273,858.14
GS-001158,loyal,Motor,Annual,1348.633089041096,19.1,0,0.9872773536895676,1248.82
GS-001159,standard,Motor,Monthly,1414.8497966056034,72.0,1,0.1,132.7
GS-001160,standard,Motor,Monthly,521.5582692307693,32.7,0,0.9291341574190161,454.52
GS-001161,standard,Pet,Monthly,1001.4936940298506,12.0,1,0.9218210586139648,865.89
GS-001162,loyal,Home,Annual,1007.115,49.0,0,0.9615384615384621,908.27
GS-001163,standard,Motor,Monthly,1053.148878504673,7.4,0,0.8455980328358912,835.26
GS-001164,loyal,Home,Annual,1487.8676697530864,58.9,0,0.9615384615384621,1341.83
GS-001165,price_sensitive,Life,Annual,971.7,12.0,1,0.7316260413452642,666.79
GS-001166,standard,Motor,Monthly,368.9,5.6,0,0.8455980328358912,292.58
GS-001167,standard,Home,Annual,1766.18,12.0,1,0.9218210586139648,1527.03
GS-001168,loyal,Motor,Monthly,549.591675,23.3,0,0.9872773536895676,508.92
GS-001169,loyal,Motor,Monthly,883.5192574257427,10.3,0,0.9557021677662589,791.96
GS-001170,price_sensitive,Travel,Annual,1235.72,11.9,1,0.5474671117219716,634.52
GS-001171,price_sensitive,Motor,Monthly,468.1105239520958,12.0,1,0.7316260413452642,321.22
GS-001172,loyal,Travel,Monthly,1050.2138980263157,15.4,0,0.9872773536895676,972.49
GS-001173,standard,Motor,Monthly,949.0830447761194,11.9,1,0.8477989003090736,754.68
GS-001174,standard,Motor,Monthly,638.7132803867403,11.9,0,0.8477989003090736,507.89
GS-001175,price_sensitive,Home,Monthly,801.2176178571428,24.0,1,0.7440728887727786,559.16
GS-001176,standard,Home,Annual,1041.3727808219176,13.8,0,0.9218210586139648,900.37
GS-001177,loyal,Motor,Monthly,1123.7431756017506,30.7,0,0.9666170727171273,1018.8
GS-001178,price_sensitive,Motor,Monthly,708.644975369458,20.8,0,0.7316260413452642,486.28
GS-001179,standard,Home,Monthly,1443.2347887323945,72.0,1,0.1,135.36
GS-001180,price_sensitive,Home,Annual,948.56,12.0,1,0.7316260413452642,650.91
GS-001181,loyal,Home,Monthly,876.5615288104088,53.3,0,0.9615384615384621,790.53
GS-001182,standard,Motor,Monthly,663.3525000000001,16.9,0,0.9218210586139648,573.53
GS-001183,price_sensitive,Motor,Monthly,272.8313142857143,24.0,1,0.7440728887727786,190.4
GS-001184,standard,Motor,Annual,593.1413389598539,38.5,0,0.9235855666491501,513.81
GS-001185,loyal,Pet,Annual,952.9392495437957,39.8,0,0.9814241486068109,877.18
GS-001186,standard,Life,Annual,1078.7183424657535,17.8,0,0.9218210586139648,932.66
GS-001187,price_sensitive,Travel,Monthly,374.06741544789764,47.9,1,0.1,35.08
GS-001188,standard,Motor,Monthly,1278.6825000000001,32.0,0,0.9291341574190161,1114.32
GS-001189,loyal,Pet,Monthly,810.4231068911511,42.0,0,0.9814241486068109,745.99
GS-001190,price_sensitive,Motor,Monthly,557.4787762237762,48.0,1,0.1,52.29
GS-001191,standard,Travel,Monthly,485.8364778325123,40.3,0,0.9235855666491501,420.86
GS-001192,price_sensitive,Home,Annual,934.12,12.0,1,0.7316260413452642,641.0
GS-001193,standard,Travel,Monthly,571.5989332603939,45.2,0,0.9235855666491501,495.15
GS-001194,standard,Life,Monthly,1070.6791118421052,15.6,0,0.9218210586139648,925.71
GS-001195,price_sensitive,Motor,Annual,570.5325412087913,35.9,1,0.7049180327868848,377.21
GS-001196,price_sensitive,Pet,Annual,1047.68,12.0,1,0.7316260413452642,718.93
GS-001197,loyal,Motor,Monthly,821.8599999999999,2.6,0,0.9557021677662589,736.69
GS-001198,standard,Home,Monthly,986.28,16.7,0,0.9218210586139648,852.74
GS-001199,standard,Pet,Monthly,720.7309253731343,12.0,1,0.9218210586139648,623.14
GS-001200,loyal,Home,Monthly,843.805767857143,23.8,0,0.9872773536895676,781.36
GS-001201,standard,Home,Monthly,472.0153846153846,47.8,0,0.9235855666491501,408.88
GS-001202,loyal,Motor,Annual,1840.48,5.8,0,0.9557021677662589,1649.76
GS-001203,loyal,Home,Monthly,608.7469235628553,52.5,0,0.9615384615384621,549.0
GS-001204,price_sensitive,Life,Monthly,322.9048948598131,7.3,0,0.5450425521448253,165.07
GS-001205,price_sensitive,Travel,Annual,887.62,12.0,1,0.7316260413452642,609.09
GS-001206,price_sensitive,Home,Annual,1193.06,12.0,1,0.7316260413452642,818.69
GS-001207,standard,Motor,Monthly,457.2464623552124,17.8,0,0.9218210586139648,395.33
GS-001208,standard,Motor,Monthly,613.2797671232877,12.8,0,0.9218210586139648,530.24
GS-001209,price_sensitive,Life,Monthly,572.4751362683438,48.0,1,0.1,53.69
GS-001210,standard,Motor,Annual,580.9223803009576,27.2,0,0.9291341574190161,506.25
GS-001211,standard,Home,Monthly,593.0094642857143,24.0,1,0.9291341574190161,516.78
GS-001212,price_sensitive,Motor,Monthly,350.62,2.2,0,0.5450425521448253,179.24
GS-001213,standard,Motor,Monthly,743.9672892857143,24.0,1,0.9291341574190161,648.34
GS-001214,price_sensitive,Motor,Monthly,576.0937355212355,17.8,0,0.7316260413452642,395.32
GS-001215,standard,Motor,Monthly,1683.9578675373134,44.9,0,0.9235855666491501,1458.73
GS-001216,standard,Motor,Monthly,543.9507366071429,12.0,1,0.9218210586139648,470.3
GS-001217,loyal,Motor,Monthly,557.410868263473,11.4,0,0.9557021677662589,499.65
GS-001218,price_sensitive,Travel,Monthly,434.9755688622754,12.0,1,0.7316260413452642,298.48
GS-001219,standard,Travel,Monthly,1080.2661415168102,42.6,0,0.9235855666491501,935.78
GS-001220,standard,Motor,Monthly,569.374176923077,32.6,0,0.9291341574190161,496.18
GS-001221,standard,Motor,Monthly,660.6480286259541,43.1,0,0.9235855666491501,572.29
GS-001222,standard,Home,Monthly,941.2695824949698,49.9,0,0.942307692307692,831.91
GS-001223,standard,Pet,Monthly,1133.74,3.9,0,0.8455980328358912,899.18
GS-001224,loyal,Travel,Monthly,646.9095391791044,44.4,0,0.9814241486068109,595.48
GS-001225,price_sensitive,Motor,Monthly,420.8537394366198,36.0,1,0.1,39.47
GS-001226,price_sensitive,Travel,Monthly,628.8287704918033,8.9,0,0.5450425521448253,321.46
GS-001227,standard,Motor,Monthly,1083.6750000000002,16.9,0,0.9218210586139648,936.94
GS-001228,standard,Home,Monthly,499.2069973718791,25.5,0,0.9291341574190161,435.04
GS-001229,standard,Home,Monthly,689.6882335329341,11.9,0,0.8477989003090736,548.42
GS-001230,loyal,Home,Monthly,1443.9071568914956,56.5,0,0.9615384615384621,1302.19
GS-001231,price_sensitive,Motor,Annual,608.6265821917808,17.6,0,0.7316260413452642,417.65
GS-001232,loyal,Travel,Monthly,1060.318876923077,32.2,0,0.9666170727171273,961.3
GS-001233,loyal,Travel,Monthly,1186.92,5.5,0,0.9557021677662589,1063.93
GS-001234,loyal,Travel,Annual,1426.3712595837894,64.5,0,1.0,1337.83
GS-001235,standard,Pet,Monthly,1283.1396044776118,12.0,1,0.9218210586139648,1109.4
GS-001236,loyal,Motor,Annual,1534.0533325729925,45.6,0,0.9814241486068109,1412.1
GS-001237,price_sensitive,Pet,Annual,1172.7,12.0,1,0.7316260413452642,804.72
GS-001238,standard,Pet,Monthly,901.6332537313432,12.0,1,0.9218210586139648,779.55
GS-001239,loyal,Motor,Monthly,813.3354291044776,44.1,0,0.9814241486068109,748.68
GS-001240,price_sensitive,Travel,Monthly,299.0685704125178,24.0,1,0.7440728887727786,208.71
GS-001241,price_sensitive,Motor,Annual,1778.32,12.0,1,0.7316260413452642,1220.3
GS-001242,loyal,Home,Monthly,909.5608160621762,19.7,0,0.9872773536895676,842.24
GS-001243,loyal,Life,Annual,1465.076270718232,17.0,0,0.9872773536895676,1356.65
GS-001244,loyal,Motor,Monthly,1021.3126494724502,28.5,0,0.9666170727171273,925.93
GS-001245,loyal,Home,Annual,1705.7977747252746,13.0,0,0.9872773536895676,1579.55
GS-001246,price_sensitive,Motor,Monthly,368.2901047904191,11.6,0,0.5450425521448253,188.27
GS-001247,price_sensitive,Travel,Annual,885.84,12.0,1,0.7316260413452642,607.87
GS-001248,standard,Pet,Annual,842.2585054719563,35.8,0,0.9291341574190161,733.99
GS-001249,loyal,Motor,Monthly,666.3888664122137,43.5,0,0.9814241486068109,613.41
GS-001250,standard,Life,Monthly,477.995049935567,51.3,0,0.942307692307692,422.46
GS-001251,standard,Pet,Monthly,663.0786660447761,44.6,0,0.9235855666491501,574.39
GS-001252,loyal,Home,Monthly,617.4680569948187,19.6,0,0.9872773536895676,571.77
GS-001253,price_sensitive,Home,Annual,805.32,12.0,1,0.7316260413452642,552.62
GS-001254,standard,Motor,Monthly,644.0928437738731,43.0,0,0.9235855666491501,557.95
GS-001255,standard,Motor,Monthly,896.9621407185629,12.0,1,0.9218210586139648,775.51
GS-001256,loyal,Pet,Monthly,715.1214237451737,17.2,0,0.9872773536895676,662.2
GS-001257,standard,Motor,Monthly,673.6378363228699,22.1,0,0.9218210586139648,582.43
GS-001258,loyal,Home,Monthly,775.52,3.1,0,0.9557021677662589,695.16
GS-001259,standard,Motor,Monthly,725.26,5.8,0,0.8455980328358912,575.21
GS-001260,standard,Motor,Monthly,478.390793768546,12.0,1,0.9218210586139648,413.62
GS-001261,loyal,Home,Monthly,520.2679653284671,27.8,0,0.9666170727171273,471.68
GS-001262,price_sensitive,Home,Monthly,333.98023880597015,12.0,1,0.7316260413452642,229.18
GS-001263,loyal,Travel,Monthly,776.3650912408759,27.5,0,0.9666170727171273,703.86
GS-001264,loyal,Home,Monthly,1121.0441092814372,11.3,0,0.9557021677662589,1004.88
GS-001265,loyal,Home,Annual,1038.06,52.5,0,0.9615384615384621,936.17
GS-001266,standard,Motor,Annual,862.0825,59.2,0,0.942307692307692,761.92
GS-001267,standard,Motor,Monthly,588.0490736397749,36.0,1,0.9235855666491501,509.4
GS-001268,standard,Travel,Monthly,651.9262895662368,28.6,0,0.9291341574190161,568.13
GS-001269,standard,Pet,Monthly,540.3135924068768,23.0,0,0.9218210586139648,467.15
GS-001270,standard,Motor,Monthly,497.74955912076797,72.0,1,0.1,46.69
GS-001271,price_sensitive,Motor,Monthly,451.1931062874251,12.0,1,0.7316260413452642,309.61
GS-001272,price_sensitive,Home,Monthly,469.6024701492537,12.0,1,0.7316260413452642,322.25
GS-001273,standard,Motor,Monthly,656.2165013140605,50.2,0,0.942307692307692,579.97
GS-001274,loyal,Home,Annual,1650.6302051983585,27.2,0,0.9666170727171273,1496.48
GS-001275,loyal,Travel,Monthly,825.5049492187501,21.5,0,0.9872773536895676,764.41
GS-001276,standard,Life,Monthly,729.73215571205,72.0,1,0.1,68.44
GS-001277,price_sensitive,Motor,Monthly,739.4931740370898,24.0,1,0.7440728887727786,516.08
GS-001278,standard,Pet,Annual,929.42,6.8,0,0.8455980328358912,737.13
GS-001279,price_sensitive,Home,Annual,548.64,4.2,0,0.5450425521448253,280.47
GS-001280,standard,Home,Monthly,675.169610717897,71.9,1,0.1,63.33
GS-001281,standard,Motor,Monthly,640.1854508196722,6.8,0,0.8455980328358912,507.73
GS-001282,standard,Travel,Monthly,467.9931217616581,19.9,0,0.9218210586139648,404.63
GS-001283,price_sensitive,Motor,Monthly,532.9506454918032,8.6,0,0.5450425521448253,272.45
GS-001284,standard,Motor,Monthly,1028.8595211267607,35.9,0,0.926048510999967,893.63
GS-001285,loyal,Life,Monthly,1180.024981060606,26.8,0,0.9666170727171273,1069.83
GS-001286,loyal,Home,Monthly,1817.4875985221674,20.8,0,0.9872773536895676,1682.98
GS-001287,price_sensitive,Travel,Annual,685.32,11.8,0,0.5450425521448253,350.34
GS-001288,price_sensitive,Motor,Monthly,557.8673316062177,19.7,0,0.7316260413452642,382.81
GS-001289,standard,Motor,Monthly,962.1032070135745,29.5,0,0.9291341574190161,838.43
GS-001290,price_sensitive,Motor,Annual,974.3769246575342,24.0,1,0.7440728887727786,680.0
GS-001291,standard,Travel,Monthly,447.6427847490348,17.2,0,0.9218210586139648,387.03
GS-001292,standard,Home,Annual,414.7353763686131,47.2,0,0.9235855666491501,359.27
GS-001293,price_sensitive,Motor,Annual,1492.241383561644,19.7,0,0.7316260413452642,1023.99
GS-001294,standard,Home,Monthly,521.3375,48.6,0,0.942307692307692,460.76
GS-001295,standard,Pet,Monthly,447.5253197158081,37.1,0,0.9235855666491501,387.67
GS-001296,loyal,Pet,Monthly,790.9603975799481,38.5,0,0.9814241486068109,728.08
GS-001297,loyal,Home,Annual,3073.803904109589,15.8,0,0.9872773536895676,2846.31
GS-001298,standard,Motor,Monthly,894.3746486013986,47.6,0,0.9235855666491501,774.75
GS-001299,price_sensitive,Home,Annual,1978.5,12.0,1,0.7316260413452642,1357.66
GS-001300,standard,Home,Annual,931.9325,59.1,0,0.942307692307692,823.65
GS-001301,standard,Motor,Monthly,467.9579150197628,25.0,0,0.9291341574190161,407.8
GS-001302,price_sensitive,Motor,Monthly,272.95323087919945,48.0,1,0.1,25.6
GS-001303,standard,Home,Monthly,946.1834056886228,12.0,1,0.9218210586139648,818.07
GS-001304,standard,Motor,Monthly,1356.217992393915,41.6,0,0.9235855666491501,1174.83
GS-001305,price_sensitive,Travel,Annual,792.08,12.0,1,0.7316260413452642,543.53
GS-001306,standard,Motor,Monthly,584.5046208930077,39.2,0,0.9235855666491501,506.33
GS-001307,standard,Life,Monthly,370.08526390870185,24.0,1,0.9291341574190161,322.51
GS-001308,price_sensitive,Motor,Annual,714.3289315068492,12.9,0,0.7316260413452642,490.18
GS-001309,loyal,Motor,Monthly,793.8327145522388,44.1,0,0.9814241486068109,730.72
GS-001310,price_sensitive,Pet,Annual,955.66,11.9,1,0.5474671117219716,490.71
GS-001311,price_sensitive,Motor,Monthly,388.9808142857143,24.0,1,0.7440728887727786,271.46
GS-001312,standard,Home,Monthly,539.22,5.0,0,0.8455980328358912,427.66
GS-001313,standard,Home,Annual,1174.2925188485262,51.0,0,0.942307692307692,1037.85
GS-001314,standard,Pet,Annual,956.12,12.0,1,0.9218210586139648,826.66
GS-001315,standard,Travel,Monthly,906.3698745437956,36.5,0,0.9235855666491501,785.14
GS-001316,price_sensitive,Travel,Monthly,362.81766411378555,48.0,1,0.1,34.03
GS-001317,loyal,Home,Monthly,929.0680291970803,18.9,0,0.9872773536895676,860.31
GS-001318,price_sensitive,Travel,Annual,1405.58,12.0,1,0.7316260413452642,964.52
GS-001319,standard,Motor,Annual,1527.501494069343,47.4,0,0.9235855666491501,1323.2
GS-001320,standard,Motor,Annual,1018.2790778688526,23.0,0,0.9218210586139648,880.4
GS-001321,standard,Life,Monthly,586.7062928571429,23.4,0,0.9218210586139648,507.26
GS-001322,standard,Motor,Monthly,756.9516210295728,72.0,1,0.1,71.0
GS-001323,price_sensitive,Home,Monthly,255.8712537313433,12.0,1,0.7316260413452642,175.58
GS-001324,standard,Travel,Monthly,1448.4179552238807,12.0,1,0.9218210586139648,1252.3
GS-001325,price_sensitive,Motor,Monthly,335.08489278055754,48.0,1,0.1,31.43
GS-001326,standard,Motor,Annual,534.515,52.1,0,0.942307692307692,472.41
GS-001327,standard,Home,Monthly,282.88100467289723,7.2,0,0.8455980328358912,224.35
GS-001328,standard,Life,Monthly,810.7351020816653,41.9,0,0.9235855666491501,702.3
GS-001329,standard,Motor,Monthly,812.1186174242424,26.7,0,0.9291341574190161,707.73
GS-001330,standard,Life,Annual,1448.38,9.7,0,0.8455980328358912,1148.72
GS-001331,standard,Pet,Annual,801.59,55.2,0,0.942307692307692,708.46
GS-001332,standard,Home,Monthly,466.4833168316832,10.8,0,0.8455980328358912,369.97
GS-001333,standard,Home,Monthly,265.78599785407727,24.0,1,0.9291341574190161,231.62
GS-001334,standard,Motor,Monthly,763.2332551319648,56.3,0,0.942307692307692,674.55
GS-001335,loyal,Home,Monthly,781.7885873850197,25.9,0,0.9666170727171273,708.78
GS-001336,standard,Motor,Monthly,677.0008363636364,9.8,0,0.8455980328358912,536.93
GS-001337,standard,Life,Monthly,433.0508982035928,12.0,1,0.9218210586139648,374.41
GS-001338,standard,Home,Monthly,902.6695023696682,7.0,0,0.8455980328358912,715.91
GS-001339,standard,Home,Monthly,1339.8406683168319,10.5,0,0.8455980328358912,1062.64
GS-001340,standard,Home,Monthly,404.7382505360972,46.6,0,0.9235855666491501,350.61
GS-001341,standard,Motor,Monthly,401.65725338491296,51.0,0,0.942307692307692,354.99
GS-001342,loyal,Travel,Monthly,1795.6491768292683,36.0,1,0.9814241486068109,1652.9
GS-001343,price_sensitive,Travel,Monthly,554.7874925373134,12.0,1,0.7316260413452642,380.7
GS-001344,standard,Home,Monthly,753.3611792986425,29.2,0,0.9291341574190161,656.52
GS-001345,standard,Motor,Monthly,663.6525997899159,47.9,1,0.9246702238031718,575.57
GS-001346,loyal,Motor,Monthly,593.5672470433641,25.4,0,0.9666170727171273,538.14
GS-001347,standard,Pet,Monthly,807.56,5.5,0,0.8455980328358912,640.48
GS-001348,price_sensitive,Home,Annual,815.7105588503649,48.0,1,0.1,76.51
GS-001349,standard,Pet,Monthly,365.12,3.2,0,0.8455980328358912,289.58
GS-001350,standard,Home,Annual,1324.56,12.0,1,0.9218210586139648,1145.21
GS-001351,loyal,Motor,Monthly,1250.4126153212524,20.0,0,0.9872773536895676,1157.87
GS-001352,price_sensitive,Motor,Monthly,634.7616194968552,48.0,1,0.1,59.54
GS-001353,price_sensitive,Motor,Monthly,119.16,2.1,0,0.5450425521448253,60.92
GS-001354,standard,Home,Annual,1443.34,11.9,1,0.8477989003090736,1147.7
GS-001355,loyal,Motor,Annual,1304.822299270073,40.2,0,0.9814241486068109,1201.09
GS-001356,price_sensitive,Motor,Monthly,313.47882882882885,12.0,1,0.7316260413452642,215.11
GS-001357,price_sensitive,Home,Monthly,323.8149026946108,12.0,1,0.7316260413452642,222.2
GS-001358,loyal,Motor,Monthly,523.5973688811188,47.7,0,0.9814241486068109,481.97
GS-001359,standard,Pet,Monthly,924.6800000000001,5.2,0,0.8455980328358912,733.37
GS-001360,price_sensitive,Motor,Annual,863.7111780821917,24.0,1,0.7440728887727786,602.77
GS-001361,standard,Home,Monthly,872.0521692307693,32.5,0,0.9291341574190161,759.96
GS-001362,standard,Pet,Monthly,491.6810149253731,12.0,1,0.9218210586139648,425.11
GS-001363,loyal,Life,Monthly,1389.7926044776118,55.8,0,0.9615384615384621,1253.38
GS-001364,standard,Travel,Annual,1425.62,4.3,0,0.8455980328358912,1130.67
GS-001365,price_sensitive,Motor,Monthly,272.12,5.8,0,0.5450425521448253,139.11
GS-001366,standard,Motor,Monthly,489.64500000000004,16.4,0,0.9218210586139648,423.35
GS-001367,loyal,Motor,Monthly,875.181624748491,49.8,0,0.9615384615384621,789.28
GS-001368,price_sensitive,Home,Monthly,499.56387313432833,12.0,1,0.7316260413452642,342.81
GS-001369,price_sensitive,Home,Annual,585.4307054794521,21.3,0,0.7316260413452642,401.73
GS-001370,loyal,Home,Monthly,1022.2122378716745,63.9,0,1.0,958.76
GS-001371,price_sensitive,Motor,Annual,941.8817723540145,48.0,1,0.1,88.34
GS-001372,standard,Motor,Annual,766.58,12.0,1,0.9218210586139648,662.78
GS-001373,standard,Home,Monthly,644.1999734042553,34.0,0,0.9291341574190161,561.39
GS-001374,price_sensitive,Motor,Monthly,342.01573880597016,48.0,1,0.1,32.08
GS-001375,price_sensitive,Home,Monthly,252.38337574850297,12.0,1,0.7316260413452642,173.19
GS-001376,standard,Motor,Monthly,561.8340594059406,10.6,0,0.8455980328358912,445.59
GS-001377,standard,Travel,Monthly,761.3166642857143,23.9,0,0.9225049803057674,658.72
GS-001378,standard,Motor,Annual,1798.4,6.6,0,0.8455980328358912,1426.32
GS-001379,standard,Travel,Monthly,1061.385971641791,55.2,0,0.942307692307692,938.07
GS-001380,price_sensitive,Home,Monthly,405.89632835820896,12.0,1,0.7316260413452642,278.53
GS-001381,price_sensitive,Motor,Monthly,528.0737981105667,47.9,1,0.1,49.53
GS-001382,standard,Motor,Monthly,285.1699951737452,17.8,0,0.9218210586139648,246.56
GS-001383,standard,Life,Monthly,531.5314253731343,12.0,1,0.9218210586139648,459.56
GS-001384,standard,Pet,Monthly,663.8183273638969,23.9,1,0.9225049803057674,574.36
GS-001385,price_sensitive,Motor,Monthly,654.9138427299704,12.0,1,0.7316260413452642,449.41
GS-001386,loyal,Home,Monthly,1024.9027384615385,32.8,0,0.9666170727171273,929.19
GS-001387,standard,Motor,Monthly,718.5760538321168,18.5,0,0.9218210586139648,621.28
GS-001388,standard,Travel,Annual,904.46,12.0,1,0.9218210586139648,781.99
GS-001389,standard,Motor,Annual,689.5769897260274,28.0,0,0.9291341574190161,600.94
GS-001390,standard,Travel,Annual,411.60749999999996,59.7,0,0.942307692307692,363.78
GS-001391,standard,Home,Annual,1072.6368359802848,72.0,1,0.1,100.61
GS-001392,standard,Motor,Monthly,621.7664975315414,71.9,1,0.1,58.32
GS-001393,loyal,Pet,Monthly,813.7152676056338,36.0,1,0.9814241486068109,749.03
GS-001394,loyal,Motor,Monthly,857.8195793650793,31.4,0,0.9666170727171273,777.71
GS-001395,standard,Travel,Monthly,368.0663855421687,11.9,1,0.8477989003090736,292.68
GS-001396,standard,Home,Annual,1339.58,12.0,1,0.9218210586139648,1158.2
GS-001397,price_sensitive,Motor,Monthly,199.06,12.0,1,0.7316260413452642,136.6
GS-001398,loyal,Home,Monthly,1051.440109489051,18.1,0,0.9872773536895676,973.62
GS-001399,standard,Motor,Monthly,740.24,16.0,0,0.9218210586139648,640.01
GS-001400,price_sensitive,Home,Monthly,285.8543433652531,24.3,0,0.7440728887727786,199.49
GS-001401,standard,Motor,Monthly,671.8201343283581,12.0,1,0.9218210586139648,580.85
GS-001402,standard,Life,Annual,973.1552176889377,72.0,1,0.1,91.27
GS-001403,price_sensitive,Motor,Monthly,427.24407934131733,12.0,1,0.7316260413452642,293.18
GS-001404,price_sensitive,Motor,Monthly,826.4218521126761,36.0,1,0.1,77.51
GS-001405,standard,Motor,Monthly,490.3585607142857,23.3,0,0.9218210586139648,423.96
GS-001406,standard,Motor,Annual,688.988413132695,24.8,0,0.9291341574190161,600.42
GS-001407,loyal,Home,Monthly,844.4991549295776,36.0,1,0.9814241486068109,777.36
GS-001408,standard,Pet,Monthly,862.5953444055943,48.0,1,0.942307692307692,762.37
GS-001409,standard,Pet,Monthly,871.8497540983607,6.8,0,0.8455980328358912,691.47
GS-001410,price_sensitive,Motor,Monthly,602.7124658002735,24.1,0,0.7440728887727786,420.62
GS-001411,loyal,Life,Monthly,659.9105164670659,12.0,1,0.9872773536895676,611.07
GS-001412,standard,Motor,Monthly,610.8573818181818,9.6,0,0.8455980328358912,484.47
GS-001413,loyal,Home,Monthly,968.6774624731952,46.1,0,0.9814241486068109,891.67
GS-001414,standard,Pet,Monthly,885.6930895522387,12.0,1,0.9218210586139648,765.77
GS-001415,price_sensitive,Motor,Monthly,143.18,2.6,0,0.5450425521448253,73.19
GS-001416,loyal,Motor,Monthly,1124.34,5.8,0,0.9557021677662589,1007.83
GS-001417,price_sensitive,Motor,Monthly,560.1913169642858,12.0,1,0.7316260413452642,384.41
GS-001418,price_sensitive,Motor,Annual,536.4809329379561,48.0,1,0.1,50.32
GS-001419,standard,Travel,Monthly,365.2841355140187,7.1,0,0.8455980328358912,289.71
GS-001420,loyal,Home,Monthly,1867.2206984447005,57.2,0,0.9615384615384621,1683.95
GS-001421,standard,Home,Annual,765.526025991792,33.8,0,0.9291341574190161,667.12
GS-001422,standard,Pet,Monthly,864.540903538332,39.2,0,0.9235855666491501,748.91
GS-001423,loyal,Motor,Monthly,1667.5260468750002,21.6,0,0.9872773536895676,1544.11
GS-001424,standard,Home,Annual,1242.8475,53.7,0,0.942307692307692,1098.44
GS-001425,price_sensitive,Travel,Monthly,569.2053538331929,48.0,1,0.1,53.39
GS-001426,price_sensitive,Home,Monthly,645.5053378378378,11.9,1,0.5474671117219716,331.46
GS-001427,standard,Motor,Monthly,694.0050205479452,12.4,0,0.9218210586139648,600.03
GS-001428,loyal,Travel,Monthly,806.5017575558476,25.3,0,0.9666170727171273,731.18
GS-001429,standard,Motor,Monthly,1234.9780821428571,24.0,1,0.9291341574190161,1076.23
GS-001430,price_sensitive,Pet,Monthly,609.3099540078844,25.6,0,0.7440728887727786,425.23
GS-001431,price_sensitive,Motor,Monthly,367.62377176015474,34.6,0,0.7440728887727786,256.56
GS-001432,standard,Travel,Annual,1925.4278835616437,12.1,0,0.9218210586139648,1664.72
GS-001433,loyal,Pet,Monthly,541.1622972972973,62.8,0,1.0,507.57
GS-001434,standard,Pet,Monthly,689.042564102564,24.0,1,0.9291341574190161,600.47
GS-001435,price_sensitive,Motor,Monthly,316.9292213114754,6.1,0,0.5450425521448253,162.02
GS-001436,loyal,Travel,Monthly,750.8863004484305,22.8,0,0.9872773536895676,695.31
GS-001437,loyal,Home,Monthly,1415.1463850889193,24.5,0,0.9666170727171273,1282.99
GS-001438,loyal,Life,Monthly,780.3376639344262,6.6,0,0.9557021677662589,699.48
GS-001439,standard,Travel,Monthly,1006.8585857142858,23.8,0,0.9218210586139648,870.53
GS-001440,standard,Motor,Annual,1006.2337568430656,47.2,0,0.9235855666491501,871.65
GS-001441,standard,Pet,Annual,1875.4654379562044,43.6,0,0.9235855666491501,1624.63
GS-001442,loyal,Motor,Annual,1112.119598540146,45.1,0,0.9814241486068109,1023.71
GS-001443,price_sensitive,Motor,Monthly,404.9900748502994,12.0,1,0.7316260413452642,277.91
GS-001444,standard,Home,Monthly,362.156556122449,58.2,0,0.942307692307692,320.08
GS-001445,price_sensitive,Motor,Monthly,598.0396343283581,12.0,1,0.7316260413452642,410.38
GS-001446,price_sensitive,Motor,Monthly,453.3428888888889,31.2,0,0.7440728887727786,316.38
GS-001447,loyal,Travel,Annual,2428.24598540146,46.6,0,0.9814241486068109,2235.2
GS-001448,price_sensitive,Pet,Monthly,372.68583582089553,12.0,1,0.7316260413452642,255.74
GS-001449,standard,Pet,Monthly,518.1594833068363,72.0,1,0.1,48.6
GS-001450,standard,Home,Annual,1649.715,48.7,0,0.942307692307692,1458.04
GS-001451,price_sensitive,Motor,Monthly,756.8089029850746,12.0,1,0.7316260413452642,519.33
GS-001452,standard,Travel,Monthly,590.9275392857143,24.0,1,0.9291341574190161,514.97
GS-001453,standard,Home,Annual,2264.98,12.0,1,0.9218210586139648,1958.3
GS-001454,loyal,Motor,Monthly,1227.8715070093458,7.2,0,0.9557021677662589,1100.63
GS-001455,loyal,Motor,Monthly,603.1331829896908,51.1,0,0.9615384615384621,543.94
GS-001456,standard,Life,Monthly,433.62,4.9,0,0.8455980328358912,343.91
GS-001457,standard,Pet,Annual,1457.9973517335766,37.4,0,0.9235855666491501,1262.99
GS-001458,price_sensitive,Life,Annual,1709.6,10.1,0,0.5450425521448253,873.96
GS-001459,loyal,Home,Annual,1450.6925,52.4,0,0.9615384615384621,1308.31
GS-001460,price_sensitive,Pet,Monthly,632.7656417910448,12.0,1,0.7316260413452642,434.21
GS-001461,standard,Home,Monthly,1384.8208432835822,12.0,1,0.9218210586139648,1197.31
GS-001462,standard,Home,Monthly,430.19666785714287,23.7,0,0.9218210586139648,371.95
GS-001463,standard,Motor,Monthly,1016.0511377245508,11.8,0,0.8455980328358912,805.84
GS-001464,standard,Pet,Annual,330.19,48.3,0,0.942307692307692,291.83
GS-001465,standard,Home,Annual,1156.508413132695,30.4,0,0.9291341574190161,1007.85
GS-001466,standard,Home,Monthly,740.0653586065574,8.2,0,0.8455980328358912,586.95
GS-001467,loyal,Motor,Annual,2156.12,4.6,0,0.9557021677662589,1932.69
GS-001468,standard,Motor,Monthly,861.7166092814371,12.0,1,0.9218210586139648,745.04
GS-001469,price_sensitive,Motor,Annual,665.8857739726028,48.0,1,0.1,62.45
GS-001470,loyal,Home,Annual,848.2175,48.4,0,0.9615384615384621,764.96
GS-001471,loyal,Home,Monthly,1101.881496386334,50.9,0,0.9615384615384621,993.73
GS-001472,standard,Travel,Monthly,524.0737835820896,12.0,1,0.9218210586139648,453.11
GS-001473,price_sensitive,Travel,Monthly,685.9067910447761,12.0,1,0.7316260413452642,470.68
GS-001474,loyal,Life,Monthly,922.6897537878788,26.7,0,0.9666170727171273,836.52
GS-001475,loyal,Motor,Monthly,807.2913686131386,27.3,0,0.9666170727171273,731.9
GS-001476,loyal,Pet,Monthly,1215.3836786255683,65.6,0,1.0,1139.94
GS-001477,standard,Home,Annual,961.62,12.0,1,0.9218210586139648,831.41
GS-001478,price_sensitive,Home,Monthly,297.99847922848664,12.0,1,0.7316260413452642,204.49
GS-001479,price_sensitive,Pet,Monthly,271.42,3.3,0,0.5450425521448253,138.75
GS-001480,standard,Pet,Annual,924.3526849315068,54.0,0,0.942307692307692,816.95
GS-001481,loyal,Motor,Annual,1790.8,3.2,0,0.9557021677662589,1605.23
GS-001482,standard,Motor,Monthly,677.2843896713615,72.0,1,0.1,63.52
GS-001483,price_sensitive,Motor,Annual,589.8954128649635,48.0,1,0.1,55.33
GS-001484,standard,Motor,Monthly,167.64,1.3,0,0.8455980328358912,132.96
GS-001485,standard,Motor,Monthly,769.4485680751174,72.0,1,0.1,72.17
GS-001486,price_sensitive,Life,Monthly,448.57061194029853,12.0,1,0.7316260413452642,307.81
GS-001487,standard,Life,Annual,830.24,12.0,1,0.9218210586139648,717.82
GS-001488,standard,Motor,Annual,1275.84,12.0,1,0.9218210586139648,1103.09
GS-001489,standard,Travel,Monthly,628.9364929577465,36.0,1,0.9235855666491501,544.82
GS-001490,price_sensitive,Home,Monthly,395.35409230769227,32.3,0,0.7440728887727786,275.91
GS-001491,price_sensitive,Motor,Annual,842.5466917808219,24.0,1,0.7440728887727786,588.0
GS-001492,standard,Pet,Monthly,434.3740307692308,32.5,0,0.9291341574190161,378.54
GS-001493,loyal,Travel,Monthly,1515.8093712574848,12.0,1,0.9872773536895676,1403.62
GS-001494,standard,Pet,Annual,1241.26,8.6,0,0.8455980328358912,984.45
GS-001495,standard,Home,Monthly,429.08749735169494,31.0,0,0.9291341574190161,373.93
GS-001496,standard,Pet,Monthly,548.8409976525822,21.0,0,0.9218210586139648,474.53
GS-001497,standard,Motor,Monthly,666.62,4.7,0,0.8455980328358912,528.7
GS-001498,loyal,Motor,Monthly,996.2993911082475,51.3,0,0.9615384615384621,898.51
GS-001499,standard,Travel,Monthly,457.3206037787513,72.0,1,0.1,42.89
GS-001500,loyal,Motor,Monthly,768.2540952380953,31.8,0,0.9666170727171273,696.51
GS-001501,standard,Motor,Monthly,946.9750547445254,27.9,0,0.9291341574190161,825.25
GS-001502,standard,Home,Monthly,369.14,3.8,0,0.8455980328358912,292.77
GS-001503,standard,Home,Monthly,983.7152020367937,50.0,0,0.942307692307692,869.42
GS-001504,standard,Home,Monthly,928.1835526315789,15.7,0,0.9218210586139648,802.5
GS-001505,price_sensitive,Motor,Monthly,717.2569535928143,12.0,1,0.7316260413452642,492.19
GS-001506,loyal,Home,Monthly,594.2466172316384,34.9,0,0.9666170727171273,538.75
GS-001507,price_sensitive,Travel,Monthly,503.055,16.0,0,0.7316260413452642,345.2
GS-001508,standard,Motor,Monthly,834.3473350071737,22.9,0,0.9218210586139648,721.37
GS-001509,standard,Motor,Monthly,413.6025,72.0,1,0.1,38.79
GS-001510,price_sensitive,Motor,Annual,252.467195622435,36.0,1,0.1,23.68
GS-001511,standard,Motor,Monthly,978.9574850299401,12.0,1,0.9218210586139648,846.4
GS-001512,standard,Home,Annual,1303.38,12.0,1,0.9218210586139648,1126.9
GS-001513,standard,Motor,Monthly,588.0958531157271,12.0,1,0.9218210586139648,508.47
GS-001514,price_sensitive,Pet,Monthly,363.70177611940295,12.0,1,0.7316260413452642,249.58
GS-001515,standard,Travel,Monthly,676.419435483871,57.8,0,0.942307692307692,597.83
GS-001516,standard,Travel,Monthly,981.4560766423357,54.1,0,0.942307692307692,867.42
GS-001517,standard,Travel,Monthly,436.90500000000003,48.9,0,0.942307692307692,386.14
GS-001518,price_sensitive,Motor,Monthly,488.0461751497006,12.0,1,0.7316260413452642,334.9
GS-001519,price_sensitive,Pet,Annual,380.7543878248974,33.3,0,0.7440728887727786,265.72
GS-001520,standard,Motor,Monthly,705.369375,72.0,1,0.1,66.16
GS-001521,standard,Motor,Monthly,714.9748769146609,30.2,0,0.9291341574190161,623.07
GS-001522,loyal,Motor,Monthly,759.8661000000001,23.6,0,0.9872773536895676,703.63
GS-001523,loyal,Travel,Annual,759.4367312956203,47.0,0,0.9814241486068109,699.06
GS-001524,loyal,Motor,Annual,1583.4387317518247,36.8,0,0.9814241486068109,1457.56
GS-001525,standard,Travel,Annual,764.36,8.5,0,0.8455980328358912,606.22
GS-001526,standard,Home,Monthly,856.4261917808219,12.9,0,0.9218210586139648,740.46
GS-001527,standard,Motor,Annual,1806.376397260274,21.4,0,0.9218210586139648,1561.79
GS-001528,loyal,Motor,Monthly,1137.186505681818,26.8,0,0.9666170727171273,1030.99
GS-001529,standard,Travel,Annual,996.365,50.9,0,0.942307692307692,880.6
GS-001530,price_sensitive,Home,Monthly,658.4013997005989,12.0,1,0.7316260413452642,451.8
GS-001531,standard,Travel,Monthly,719.8242642857143,24.0,1,0.9291341574190161,627.3
GS-001532,standard,Life,Monthly,674.339351945427,72.0,1,0.1,63.25
GS-001533,standard,Pet,Monthly,641.4880298507463,12.0,1,0.9218210586139648,554.63
GS-001534,loyal,Motor,Monthly,1786.16840809628,30.1,0,0.9666170727171273,1619.36
GS-001535,loyal,Motor,Annual,947.168301369863,43.0,0,0.9814241486068109,871.87
GS-001536,standard,Motor,Monthly,749.4504147982062,22.9,0,0.9218210586139648,647.97
GS-001537,standard,Home,Annual,911.4611388508893,26.3,0,0.9291341574190161,794.3
GS-001538,price_sensitive,Motor,Monthly,435.9707110778443,12.0,1,0.7316260413452642,299.17
GS-001539,standard,Pet,Monthly,405.0475866788321,18.6,0,0.9218210586139648,350.2
GS-001540,standard,Pet,Monthly,442.7626909090909,9.1,0,0.8455980328358912,351.16
GS-001541,standard,Pet,Annual,1113.2126824817517,46.6,0,0.9235855666491501,964.32
GS-001542,standard,Motor,Monthly,436.0855122377622,48.0,1,0.942307692307692,385.42
GS-001543,price_sensitive,Motor,Annual,912.3844931506849,24.0,1,0.7440728887727786,636.74
GS-001544,loyal,Motor,Monthly,1026.2153169014086,14.4,0,0.9872773536895676,950.27
GS-001545,price_sensitive,Life,Monthly,1068.378121257485,12.0,1,0.7316260413452642,733.13
GS-001546,standard,Motor,Monthly,432.6148497854078,24.0,1,0.9291341574190161,377.0
GS-001547,price_sensitive,Travel,Monthly,456.70096882898065,48.0,1,0.1,42.84
GS-001548,standard,Home,Annual,871.3208401639345,24.0,1,0.9291341574190161,759.32
GS-001549,standard,Motor,Monthly,775.4028465346535,10.6,0,0.8455980328358912,614.98
GS-001550,price_sensitive,Pet,Annual,606.36,12.0,1,0.7316260413452642,416.09
GS-001551,loyal,Pet,Monthly,1110.913862704918,8.4,0,0.9557021677662589,995.8
GS-001552,standard,Pet,Monthly,472.92,4.5,0,0.8455980328358912,375.08
GS-001553,standard,Home,Monthly,624.9986630218688,33.1,0,0.9291341574190161,544.66
GS-001554,standard,Life,Monthly,570.1532504562043,36.6,0,0.9235855666491501,493.9
GS-001555,loyal,Travel,Monthly,572.6972331017056,52.5,0,0.9615384615384621,516.49
GS-001556,loyal,Pet,Monthly,959.4325,48.1,0,0.9615384615384621,865.26
GS-001557,standard,Travel,Monthly,344.57307746478875,36.0,1,0.9235855666491501,298.49
GS-001558,standard,Life,Monthly,765.5789846153847,32.3,0,0.9291341574190161,667.17
GS-001559,standard,Motor,Monthly,885.0204341317365,12.0,1,0.9218210586139648,765.19
GS-001560,standard,Life,Annual,903.1681849315067,19.5,0,0.9218210586139648,780.88
GS-001561,standard,Motor,Monthly,1138.4892534246576,12.2,0,0.9218210586139648,984.33
GS-001562,loyal,Pet,Monthly,345.1,2.7,0,0.9557021677662589,309.34
GS-001563,standard,Life,Annual,1080.42,10.0,0,0.8455980328358912,856.89
GS-001564,loyal,Home,Monthly,1445.1467781690142,14.2,0,0.9872773536895676,1338.19
GS-001565,standard,Motor,Monthly,536.097595522388,55.9,0,0.942307692307692,473.81
GS-001566,standard,Travel,Monthly,541.1409058614564,37.7,0,0.9235855666491501,468.76
GS-001567,standard,Motor,Monthly,1947.1947107142857,23.6,0,0.9218210586139648,1683.54
GS-001568,loyal,Motor,Monthly,1179.2509489051095,54.7,0,0.9615384615384621,1063.51
GS-001569,price_sensitive,Home,Monthly,771.5670253479126,33.7,0,0.7440728887727786,538.46
GS-001570,standard,Motor,Monthly,421.97310628742514,12.0,1,0.9218210586139648,364.84
GS-001571,standard,Life,Annual,615.612878649635,41.8,0,0.9235855666491501,533.28
GS-001572,standard,Motor,Monthly,857.8981160572338,72.0,1,0.1,80.46
GS-001573,loyal,Travel,Monthly,416.3913082901555,19.3,0,0.9872773536895676,385.57
GS-001574,standard,Home,Monthly,485.5747230538922,11.2,0,0.8455980328358912,385.11
GS-001575,standard,Home,Monthly,1225.5902648698884,53.7,0,0.942307692307692,1083.19
GS-001576,price_sensitive,Motor,Monthly,365.5026886792453,48.0,1,0.1,34.28
GS-001577,loyal,Home,Annual,1724.1599589416057,39.5,0,0.9814241486068109,1587.09
GS-001578,standard,Pet,Monthly,891.9734323770492,12.0,1,0.9218210586139648,771.2
GS-001579,standard,Life,Annual,664.4817290145985,36.1,0,0.9235855666491501,575.61
GS-001580,loyal,Motor,Annual,2445.122355371901,16.0,0,0.9872773536895676,2264.16
GS-001581,loyal,Life,Monthly,923.1393496131527,34.3,0,0.9666170727171273,836.93
GS-001582,standard,Pet,Monthly,847.7532481751824,18.3,0,0.9218210586139648,732.97
GS-001583,price_sensitive,Home,Annual,813.52,2.4,0,0.5450425521448253,415.88
GS-001584,loyal,Motor,Monthly,1563.1980689277898,45.6,0,0.9814241486068109,1438.92
GS-001585,loyal,Motor,Monthly,774.43849009901,10.1,0,0.9557021677662589,694.19
GS-001586,standard,Motor,Monthly,600.1674439461883,22.6,0,0.9218210586139648,518.9
GS-001587,standard,Travel,Annual,1330.9739979480164,25.9,0,0.9291341574190161,1159.89
GS-001588,price_sensitive,Home,Annual,871.62,11.9,1,0.5474671117219716,447.56
GS-001589,standard,Home,Monthly,751.8448796498906,45.9,0,0.9235855666491501,651.29
GS-001590,loyal,Pet,Monthly,516.8396856287425,11.0,0,0.9557021677662589,463.28
GS-001591,loyal,Motor,Monthly,1153.1490651844365,65.8,0,1.0,1081.57
GS-001592,standard,Pet,Monthly,769.640168161435,22.8,0,0.9218210586139648,665.43
GS-001593,standard,Motor,Monthly,920.2074046104929,72.0,1,0.1,86.31
GS-001594,loyal,Home,Monthly,893.1741933497536,40.6,0,0.9814241486068109,822.17
GS-001595,loyal,Motor,Monthly,501.255,48.1,0,0.9615384615384621,452.06
GS-001596,loyal,Motor,Monthly,2209.987346101231,24.2,0,0.9666170727171273,2003.6
GS-001597,standard,Pet,Monthly,461.8474788732395,36.0,1,0.9235855666491501,400.08
GS-001598,standard,Motor,Monthly,709.981685282523,25.4,0,0.9291341574190161,618.72
GS-001599,loyal,Motor,Monthly,570.5371022727272,26.2,0,0.9666170727171273,517.26
GS-001600,loyal,Travel,Monthly,333.00008522727273,26.1,0,0.9666170727171273,301.9
GS-001601,standard,Home,Monthly,446.0382344890511,18.5,0,0.9218210586139648,385.64
GS-001602,standard,Motor,Monthly,373.80360401459853,54.9,0,0.942307692307692,330.37
GS-001603,standard,Home,Monthly,715.89,12.0,1,0.9218210586139648,618.96
GS-001604,loyal,Home,Annual,1874.56,5.2,0,0.9557021677662589,1680.31
GS-001605,loyal,Motor,Annual,979.2947093023256,30.1,0,0.9666170727171273,887.84
GS-001606,price_sensitive,Home,Monthly,284.9713208955224,11.9,1,0.5474671117219716,146.33
GS-001607,price_sensitive,Motor,Monthly,525.8649688914027,29.9,0,0.7440728887727786,366.99
GS-001608,standard,Motor,Monthly,408.8252615384615,32.7,0,0.9291341574190161,356.27
GS-001609,standard,Pet,Monthly,746.3199999999999,2.4,0,0.8455980328358912,591.91
GS-001610,standard,Motor,Monthly,917.1263093065694,54.2,0,0.942307692307692,810.57
GS-001611,price_sensitive,Motor,Annual,672.72,12.0,1,0.7316260413452642,461.63
GS-001612,loyal,Life,Monthly,1363.0933030480658,28.2,0,0.9666170727171273,1235.8
GS-001613,loyal,Pet,Monthly,678.8887580818965,61.9,0,1.0,636.75
GS-001614,loyal,Home,Monthly,1212.0763404977374,30.0,0,0.9666170727171273,1098.88
GS-001615,standard,Home,Monthly,648.5458853876186,59.9,1,0.8322580645161288,506.25
GS-001616,price_sensitive,Pet,Annual,272.3764315068493,36.0,1,0.1,25.55
GS-001617,standard,Life,Annual,640.065,56.2,0,0.942307692307692,565.7
GS-001618,standard,Pet,Monthly,433.20000000000005,4.3,0,0.8455980328358912,343.57
GS-001619,standard,Life,Monthly,497.71361287758344,72.0,1,0.1,46.68
GS-001620,price_sensitive,Life,Monthly,335.88390000000004,23.2,0,0.7316260413452642,230.49
GS-001621,price_sensitive,Life,Monthly,228.91612660944207,24.0,1,0.7440728887727786,159.76
GS-001622,price_sensitive,Home,Monthly,463.1806119402985,12.0,1,0.7316260413452642,317.84
GS-001623,standard,Pet,Monthly,517.6608639101861,72.0,1,0.1,48.55
GS-001624,loyal,Home,Monthly,1222.409918032787,6.6,0,0.9557021677662589,1095.74
GS-001625,standard,Home,Monthly,800.9114776119403,12.0,1,0.9218210586139648,692.47
GS-001626,loyal,Motor,Monthly,1123.1382985074627,12.0,1,0.9872773536895676,1040.02
GS-001627,loyal,Motor,Monthly,344.22,2.7,0,0.9557021677662589,308.55
GS-001628,standard,Home,Annual,424.12,12.0,1,0.9218210586139648,366.69
GS-001629,price_sensitive,Motor,Annual,870.26,6.0,0,0.5450425521448253,444.88
GS-001630,price_sensitive,Home,Annual,818.7396032831737,36.0,1,0.1,76.79
GS-001631,standard,Motor,Monthly,860.7126229508198,6.8,0,0.8455980328358912,682.64
GS-001632,loyal,Home,Monthly,910.5072668738898,37.5,0,0.9814241486068109,838.12
GS-001633,standard,Home,Annual,882.525,51.2,0,0.942307692307692,779.99
GS-001634,price_sensitive,Home,Monthly,427.5313040413534,36.0,1,0.1,40.1
GS-001635,standard,Motor,Annual,943.72,50.8,0,0.942307692307692,834.07
GS-001636,standard,Home,Monthly,620.985206043956,12.0,0,0.9218210586139648,536.9
GS-001637,standard,Home,Annual,946.6800000000001,51.4,0,0.942307692307692,836.69
GS-001638,loyal,Motor,Annual,1205.9537090163935,23.7,0,0.9872773536895676,1116.7
GS-001639,price_sensitive,Motor,Annual,660.8,12.0,1,0.7316260413452642,453.45
GS-001640,standard,Motor,Monthly,519.6450000000001,72.0,1,0.1,48.74
GS-001641,standard,Pet,Monthly,887.6331994818653,19.5,0,0.9218210586139648,767.45
GS-001642,standard,Motor,Monthly,1949.050311710194,39.1,0,0.9235855666491501,1688.37
GS-001643,price_sensitive,Motor,Monthly,289.56108374384235,20.4,0,0.7316260413452642,198.7
GS-001644,standard,Home,Monthly,1200.6635220994476,11.9,0,0.8477989003090736,954.73
GS-001645,loyal,Motor,Monthly,1138.3091301369864,12.8,0,0.9872773536895676,1054.06
GS-001646,standard,Home,Monthly,493.1624692118226,40.3,0,0.9235855666491501,427.2
GS-001647,standard,Travel,Monthly,1182.812628504673,7.4,0,0.8455980328358912,938.1
GS-001648,price_sensitive,Home,Annual,679.6652054794521,17.3,0,0.7316260413452642,466.39
GS-001649,standard,Motor,Annual,840.988125,44.8,0,0.9235855666491501,728.51
GS-001650,price_sensitive,Motor,Monthly,275.18905594405595,48.0,1,0.1,25.81
GS-001651,price_sensitive,Motor,Annual,766.32,12.0,1,0.7316260413452642,525.86
GS-001652,standard,Home,Monthly,634.7990485074627,44.8,0,0.9235855666491501,549.9
GS-001653,loyal,Motor,Monthly,809.6688788659794,51.3,0,0.9615384615384621,730.2
GS-001654,standard,Travel,Monthly,903.0321609098568,39.6,0,0.9235855666491501,782.25
GS-001655,standard,Motor,Annual,1118.06,12.0,1,0.9218210586139648,966.67
GS-001656,loyal,Home,Annual,1367.8352464403065,63.6,0,1.0,1282.92
GS-001657,standard,Motor,Annual,1866.42,12.0,1,0.9218210586139648,1613.7
GS-001658,standard,Travel,Annual,1072.4009815321479,28.2,0,0.9291341574190161,934.55
GS-001659,loyal,Home,Monthly,912.1850647668394,19.4,0,0.9872773536895676,844.67
GS-001660,standard,Pet,Monthly,582.7807916340892,42.7,0,0.9235855666491501,504.84
GS-001661,standard,Motor,Monthly,1638.8148770491805,6.1,0,0.8455980328358912,1299.75
GS-001662,loyal,Pet,Monthly,808.2201701361089,41.9,0,0.9814241486068109,743.97
GS-001663,price_sensitive,Home,Monthly,309.23954035874436,22.8,0,0.7316260413452642,212.2
GS-001664,loyal,Home,Annual,1383.7175,53.3,0,0.9615384615384621,1247.9
GS-001665,standard,Travel,Annual,1904.9238493150683,12.5,0,0.9218210586139648,1646.99
GS-001666,price_sensitive,Motor,Monthly,393.6194892857143,24.0,1,0.7440728887727786,274.7
GS-001667,standard,Life,Monthly,531.1421510036496,36.4,0,0.9235855666491501,460.1
GS-001668,standard,Pet,Monthly,185.4,1.8,0,0.8455980328358912,147.04
GS-001669,price_sensitive,Pet,Annual,731.22,3.0,0,0.5450425521448253,373.81
GS-001670,standard,Travel,Monthly,885.0796302816901,14.4,0,0.9218210586139648,765.24
GS-001671,loyal,Home,Annual,1364.3338356164384,18.2,0,0.9872773536895676,1263.36
GS-001672,standard,Motor,Monthly,325.8954683544304,13.3,0,0.9218210586139648,281.77
GS-001673,standard,Motor,Annual,2703.66,11.6,0,0.8455980328358912,2144.29
GS-001674,standard,Motor,Monthly,591.6067264573991,22.3,0,0.9218210586139648,511.5
GS-001675,standard,Motor,Monthly,458.17373420919654,72.0,1,0.1,42.97
GS-001676,standard,Motor,Annual,1329.54,2.1,0,0.8455980328358912,1054.47
GS-001677,loyal,Travel,Annual,526.95,58.7,0,0.9615384615384621,475.23
GS-001678,standard,Motor,Annual,411.16,12.0,1,0.9218210586139648,355.49
GS-001679,loyal,Life,Monthly,807.5332092555333,49.3,0,0.9615384615384621,728.27
GS-001680,price_sensitive,Motor,Monthly,363.9090107142857,24.0,1,0.7440728887727786,253.97
GS-001681,standard,Home,Monthly,883.2940363636363,9.7,0,0.8455980328358912,700.55
GS-001682,price_sensitive,Home,Monthly,186.6896943573668,21.0,0,0.7316260413452642,128.11
GS-001683,standard,Home,Monthly,667.9266645569621,13.9,0,0.9218210586139648,577.49
GS-001684,standard,Motor,Monthly,875.1012746478874,35.4,0,0.9291341574190161,762.61
GS-001685,standard,Travel,Monthly,654.0232909090909,9.8,0,0.8455980328358912,518.71
GS-001686,price_sensitive,Motor,Monthly,265.6840754923414,48.0,1,0.1,24.92
GS-001687,standard,Life,Annual,1328.2102965328465,46.1,0,0.9235855666491501,1150.57
GS-001688,price_sensitive,Travel,Annual,593.3457845379689,47.9,1,0.1,55.65
GS-001689,standard,Home,Annual,1050.1475,58.8,0,0.942307692307692,928.13
GS-001690,standard,Life,Monthly,533.6788300492611,40.7,0,0.9235855666491501,462.3
GS-001691,standard,Motor,Monthly,787.1684281437126,12.0,1,0.9218210586139648,680.58
GS-001692,standard,Pet,Monthly,921.8504166666667,26.3,0,0.9291341574190161,803.35
GS-001693,standard,Travel,Monthly,990.3492857142857,49.5,0,0.942307692307692,875.28
GS-001694,price_sensitive,Travel,Monthly,496.84,5.4,0,0.5450425521448253,253.99
GS-001695,loyal,Home,Monthly,1414.450795522388,55.7,0,0.9615384615384621,1275.62
GS-001696,price_sensitive,Life,Monthly,259.22,2.9,0,0.5450425521448253,132.52
GS-001697,loyal,Pet,Monthly,640.2793962485346,28.1,0,0.9666170727171273,580.49
GS-001698,standard,Motor,Annual,781.3655532786886,24.0,1,0.9291341574190161,680.93
GS-001699,loyal,Motor,Annual,1102.2788937568455,60.6,0,1.0,1033.85
GS-001700,price_sensitive,Travel,Annual,769.7068356164384,19.1,0,0.7316260413452642,528.18
GS-001701,standard,Home,Annual,1917.262294520548,13.7,0,0.9218210586139648,1657.66
GS-001702,standard,Home,Monthly,602.3370297029703,10.3,0,0.8455980328358912,477.72
GS-001703,standard,Home,Monthly,859.6922454545454,9.8,0,0.8455980328358912,681.83
GS-001704,loyal,Home,Annual,1492.0349999999999,51.7,0,0.9615384615384621,1345.59
GS-001705,standard,Life,Monthly,447.11765151515146,26.9,0,0.9291341574190161,389.64
GS-001706,loyal,Home,Monthly,955.6198234200742,53.8,0,0.9615384615384621,861.82
GS-001707,standard,Travel,Monthly,466.7077657342657,47.8,0,0.9235855666491501,404.29
GS-001708,standard,Travel,Annual,1113.9125683994528,36.0,1,0.9235855666491501,964.93
GS-001709,standard,Motor,Annual,1202.4775,50.5,0,0.942307692307692,1062.76
GS-001710,loyal,Home,Monthly,419.1964638157894,20.0,0,0.9872773536895676,388.17
GS-001711,standard,Motor,Monthly,527.8881846635368,72.0,1,0.1,49.51
GS-001712,loyal,Motor,Annual,1447.88,4.6,0,0.9557021677662589,1297.84
GS-001713,price_sensitive,Pet,Monthly,516.5564727272728,9.4,0,0.5450425521448253,264.07
GS-001714,price_sensitive,Home,Monthly,353.50221307619944,35.9,1,0.7049180327868848,233.72
GS-001715,loyal,Motor,Monthly,1285.045733532934,11.4,0,0.9557021677662589,1151.88
GS-001716,standard,Travel,Monthly,750.127471830986,36.0,1,0.9235855666491501,649.8
GS-001717,standard,Pet,Monthly,840.3483907185629,12.0,1,0.9218210586139648,726.56
GS-001718,price_sensitive,Motor,Monthly,571.120736013986,48.0,1,0.1,53.57
GS-001719,standard,Home,Monthly,742.608397155361,30.2,0,0.9291341574190161,647.15
GS-001720,price_sensitive,Life,Annual,445.34018125854993,35.3,0,0.7440728887727786,310.8
GS-001721,price_sensitive,Motor,Monthly,489.5811,9.8,0,0.5450425521448253,250.28
GS-001722,price_sensitive,Motor,Annual,625.2879863013699,48.0,1,0.1,58.65
GS-001723,price_sensitive,Travel,Annual,1166.127276459854,48.0,1,0.1,109.37
GS-001724,price_sensitive,Pet,Monthly,480.2149572930355,25.2,0,0.7440728887727786,335.13
GS-001725,price_sensitive,Home,Annual,747.2314520547945,24.0,1,0.7440728887727786,521.48
GS-001726,standard,Home,Monthly,568.1922460018815,35.9,1,0.926048510999967,493.51
GS-001727,standard,Home,Monthly,795.4863204747776,12.0,1,0.9218210586139648,687.78
GS-001728,standard,Motor,Monthly,1160.9597675593732,72.0,1,0.1,108.89
GS-001729,standard,Pet,Annual,878.543669630643,35.7,0,0.9291341574190161,765.61
GS-001730,price_sensitive,Motor,Monthly,602.019223880597,12.0,1,0.7316260413452642,413.11
GS-001731,price_sensitive,Life,Monthly,501.215745363766,24.0,1,0.7440728887727786,349.79
GS-001732,loyal,Motor,Monthly,955.4047273324574,25.1,0,0.9666170727171273,866.18
GS-001733,price_sensitive,Travel,Monthly,403.44,3.7,0,0.5450425521448253,206.24
GS-001734,standard,Home,Monthly,627.222964989059,30.6,0,0.9291341574190161,546.6
GS-001735,standard,Motor,Monthly,1084.5275518134715,19.1,0,0.9218210586139648,937.68
GS-001736,standard,Motor,Monthly,373.7871130764371,52.6,0,0.942307692307692,330.36
GS-001737,standard,Life,Monthly,723.8824319727892,58.6,0,0.942307692307692,639.78
GS-001738,standard,Home,Monthly,421.7506801125704,36.0,1,0.9235855666491501,365.34
GS-001739,standard,Home,Monthly,824.16,6.0,0,0.8455980328358912,653.65
GS-001740,price_sensitive,Motor,Monthly,341.94198448905104,18.3,0,0.7316260413452642,234.64
GS-001741,loyal,Motor,Monthly,1134.2352220077219,17.2,0,0.9872773536895676,1050.29
GS-001742,standard,Motor,Monthly,641.0632489300998,24.0,1,0.9291341574190161,558.66
GS-001743,standard,Home,Annual,1450.365,53.2,0,0.942307692307692,1281.85
GS-001744,loyal,Home,Annual,1889.6,7.4,0,0.9557021677662589,1693.79
GS-001745,loyal,Home,Monthly,1373.6885487077534,33.5,0,0.9666170727171273,1245.4
GS-001746,loyal,Motor,Monthly,1060.4180611313868,18.0,0,0.9872773536895676,981.94
GS-001747,price_sensitive,Pet,Annual,508.95169178082193,48.0,1,0.1,47.74
GS-001748,standard,Travel,Monthly,981.8420342465753,12.5,0,0.9218210586139648,848.9
GS-001749,standard,Motor,Monthly,270.60391231343283,44.1,0,0.9235855666491501,234.41
GS-001750,standard,Pet,Monthly,746.2458701854493,24.0,1,0.9291341574190161,650.32
GS-001751,standard,Travel,Monthly,521.0313894967178,45.9,0,0.9235855666491501,451.34
GS-001752,standard,Home,Monthly,597.1346865671641,12.0,1,0.9218210586139648,516.28
GS-001753,standard,Motor,Monthly,401.1644328358209,12.0,1,0.9218210586139648,346.85
GS-001754,standard,Travel,Monthly,522.2149882739212,36.0,1,0.9235855666491501,452.37
GS-001755,price_sensitive,Home,Monthly,322.7978892215569,11.8,0,0.5450425521448253,165.02
GS-001756,loyal,Motor,Monthly,672.2818808411215,7.9,0,0.9557021677662589,602.62
GS-001757,standard,Home,Monthly,824.6086280949974,72.0,1,0.1,77.34
GS-001758,standard,Travel,Monthly,771.433437910644,50.3,0,0.942307692307692,681.8
GS-001759,loyal,Travel,Annual,1596.1124794520547,18.3,0,0.9872773536895676,1477.98
GS-001760,standard,Motor,Monthly,336.01434642857146,23.9,0,0.9225049803057674,290.73
GS-001761,loyal,Home,Annual,1909.3368698630138,17.7,0,0.9872773536895676,1768.03
GS-001762,standard,Motor,Monthly,974.9174119718309,14.5,0,0.9218210586139648,842.91
GS-001763,loyal,Pet,Annual,1122.36,4.3,0,0.9557021677662589,1006.06
GS-001764,standard,Travel,Monthly,792.7524218139171,42.9,0,0.9235855666491501,686.72
GS-001765,standard,Motor,Monthly,374.10770328102706,24.0,1,0.9291341574190161,326.02
GS-001766,standard,Travel,Monthly,610.5386181818182,12.0,1,0.9218210586139648,527.87
GS-001767,standard,Travel,Monthly,666.7875,48.7,0,0.942307692307692,589.31
GS-001768,price_sensitive,Motor,Monthly,432.32914670658676,12.0,1,0.7316260413452642,296.67
GS-001769,standard,Home,Monthly,1440.6464776951673,53.4,0,0.942307692307692,1273.26
GS-001770,standard,Motor,Monthly,748.9545563380282,36.0,1,0.9235855666491501,648.78
GS-001771,loyal,Travel,Monthly,843.6393914473683,15.3,0,0.9872773536895676,781.2
GS-001772,price_sensitive,Motor,Annual,494.7271259124087,48.0,1,0.1,46.4
GS-001773,standard,Life,Monthly,381.1258282442748,43.4,0,0.9235855666491501,330.15
GS-001774,price_sensitive,Home,Monthly,435.1505389221557,11.9,0,0.5474671117219716,223.44
GS-001775,price_sensitive,Motor,Monthly,398.00292410714286,12.0,1,0.7316260413452642,273.11
GS-001776,standard,Motor,Monthly,548.84,5.1,0,0.8455980328358912,435.29
GS-001777,loyal,Travel,Annual,1215.12829001368,29.7,0,0.9666170727171273,1101.65
GS-001778,loyal,Pet,Annual,3088.74,5.4,0,0.9557021677662589,2768.67
GS-001779,price_sensitive,Travel,Monthly,287.4670751748252,48.0,1,0.1,26.96
GS-001780,standard,Motor,Annual,878.351198630137,19.6,0,0.9218210586139648,759.42
GS-001781,standard,Home,Monthly,1006.9839612676057,14.9,0,0.9218210586139648,870.64
GS-001782,standard,Life,Monthly,559.7717142857143,24.0,1,0.9291341574190161,487.82
GS-001783,price_sensitive,Motor,Monthly,265.3639670658682,12.0,1,0.7316260413452642,182.1
GS-001784,price_sensitive,Travel,Annual,510.7,10.9,0,0.5450425521448253,261.07
GS-001785,loyal,Home,Annual,1517.5977478094196,65.5,0,1.0,1423.39
GS-001786,loyal,Motor,Annual,1610.837441860465,34.3,0,0.9666170727171273,1460.41
GS-001787,standard,Life,Monthly,946.3817630136986,71.9,1,0.1,88.76
GS-001788,loyal,Motor,Monthly,782.8472746781116,23.0,0,0.9872773536895676,724.91
GS-001789,loyal,Home,Monthly,851.4808607784431,12.0,1,0.9872773536895676,788.46
GS-001790,standard,Motor,Annual,948.1060567715458,34.7,0,0.9291341574190161,826.23
GS-001791,loyal,Home,Annual,2071.9,9.2,0,0.9557021677662589,1857.2
GS-001792,standard,Pet,Monthly,512.2539015151515,26.3,0,0.9291341574190161,446.41
GS-001793,standard,Pet,Monthly,732.614874125874,47.8,0,0.9235855666491501,634.63
GS-001794,standard,Home,Monthly,1041.92,5.9,0,0.8455980328358912,826.35
GS-001795,standard,Home,Monthly,713.9976414027149,29.2,0,0.9291341574190161,622.22
GS-001796,standard,Motor,Monthly,719.1981214285714,24.0,1,0.9291341574190161,626.75
GS-001797,standard,Motor,Annual,1154.08,0.9,0,0.8455980328358912,915.31
GS-001798,standard,Motor,Annual,785.064217609489,39.0,0,0.9235855666491501,680.06
GS-001799,price_sensitive,Home,Monthly,439.39575,21.2,0,0.7316260413452642,301.52
GS-001800,standard,Motor,Annual,1115.6114056087551,36.0,1,0.9235855666491501,966.4
GS-001801,standard,Travel,Monthly,996.6895452209661,32.0,0,0.9291341574190161,868.57
GS-001802,standard,Motor,Monthly,272.1977747946936,52.8,0,0.942307692307692,240.57
GS-001803,standard,Life,Monthly,456.85729822161426,24.1,0,0.9291341574190161,398.13
GS-001804,price_sensitive,Travel,Monthly,833.2402320359281,12.0,1,0.7316260413452642,571.78
GS-001805,price_sensitive,Travel,Monthly,395.86,12.0,1,0.7316260413452642,271.64
GS-001806,standard,Motor,Monthly,727.3296782178218,10.7,0,0.8455980328358912,576.85
GS-001807,standard,Motor,Monthly,838.437672413793,20.1,0,0.9218210586139648,724.91
GS-001808,price_sensitive,Travel,Monthly,501.66225321888413,24.0,1,0.7440728887727786,350.1
GS-001809,standard,Motor,Monthly,365.15668795620434,27.2,0,0.9291341574190161,318.22
GS-001810,loyal,Travel,Monthly,680.4519584245077,45.5,0,0.9814241486068109,626.36
GS-001811,price_sensitive,Motor,Monthly,490.6456888111888,48.0,1,0.1,46.02
GS-001812,price_sensitive,Travel,Annual,601.8860104927007,48.0,1,0.1,56.45
GS-001813,loyal,Motor,Monthly,689.540164257556,25.3,0,0.9666170727171273,625.15
GS-001814,standard,Home,Annual,1744.2553740875912,42.0,0,0.9235855666491501,1510.97
GS-001815,standard,Motor,Monthly,411.38,4.7,0,0.8455980328358912,326.27
GS-001816,loyal,Home,Monthly,1055.1597339027596,25.4,0,0.9666170727171273,956.62
GS-001817,standard,Life,Annual,787.1104174270072,47.7,0,0.9235855666491501,681.84
GS-001818,standard,Home,Monthly,636.3986453201969,20.9,0,0.9218210586139648,550.23
GS-001819,standard,Motor,Monthly,1012.8864148351649,18.0,0,0.9218210586139648,875.74
GS-001820,standard,Motor,Monthly,1009.1802985074627,12.0,1,0.9218210586139648,872.53
GS-001821,standard,Motor,Monthly,639.5735528477546,72.0,1,0.1,59.99
GS-001822,standard,Motor,Monthly,539.9139101861992,72.0,1,0.1,50.64
GS-001823,standard,Home,Monthly,894.820727305218,46.1,0,0.9235855666491501,775.14
GS-001824,standard,Home,Monthly,640.5544535928143,12.0,1,0.9218210586139648,553.82
GS-001825,standard,Motor,Annual,2840.16,3.4,0,0.8455980328358912,2252.55
GS-001826,loyal,Home,Monthly,1052.28,16.5,0,0.9872773536895676,974.4
GS-001827,standard,Home,Monthly,842.7470015698588,21.0,0,0.9218210586139648,728.64
GS-001828,standard,Home,Annual,707.2268140744798,72.0,1,0.1,66.33
GS-001829,loyal,Motor,Monthly,605.0312149719775,41.3,0,0.9814241486068109,556.93
GS-001830,standard,Motor,Monthly,521.6034036144579,11.9,1,0.8477989003090736,414.76
GS-001831,loyal,Motor,Monthly,848.0167231947485,45.2,0,0.9814241486068109,780.6
GS-001832,loyal,Life,Monthly,845.8532936507936,31.9,0,0.9666170727171273,766.86
GS-001833,price_sensitive,Motor,Monthly,436.679203125,21.4,0,0.7316260413452642,299.65
GS-001834,standard,Travel,Monthly,468.99741573033714,38.8,0,0.9235855666491501,406.27
GS-001835,loyal,Travel,Monthly,388.06,2.2,0,0.9557021677662589,347.85
GS-001836,standard,Travel,Monthly,428.14,4.5,0,0.8455980328358912,339.56
GS-001837,price_sensitive,Motor,Annual,1191.82,12.0,1,0.7316260413452642,817.84
GS-001838,price_sensitive,Home,Monthly,219.95469957081545,24.0,1,0.7440728887727786,153.5
GS-001839,loyal,Life,Monthly,1194.996853846154,32.7,0,0.9666170727171273,1083.4
GS-001840,standard,Home,Monthly,421.00220610687023,43.2,0,0.9235855666491501,364.69
GS-001841,standard,Life,Monthly,245.51999999999998,1.9,0,0.8455980328358912,194.72
GS-001842,standard,Motor,Monthly,799.8522210743802,8.0,0,0.8455980328358912,634.37
GS-001843,loyal,Travel,Monthly,792.9823856304986,56.6,0,0.9615384615384621,715.15
GS-001844,standard,Travel,Monthly,965.8300298507463,12.0,1,0.9218210586139648,835.05
GS-001845,standard,Pet,Monthly,1023.0376565606362,33.4,0,0.9291341574190161,891.53
GS-001846,loyal,Motor,Monthly,1463.724360986547,22.2,0,0.9872773536895676,1355.39
GS-001847,standard,Home,Monthly,1126.5572019077902,72.0,1,0.1,105.66
GS-001848,loyal,Motor,Annual,1108.0705223540147,40.0,0,0.9814241486068109,1019.98
GS-001849,loyal,Pet,Annual,1449.9724520547945,20.0,0,0.9872773536895676,1342.66
GS-001850,standard,Travel,Monthly,699.3639344262294,6.9,0,0.8455980328358912,554.67
GS-001851,standard,Motor,Monthly,1871.8132881773397,20.1,0,0.9218210586139648,1618.36
GS-001852,standard,Home,Monthly,682.8244935948759,41.7,0,0.9235855666491501,591.5
GS-001853,price_sensitive,Pet,Monthly,215.584723880597,12.0,1,0.7316260413452642,147.94
GS-001854,loyal,Motor,Monthly,1136.4673768248176,18.1,0,0.9872773536895676,1052.36
GS-001855,standard,Motor,Monthly,565.1562911184211,30.0,0,0.9291341574190161,492.51
GS-001856,loyal,Pet,Monthly,656.6764397496088,63.7,0,1.0,615.91
GS-001857,standard,Pet,Monthly,619.4674295774648,72.0,1,0.1,58.1
GS-001858,standard,Life,Monthly,408.1504715568862,12.0,1,0.9218210586139648,352.89
GS-001859,standard,Home,Monthly,964.3258108108108,11.0,0,0.8455980328358912,764.81
GS-001860,standard,Motor,Monthly,805.0585447080292,54.0,0,0.942307692307692,711.52
GS-001861,standard,Pet,Annual,1948.5637191780822,19.4,0,0.9218210586139648,1684.72
GS-001862,standard,Travel,Monthly,429.5495125482626,17.7,0,0.9218210586139648,371.39
GS-001863,standard,Home,Monthly,1048.3475547945206,12.4,0,0.9218210586139648,906.4
GS-001864,standard,Pet,Monthly,620.4857402728651,72.0,1,0.1,58.2
GS-001865,standard,Motor,Annual,808.7964090287278,34.4,0,0.9291341574190161,704.83
GS-001866,loyal,Motor,Annual,1790.6200000000001,55.3,0,0.9615384615384621,1614.87
GS-001867,standard,Travel,Annual,1186.54,10.4,0,0.8455980328358912,941.05
GS-001868,standard,Life,Monthly,481.4345579029734,72.0,1,0.1,45.15
GS-001869,loyal,Motor,Monthly,867.3256269592476,21.0,0,0.9872773536895676,803.14
GS-001870,standard,Motor,Annual,957.86,2.5,0,0.8455980328358912,759.68
GS-001871,standard,Motor,Annual,1229.6016164383561,12.0,0,0.9218210586139648,1063.11
GS-001872,standard,Motor,Monthly,971.5297442084942,17.4,0,0.9218210586139648,839.98
GS-001873,standard,Home,Annual,861.48,11.9,1,0.8477989003090736,685.02
GS-001874,loyal,Pet,Annual,1584.17,49.1,0,0.9615384615384621,1428.68
GS-001875,standard,Home,Monthly,460.686588607595,13.2,0,0.9218210586139648,398.31
GS-001876,price_sensitive,Life,Monthly,252.3396332335329,12.0,1,0.7316260413452642,173.16
GS-001877,standard,Home,Monthly,564.5418846649485,51.2,0,0.942307692307692,498.95
GS-001878,price_sensitive,Motor,Monthly,1106.0822972972974,11.9,1,0.5474671117219716,567.95
GS-001879,loyal,Home,Monthly,846.723862275449,11.6,0,0.9557021677662589,758.98
GS-001880,price_sensitive,Home,Monthly,433.0955793991417,24.0,1,0.7440728887727786,302.25
GS-001881,loyal,Motor,Monthly,472.6207833655706,34.5,0,0.9666170727171273,428.48
GS-001882,loyal,Home,Monthly,1573.7347170288022,65.5,0,1.0,1476.04
GS-001883,standard,Pet,Annual,846.3475,48.9,0,0.942307692307692,748.01
GS-001884,price_sensitive,Motor,Monthly,521.8195914179105,48.0,1,0.1,48.94
GS-001885,standard,Motor,Monthly,574.7586801752465,72.0,1,0.1,53.91
GS-001886,loyal,Motor,Monthly,1046.2783450704226,63.5,0,1.0,981.33
GS-001887,standard,Motor,Monthly,677.4324113924051,13.1,0,0.9218210586139648,585.71
GS-001888,loyal,Travel,Monthly,1260.6838936905792,38.2,0,0.9814241486068109,1160.46
GS-001889,standard,Motor,Monthly,890.0625,72.0,1,0.1,83.48
GS-001890,standard,Motor,Monthly,678.4,48.2,0,0.942307692307692,599.58
GS-001891,standard,Travel,Annual,967.0560287408758,43.6,0,0.9235855666491501,837.71
GS-001892,standard,Motor,Monthly,1560.2171641791044,12.0,1,0.9218210586139648,1348.96
GS-001893,loyal,Pet,Annual,2246.407582191781,12.7,0,0.9872773536895676,2080.15
GS-001894,price_sensitive,Motor,Monthly,520.164116766467,12.0,1,0.7316260413452642,356.94
GS-001895,price_sensitive,Motor,Monthly,343.70345394736836,15.7,0,0.7316260413452642,235.85
GS-001896,price_sensitive,Motor,Annual,1276.520397260274,48.0,1,0.1,119.73
GS-001897,standard,Motor,Annual,1317.0,11.4,0,0.8455980328358912,1044.52
GS-001898,standard,Pet,Monthly,583.1125110549589,52.8,0,0.942307692307692,515.36
GS-001899,loyal,Travel,Monthly,738.3035306406684,60.0,1,1.0,692.47
GS-001900,loyal,Home,Monthly,500.78,4.9,0,0.9557021677662589,448.89
GS-001901,standard,Home,Monthly,1165.3764626865673,12.0,1,0.9218210586139648,1007.58
GS-001902,standard,Motor,Monthly,928.6411627565983,56.8,0,0.942307692307692,820.74
GS-001903,loyal,Pet,Annual,1932.2291537408757,46.2,0,0.9814241486068109,1778.62
GS-001904,loyal,Life,Monthly,1662.897471590909,26.6,0,0.9666170727171273,1507.6
GS-001905,price_sensitive,Home,Annual,754.456397260274,18.5,0,0.7316260413452642,517.71
GS-001906,loyal,Travel,Monthly,1082.7556684890656,33.4,0,0.9666170727171273,981.64
GS-001907,standard,Home,Monthly,495.19151033386333,72.0,1,0.1,46.45
GS-001908,standard,Home,Monthly,213.74,1.6,0,0.8455980328358912,169.52
GS-001909,standard,Motor,Monthly,688.86,4.6,0,0.8455980328358912,546.34
GS-001910,standard,Motor,Monthly,537.7007380271623,46.9,0,0.9235855666491501,465.78
GS-001911,standard,Pet,Monthly,941.5357634730539,12.0,1,0.9218210586139648,814.05
GS-001912,standard,Motor,Annual,860.6991164383562,17.2,0,0.9218210586139648,744.16
GS-001913,standard,Home,Monthly,298.12,11.9,1,0.8477989003090736,237.06
GS-001914,standard,Home,Monthly,980.875881147541,8.1,0,0.8455980328358912,777.94
GS-001915,standard,Pet,Monthly,356.2038082191781,12.8,0,0.9218210586139648,307.97
GS-001916,loyal,Motor,Monthly,800.0144735788631,41.4,0,0.9814241486068109,736.41
GS-001917,loyal,Home,Monthly,2119.5544985029937,12.0,1,0.9872773536895676,1962.69
GS-001918,loyal,Home,Annual,1116.7252144160584,40.8,0,0.9814241486068109,1027.95
GS-001919,standard,Travel,Monthly,609.3871962616823,7.9,0,0.8455980328358912,483.31
GS-001920,standard,Motor,Annual,977.7933677685951,14.9,0,0.9218210586139648,845.4
GS-001921,loyal,Motor,Annual,1985.0862824897401,34.8,0,0.9666170727171273,1799.7
GS-001922,loyal,Life,Monthly,742.9849090909091,47.4,0,0.9814241486068109,683.92
GS-001923,standard,Home,Monthly,622.8006717139176,51.5,0,0.942307692307692,550.44
GS-001924,loyal,Life,Annual,2306.3314021887822,35.8,0,0.9666170727171273,2090.95
GS-001925,standard,Travel,Monthly,439.58854124748495,49.8,0,0.942307692307692,388.51
GS-001926,loyal,Home,Monthly,1015.9086328125,21.7,0,0.9872773536895676,940.72
GS-001927,price_sensitive,Travel,Monthly,401.44985163204746,12.0,1,0.7316260413452642,275.48
GS-001928,standard,Home,Monthly,1002.7475989819003,29.7,0,0.9291341574190161,873.85
GS-001929,standard,Travel,Monthly,475.96254477611944,33.0,0,0.9291341574190161,414.78
GS-001930,loyal,Motor,Annual,3062.793632010944,34.3,0,0.9666170727171273,2776.77
GS-001931,standard,Motor,Annual,628.3169642857143,47.9,1,0.9246702238031718,544.92
GS-001932,loyal,Motor,Annual,1257.593074817518,45.8,0,0.9814241486068109,1157.61
GS-001933,standard,Travel,Monthly,618.9415949554897,12.0,1,0.9218210586139648,535.14
GS-001934,price_sensitive,Home,Monthly,498.3223887240356,12.0,1,0.7316260413452642,341.95
GS-001935,loyal,Travel,Annual,916.4842335766423,43.1,0,0.9814241486068109,843.62
GS-001936,price_sensitive,Travel,Monthly,313.52623880597014,12.0,1,0.7316260413452642,215.14
GS-001937,standard,Motor,Annual,617.7825698247535,72.0,1,0.1,57.94
GS-001938,price_sensitive,Travel,Annual,1317.2416027397262,17.2,0,0.7316260413452642,903.9
GS-001939,loyal,Travel,Annual,1134.8775,49.1,0,0.9615384615384621,1023.49
GS-001940,standard,Home,Monthly,523.9966833452467,46.5,0,0.9235855666491501,453.91
GS-001941,standard,Home,Monthly,854.1293906655143,38.7,0,0.9235855666491501,739.89
GS-001942,standard,Motor,Monthly,889.0424865671641,55.6,0,0.942307692307692,785.75
GS-001943,standard,Motor,Monthly,1460.931728971963,12.0,1,0.9218210586139648,1263.12
GS-001944,standard,Motor,Annual,1238.7078493150686,14.6,0,0.9218210586139648,1070.98
GS-001945,standard,Life,Annual,1862.56,12.0,1,0.9218210586139648,1610.36
GS-001946,price_sensitive,Travel,Monthly,389.6510994525547,18.8,0,0.7316260413452642,267.38
GS-001947,price_sensitive,Motor,Monthly,768.698509090909,9.7,0,0.5450425521448253,392.96
GS-001948,loyal,Travel,Monthly,1376.5402857142858,31.3,0,0.9666170727171273,1247.99
GS-001949,standard,Pet,Monthly,414.7648164179104,55.2,0,0.942307692307692,366.57
GS-001950,standard,Pet,Monthly,1196.868156506448,28.2,0,0.9291341574190161,1043.02
GS-001951,standard,Motor,Annual,1592.24,12.0,1,0.9218210586139648,1376.65
GS-001952,standard,Motor,Monthly,685.2865369073276,72.0,1,0.1,64.27
GS-001953,price_sensitive,Motor,Monthly,431.76552739726026,12.3,0,0.7316260413452642,296.28
GS-001954,loyal,Travel,Monthly,1045.3866549295776,36.0,1,0.9814241486068109,962.28
GS-001955,price_sensitive,Travel,Monthly,289.0475620496397,48.0,1,0.1,27.11
GS-001956,standard,Motor,Annual,754.3678877737225,46.5,0,0.9235855666491501,653.47
GS-001957,price_sensitive,Motor,Monthly,261.2959131736527,12.0,1,0.7316260413452642,179.3
GS-001958,standard,Home,Annual,1287.2410684931508,24.0,1,0.9291341574190161,1121.77
GS-001959,price_sensitive,Travel,Monthly,298.17483582089557,12.0,1,0.7316260413452642,204.61
GS-001960,price_sensitive,Life,Monthly,191.5393991416309,24.0,1,0.7440728887727786,133.67
GS-001961,loyal,Travel,Monthly,1282.74,5.7,0,0.9557021677662589,1149.82
GS-001962,standard,Pet,Monthly,248.9110028022418,41.1,0,0.9235855666491501,215.62
GS-001963,standard,Travel,Monthly,371.2793507462686,12.0,1,0.9218210586139648,321.01
GS-001964,standard,Motor,Monthly,507.74159456740443,49.1,0,0.942307692307692,448.75
GS-001965,loyal,Motor,Monthly,1087.002356636598,51.7,0,0.9615384615384621,980.31
GS-001966,price_sensitive,Pet,Monthly,704.9870149253732,12.0,1,0.7316260413452642,483.77
GS-001967,standard,Home,Monthly,302.25433636363636,9.3,0,0.8455980328358912,239.72
GS-001968,standard,Home,Monthly,701.0328383458647,36.0,1,0.9235855666491501,607.27
GS-001969,price_sensitive,Home,Annual,568.6757626538988,36.0,1,0.1,53.34
GS-001970,price_sensitive,Motor,Monthly,750.3700374251496,11.1,0,0.5450425521448253,383.6
GS-001971,loyal,Motor,Monthly,1179.8534921156374,50.8,0,0.9615384615384621,1064.05
GS-001972,standard,Motor,Monthly,1021.5427722772279,12.0,1,0.9218210586139648,883.22
GS-001973,standard,Motor,Annual,2060.24,4.6,0,0.8455980328358912,1633.99
GS-001974,price_sensitive,Motor,Monthly,315.7,12.0,1,0.7316260413452642,216.64
GS-001975,standard,Motor,Monthly,1039.5348466476462,24.0,1,0.9291341574190161,905.91
GS-001976,standard,Pet,Annual,1324.48,3.8,0,0.8455980328358912,1050.45
GS-001977,standard,Home,Monthly,454.28748685939553,25.5,0,0.9291341574190161,395.89
GS-001978,standard,Motor,Monthly,919.0733571428573,24.0,1,0.9291341574190161,800.93
GS-001979,price_sensitive,Home,Monthly,391.2456946072685,28.3,0,0.7440728887727786,273.04
GS-001980,loyal,Pet,Annual,613.4979832968237,64.4,0,1.0,575.41
GS-001981,standard,Home,Monthly,438.9162654320987,24.0,0,0.9291341574190161,382.5
GS-001982,standard,Pet,Monthly,785.4676232876711,12.9,0,0.9218210586139648,679.11
GS-001983,standard,Pet,Monthly,808.7252323943662,35.7,0,0.9291341574190161,704.77
GS-001984,standard,Travel,Monthly,568.6451865671642,12.0,1,0.9218210586139648,491.65
GS-001985,standard,Travel,Annual,1059.5,12.0,1,0.9218210586139648,916.04
GS-001986,standard,Life,Monthly,559.7497197309417,22.2,0,0.9218210586139648,483.96
GS-001987,standard,Motor,Monthly,634.9431933399602,33.8,0,0.9291341574190161,553.33
GS-001988,price_sensitive,Life,Monthly,266.9386976047904,12.0,1,0.7316260413452642,183.18
GS-001989,standard,Pet,Monthly,622.4341167664671,12.0,1,0.9218210586139648,538.15
GS-001990,price_sensitive,Life,Monthly,393.748248502994,12.0,1,0.7316260413452642,270.19
GS-001991,standard,Motor,Annual,1433.7513493150684,17.7,0,0.9218210586139648,1239.62
GS-001992,price_sensitive,Motor,Monthly,358.6178289473684,36.0,1,0.1,33.64
GS-001993,loyal,Motor,Annual,945.1680677154584,28.3,0,0.9666170727171273,856.9
GS-001994,standard,Motor,Monthly,432.38397887323947,14.5,0,0.9218210586139648,373.84
GS-001995,price_sensitive,Motor,Monthly,197.50757462686568,12.0,1,0.7316260413452642,135.53
GS-001996,price_sensitive,Motor,Annual,926.8944246575343,18.4,0,0.7316260413452642,636.04
GS-001997,standard,Motor,Annual,1338.6,12.0,1,0.9218210586139648,1157.35
GS-001998,standard,Home,Monthly,242.66000000000003,2.6,0,0.8455980328358912,192.46
GS-001999,loyal,Motor,Annual,1036.96,10.1,0,0.9557021677662589,929.51
GS-002000,loyal,Motor,Annual,1801.6431575342465,17.1,0,0.9872773536895676,1668.3
GS-002001,loyal,Motor,Monthly,889.1733223880597,55.4,0,0.9615384615384621,801.9
GS-002002,loyal,Motor,Annual,1441.74,55.6,0,0.9615384615384621,1300.23
GS-002003,price_sensitive,Motor,Monthly,325.19279191616766,12.0,1,0.7316260413452642,223.15
GS-002004,standard,Life,Monthly,768.4490401785714,12.0,1,0.9218210586139648,664.4
GS-002005,price_sensitive,Pet,Monthly,543.1867164179105,12.0,1,0.7316260413452642,372.74
GS-002006,standard,Pet,Monthly,691.385789013296,47.9,1,0.9246702238031718,599.62
GS-002007,standard,Life,Monthly,425.26698467966565,60.0,1,0.1,39.89
GS-002008,standard,Motor,Monthly,783.8348605150214,24.0,1,0.9291341574190161,683.08
GS-002009,price_sensitive,Pet,Monthly,290.36829850746267,12.0,1,0.7316260413452642,199.25
GS-002010,standard,Pet,Monthly,320.89383566433565,47.5,0,0.9235855666491501,277.98
GS-002011,standard,Motor,Monthly,706.9404018650088,37.8,0,0.9235855666491501,612.39
GS-002012,loyal,Motor,Monthly,1138.4490836980306,30.3,0,0.9666170727171273,1032.13
GS-002013,standard,Motor,Annual,351.74015060240964,72.0,1,0.1,32.99
GS-002014,price_sensitive,Home,Annual,793.369698630137,48.0,1,0.1,74.41
GS-002015,loyal,Motor,Monthly,1038.487581967213,6.7,0,0.9557021677662589,930.87
GS-002016,standard,Motor,Monthly,594.996624251497,12.0,1,0.9218210586139648,514.43
GS-002017,price_sensitive,Home,Monthly,505.3682110778443,12.0,1,0.7316260413452642,346.79
GS-002018,standard,Travel,Annual,1201.22,12.0,1,0.9218210586139648,1038.57
GS-002019,standard,Pet,Monthly,1117.9375746268656,12.0,1,0.9218210586139648,966.57
GS-002020,loyal,Home,Monthly,585.4492860151644,39.3,0,0.9814241486068109,538.91
GS-002021,loyal,Home,Annual,1375.4,58.8,0,0.9615384615384621,1240.4
GS-002022,standard,Motor,Monthly,783.7692921686746,11.9,1,0.8477989003090736,623.23
GS-002023,standard,Motor,Monthly,437.4421021726365,56.0,0,0.942307692307692,386.62
GS-002024,standard,Pet,Annual,1158.6546111719604,72.0,1,0.1,108.67
GS-002025,standard,Motor,Monthly,608.26,4.9,0,0.8455980328358912,482.41
GS-002026,price_sensitive,Home,Annual,899.48,12.0,1,0.7316260413452642,617.23
GS-002027,price_sensitive,Motor,Monthly,466.5987462908012,12.0,1,0.7316260413452642,320.18
GS-002028,standard,Home,Annual,2022.013993150685,18.5,0,0.9218210586139648,1748.23
GS-002029,standard,Home,Monthly,396.06750000000005,16.8,0,0.9218210586139648,342.44
GS-002030,price_sensitive,Motor,Monthly,485.077541958042,48.0,1,0.1,45.5
GS-002031,standard,Life,Annual,824.6028819824753,72.0,1,0.1,77.34
GS-002032,standard,Travel,Annual,1257.88,10.5,0,0.8455980328358912,997.63
GS-002033,loyal,Travel,Monthly,691.9458333333333,31.8,0,0.9666170727171273,627.33
GS-002034,loyal,Motor,Annual,1224.6225,53.9,0,0.9615384615384621,1104.42
GS-002035,standard,Home,Monthly,860.2169084507043,35.8,0,0.9291341574190161,749.64
GS-002036,price_sensitive,Motor,Monthly,621.5527734374999,21.7,0,0.7316260413452642,426.52
GS-002037,standard,Home,Monthly,708.5700153846154,32.3,0,0.9291341574190161,617.49
GS-002038,standard,Pet,Monthly,1139.3504142857144,23.7,0,0.9218210586139648,985.08
GS-002039,price_sensitive,Motor,Monthly,543.6210404191617,12.0,1,0.7316260413452642,373.04
GS-002040,standard,Motor,Monthly,446.3455068493151,12.3,0,0.9218210586139648,385.91
GS-002041,standard,Motor,Monthly,632.4600891224864,36.0,0,0.9235855666491501,547.87
GS-002042,price_sensitive,Pet,Monthly,415.55389221556885,12.0,1,0.7316260413452642,285.16
GS-002043,price_sensitive,Motor,Monthly,453.1607686567164,12.0,1,0.7316260413452642,310.96
GS-002044,price_sensitive,Home,Monthly,479.35235029940117,12.0,1,0.7316260413452642,328.94
GS-002045,loyal,Motor,Monthly,1353.224093866171,53.4,0,0.9615384615384621,1220.4
GS-002046,loyal,Home,Annual,1535.965,54.5,0,0.9615384615384621,1385.21
GS-002047,price_sensitive,Travel,Monthly,499.8743605870021,48.0,1,0.1,46.88
GS-002048,loyal,Life,Annual,2615.08,12.0,1,0.9872773536895676,2421.54
GS-002049,standard,Home,Annual,1189.834397260274,24.0,1,0.9291341574190161,1036.89
GS-002050,price_sensitive,Travel,Monthly,231.54446351931333,24.0,1,0.7440728887727786,161.59
GS-002051,standard,Motor,Monthly,266.7985227272727,34.2,0,0.9291341574190161,232.5
GS-002052,standard,Home,Monthly,644.7979970674487,56.8,0,0.942307692307692,569.88
GS-002053,standard,Pet,Monthly,604.92705,24.0,1,0.9291341574190161,527.17
GS-002054,standard,Motor,Monthly,672.443842364532,20.4,0,0.9218210586139648,581.39
GS-002055,loyal,Travel,Monthly,849.0024452954049,45.9,0,0.9814241486068109,781.51
GS-002056,standard,Motor,Monthly,375.56613839285717,12.0,1,0.9218210586139648,324.71
GS-002057,loyal,Home,Monthly,821.8217234848485,26.3,0,0.9666170727171273,745.07
GS-002058,price_sensitive,Pet,Monthly,532.925995508982,12.0,1,0.7316260413452642,365.7
GS-002059,standard,Motor,Monthly,627.1477777777778,72.0,1,0.1,58.82
GS-002060,price_sensitive,Motor,Annual,369.1291149635036,48.0,1,0.1,34.62
GS-002061,loyal,Motor,Annual,1573.0633406352683,62.4,0,1.0,1475.41
GS-002062,standard,Motor,Monthly,450.14659539473683,15.0,0,0.9218210586139648,389.2
GS-002063,standard,Pet,Monthly,831.0470597627736,36.3,0,0.9235855666491501,719.9
GS-002064,price_sensitive,Travel,Annual,941.96,12.0,1,0.7316260413452642,646.38
GS-002065,price_sensitive,Home,Monthly,319.9829508196721,12.0,1,0.7316260413452642,219.58
GS-002066,standard,Home,Monthly,537.56,12.0,1,0.9218210586139648,464.77
GS-002067,price_sensitive,Motor,Monthly,537.281018957346,7.0,0,0.5450425521448253,274.66
GS-002068,price_sensitive,Home,Monthly,581.5857786885246,6.3,0,0.5450425521448253,297.31
GS-002069,loyal,Pet,Monthly,730.2664476021315,37.3,0,0.9814241486068109,672.21
GS-002070,standard,Motor,Monthly,1081.5344014084508,14.2,0,0.9218210586139648,935.09
GS-002071,price_sensitive,Pet,Monthly,810.0045671641791,12.0,1,0.7316260413452642,555.83
GS-002072,loyal,Home,Monthly,1693.6144704433495,20.7,0,0.9872773536895676,1568.27
GS-002073,loyal,Pet,Monthly,837.5918694320712,60.0,1,1.0,785.6
GS-002074,standard,Motor,Monthly,1385.3100742574259,10.4,0,0.8455980328358912,1098.7
GS-002075,standard,Motor,Monthly,783.4950000000001,16.8,0,0.9218210586139648,677.41
GS-002076,standard,Travel,Annual,1150.7,12.0,1,0.9218210586139648,994.89
GS-002077,standard,Life,Monthly,822.4125,16.7,0,0.9218210586139648,711.06
GS-002078,standard,Motor,Annual,805.8603162650602,72.0,1,0.1,75.58
GS-002079,loyal,Pet,Monthly,1176.5131197183098,35.8,0,0.9666170727171273,1066.64
GS-002080,loyal,Motor,Monthly,1035.6133548387097,56.7,0,0.9615384615384621,933.97
GS-002081,standard,Travel,Monthly,409.2106330472103,24.0,1,0.9291341574190161,356.61
GS-002082,price_sensitive,Pet,Monthly,386.608947761194,48.0,1,0.1,36.26
GS-002083,standard,Home,Monthly,660.3274154929578,36.0,1,0.9235855666491501,572.01
GS-002084,loyal,Motor,Monthly,880.5647415506959,33.5,0,0.9666170727171273,798.33
GS-002085,loyal,Motor,Monthly,732.9697669719827,61.2,0,1.0,687.47
GS-002086,standard,Travel,Monthly,961.0071215986395,58.7,0,0.942307692307692,849.35
GS-002087,standard,Motor,Monthly,450.9451237623763,10.1,0,0.8455980328358912,357.65
GS-002088,price_sensitive,Home,Monthly,142.4168710691824,48.0,1,0.1,13.36
GS-002089,standard,Motor,Annual,509.685,52.5,0,0.942307692307692,450.47
GS-002090,price_sensitive,Motor,Annual,298.97512089416057,48.0,1,0.1,28.04
GS-002091,standard,Home,Annual,1424.5,3.8,0,0.8455980328358912,1129.78
GS-002092,loyal,Life,Monthly,830.8052578361982,65.0,0,1.0,779.23
GS-002093,price_sensitive,Home,Monthly,339.8255195783132,11.9,1,0.5474671117219716,174.49
GS-002094,standard,Life,Monthly,656.8356307692308,32.9,0,0.9291341574190161,572.4
GS-002095,price_sensitive,Motor,Monthly,385.316878742515,12.0,1,0.7316260413452642,264.41
GS-002096,price_sensitive,Motor,Annual,944.6152925045703,47.9,1,0.1,88.6
GS-002097,standard,Motor,Monthly,590.9636605723371,72.0,1,0.1,55.43
GS-002098,standard,Motor,Annual,1311.6377671232876,18.3,0,0.9218210586139648,1134.04
GS-002099,price_sensitive,Life,Monthly,498.09601796407185,12.0,1,0.7316260413452642,341.8
GS-002100,price_sensitive,Life,Annual,678.88,12.0,1,0.7316260413452642,465.85
GS-002101,standard,Motor,Monthly,558.49578515625,21.3,0,0.9218210586139648,482.87
GS-002102,price_sensitive,Pet,Annual,1008.846494069343,48.0,1,0.1,94.62
GS-002103,loyal,Motor,Monthly,1407.984235074627,44.8,0,0.9814241486068109,1296.05
GS-002104,loyal,Motor,Monthly,782.6285183968463,25.0,0,0.9666170727171273,709.54
GS-002105,price_sensitive,Travel,Monthly,760.3775459921156,25.4,0,0.7440728887727786,530.65
GS-002106,loyal,Motor,Monthly,1251.9064427312776,14.9,0,0.9872773536895676,1159.25
GS-002107,standard,Travel,Monthly,1032.2751692307693,32.4,0,0.9291341574190161,899.58
GS-002108,standard,Motor,Annual,567.7114227086183,34.9,0,0.9291341574190161,494.74
GS-002109,standard,Motor,Monthly,692.8623823268205,37.5,0,0.9235855666491501,600.19
GS-002110,loyal,Motor,Annual,2289.404329379562,43.9,0,0.9814241486068109,2107.4
GS-002111,price_sensitive,Motor,Monthly,311.94351369863017,12.5,0,0.7316260413452642,214.06
GS-002112,price_sensitive,Travel,Monthly,351.0447229822162,24.0,0,0.7440728887727786,244.99
GS-002113,standard,Motor,Annual,1350.34,3.7,0,0.8455980328358912,1070.96
GS-002114,price_sensitive,Motor,Monthly,710.881482035928,12.0,1,0.7316260413452642,487.81
GS-002115,standard,Motor,Monthly,1280.826019736842,15.2,0,0.9218210586139648,1107.4
GS-002116,standard,Life,Monthly,780.0189461883408,22.9,0,0.9218210586139648,674.4
GS-002117,standard,Motor,Monthly,454.3644386227545,12.0,1,0.9218210586139648,392.84
GS-002118,price_sensitive,Home,Monthly,380.6364296407185,12.0,1,0.7316260413452642,261.2
GS-002119,loyal,Home,Monthly,904.7277922952586,61.2,0,1.0,848.57
GS-002120,loyal,Travel,Monthly,1223.5763473282443,44.0,0,0.9814241486068109,1126.3
GS-002121,price_sensitive,Motor,Monthly,541.8074888059701,48.0,1,0.1,50.82
GS-002122,standard,Motor,Monthly,1152.7818072289156,72.0,1,0.1,108.12
GS-002123,standard,Home,Monthly,560.22,4.9,0,0.8455980328358912,444.31
GS-002124,loyal,Motor,Monthly,1180.4743457943925,8.0,0,0.9557021677662589,1058.15
GS-002125,standard,Home,Monthly,971.7727769461077,12.0,1,0.9218210586139648,840.19
GS-002126,standard,Motor,Monthly,794.8984813432835,44.5,0,0.9235855666491501,688.58
GS-002127,price_sensitive,Home,Monthly,523.3706690140845,35.8,0,0.7440728887727786,365.25
GS-002128,standard,Motor,Monthly,502.52,4.5,0,0.8455980328358912,398.55
GS-002129,standard,Home,Monthly,870.6514796716185,42.8,0,0.9235855666491501,754.2
GS-002130,loyal,Travel,Annual,1860.206757865937,32.4,0,0.9666170727171273,1686.49
GS-002131,price_sensitive,Motor,Monthly,305.871273364486,12.0,1,0.7316260413452642,209.89
GS-002132,standard,Home,Annual,1222.82,1.3,0,0.8455980328358912,969.83
GS-002133,price_sensitive,Motor,Monthly,537.730309859155,36.0,1,0.1,50.43
GS-002134,loyal,Home,Monthly,840.2384685314685,47.1,0,0.9814241486068109,773.44
GS-002135,loyal,Motor,Monthly,1223.0613356643357,47.3,0,0.9814241486068109,1125.83
GS-002136,standard,Home,Monthly,375.124872754491,11.8,0,0.8455980328358912,297.51
GS-002137,loyal,Home,Monthly,1273.7088693270737,63.7,0,1.0,1194.64
GS-002138,loyal,Pet,Monthly,1364.2133734177216,13.1,0,0.9872773536895676,1263.25
GS-002139,price_sensitive,Motor,Annual,825.96,12.0,1,0.7316260413452642,566.78
GS-002140,standard,Motor,Monthly,706.3067845786964,72.0,1,0.1,66.25
GS-002141,loyal,Pet,Monthly,643.3603561643835,12.7,0,0.9872773536895676,595.75
GS-002142,price_sensitive,Life,Monthly,624.8395203111495,48.0,1,0.1,58.61
GS-002143,standard,Motor,Monthly,454.2967040429564,52.5,0,0.942307692307692,401.51
GS-002144,price_sensitive,Motor,Monthly,596.9759730538922,12.0,1,0.7316260413452642,409.65
GS-002145,standard,Life,Monthly,1089.5876328358208,55.9,0,0.942307692307692,962.99
GS-002146,standard,Motor,Annual,569.78,2.0,0,0.8455980328358912,451.9
GS-002147,price_sensitive,Home,Annual,758.4891575342466,24.0,1,0.7440728887727786,529.34
GS-002148,price_sensitive,Motor,Monthly,381.98063059701497,48.0,1,0.1,35.83
GS-002149,standard,Life,Monthly,607.304978601997,24.0,1,0.9291341574190161,529.24
GS-002150,loyal,Travel,Annual,1266.275,50.5,0,0.9615384615384621,1141.99
GS-002151,standard,Motor,Annual,874.717096259124,37.4,0,0.9235855666491501,757.73
GS-002152,loyal,Motor,Monthly,1426.2414818181817,9.8,0,0.9557021677662589,1278.45
GS-002153,loyal,Home,Monthly,1080.2263662952646,59.4,0,0.9615384615384621,974.2
GS-002154,price_sensitive,Home,Annual,473.68088356164384,48.0,1,0.1,44.43
GS-002155,standard,Home,Annual,1523.4427397260274,24.0,1,0.9291341574190161,1327.61
GS-002156,loyal,Motor,Monthly,841.0947673357664,18.1,0,0.9872773536895676,778.85
GS-002157,price_sensitive,Travel,Monthly,238.00526031894935,36.0,1,0.1,22.32
GS-002158,loyal,Motor,Monthly,1190.48,3.3,0,0.9557021677662589,1067.12
GS-002159,standard,Motor,Monthly,842.3665684931507,12.6,0,0.9218210586139648,728.31
GS-002160,loyal,Pet,Monthly,618.5709067253803,41.8,0,0.9814241486068109,569.39
GS-002161,standard,Motor,Monthly,812.9386545961002,59.7,0,0.942307692307692,718.49
GS-002162,price_sensitive,Home,Monthly,281.8550786163522,48.0,1,0.1,26.44
GS-002163,price_sensitive,Pet,Annual,1175.4345410958906,13.0,0,0.7316260413452642,806.59
GS-002164,loyal,Motor,Annual,1202.2856934306567,36.3,0,0.9814241486068109,1106.7
GS-002165,standard,Home,Monthly,747.5294479927007,54.4,0,0.942307692307692,660.68
GS-002166,price_sensitive,Home,Monthly,271.52,3.4,0,0.5450425521448253,138.8
GS-002167,price_sensitive,Pet,Monthly,414.09077343750005,21.1,0,0.7316260413452642,284.15
GS-002168,loyal,Motor,Monthly,458.62,5.1,0,0.9557021677662589,411.1
GS-002169,standard,Home,Monthly,680.7046943430656,18.6,0,0.9218210586139648,588.54
GS-002170,standard,Motor,Monthly,879.3279609375,21.9,0,0.9218210586139648,760.26
GS-002171,loyal,Motor,Monthly,903.1223636728147,41.0,0,0.9814241486068109,831.32
GS-002172,loyal,Motor,Monthly,941.9516538461538,32.3,0,0.9666170727171273,853.99
GS-002173,price_sensitive,Motor,Monthly,617.1634701492537,12.0,1,0.7316260413452642,423.5
GS-002174,loyal,Motor,Monthly,750.3149999999999,48.6,0,0.9615384615384621,676.67
GS-002175,loyal,Home,Monthly,681.2812294708028,36.5,0,0.9814241486068109,627.12
GS-002176,price_sensitive,Home,Monthly,223.21805389221555,12.0,1,0.7316260413452642,153.17
GS-002177,standard,Travel,Monthly,873.4006502242153,22.8,0,0.9218210586139648,755.14
GS-002178,standard,Motor,Monthly,631.0175172860847,38.3,0,0.9235855666491501,546.62
GS-002179,standard,Motor,Monthly,642.2883089552239,55.4,0,0.942307692307692,567.66
GS-002180,standard,Motor,Monthly,414.84760371650816,38.8,0,0.9235855666491501,359.36
GS-002181,loyal,Travel,Annual,762.5875,50.4,0,0.9615384615384621,687.74
GS-002182,loyal,Home,Monthly,738.0340346534654,10.1,0,0.9557021677662589,661.56
GS-002183,standard,Motor,Monthly,346.1269912472648,45.4,0,0.9235855666491501,299.83
GS-002184,loyal,Travel,Monthly,482.4966602316602,17.2,0,0.9872773536895676,446.79
GS-002185,price_sensitive,Life,Monthly,589.6282928571429,24.0,1,0.7440728887727786,411.49
GS-002186,loyal,Motor,Monthly,498.38,3.0,0,0.9557021677662589,446.74
GS-002187,standard,Motor,Monthly,554.6106901408451,35.6,0,0.9291341574190161,483.32
GS-002188,loyal,Home,Monthly,647.0081250000001,64.0,0,1.0,606.84
GS-002189,loyal,Home,Monthly,1212.805,48.2,0,0.9615384615384621,1093.77
GS-002190,loyal,Motor,Monthly,1244.3145093823298,42.9,0,0.9814241486068109,1145.39
GS-002191,standard,Motor,Monthly,924.8082019704433,40.5,0,0.9235855666491501,801.12
GS-002192,loyal,Motor,Monthly,913.4331594138542,37.4,0,0.9814241486068109,840.82
GS-002193,loyal,Home,Monthly,1702.2209359605909,20.2,0,0.9872773536895676,1576.24
GS-002194,price_sensitive,Motor,Monthly,355.88394642857145,24.0,1,0.7440728887727786,248.37
GS-002195,price_sensitive,Motor,Annual,877.020287671233,24.0,1,0.7440728887727786,612.06
GS-002196,price_sensitive,Motor,Monthly,373.6527459016394,6.6,0,0.5450425521448253,191.01
GS-002197,price_sensitive,Home,Monthly,703.1584285714285,23.5,0,0.7316260413452642,482.51
GS-002198,standard,Pet,Annual,1035.1,3.8,0,0.8455980328358912,820.94
GS-002199,price_sensitive,Motor,Monthly,568.10985,24.0,1,0.7440728887727786,396.47
GS-002200,standard,Motor,Monthly,715.46,3.2,0,0.8455980328358912,567.44
GS-002201,standard,Life,Monthly,367.5,5.4,0,0.8455980328358912,291.47
GS-002202,price_sensitive,Motor,Monthly,202.02799239391513,48.0,1,0.1,18.95
GS-002203,loyal,Motor,Monthly,1342.2,4.8,0,0.9557021677662589,1203.11
GS-002204,standard,Motor,Monthly,552.5724162371134,51.6,0,0.942307692307692,488.37
GS-002205,price_sensitive,Motor,Monthly,639.8669160839161,48.0,1,0.1,60.01
GS-002206,loyal,Home,Monthly,569.465621669627,37.4,0,0.9814241486068109,524.19
GS-002207,price_sensitive,Motor,Annual,819.9912534246575,48.0,1,0.1,76.91
GS-002208,price_sensitive,Motor,Monthly,686.6072961373391,24.0,1,0.7440728887727786,479.17
GS-002209,standard,Motor,Annual,1181.8336929744526,44.1,0,0.9235855666491501,1023.77
GS-002210,price_sensitive,Pet,Monthly,371.3508242134063,24.4,0,0.7440728887727786,259.16
GS-002211,standard,Motor,Annual,1014.9858401639344,24.0,1,0.9291341574190161,884.52
GS-002212,standard,Motor,Monthly,798.5037828947368,15.1,0,0.9218210586139648,690.38
GS-002213,price_sensitive,Travel,Annual,1186.38,5.6,0,0.5450425521448253,606.49
GS-002214,price_sensitive,Motor,Monthly,680.8397183098592,36.0,1,0.1,63.86
GS-002215,standard,Travel,Annual,1176.7,11.4,0,0.8455980328358912,933.25
GS-002216,standard,Motor,Monthly,812.9765119760478,12.0,1,0.9218210586139648,702.9
GS-002217,price_sensitive,Motor,Annual,352.0196852189781,48.0,1,0.1,33.02
GS-002218,loyal,Home,Monthly,668.0828983186549,41.5,0,0.9814241486068109,614.97
GS-002219,standard,Pet,Annual,1442.48,9.5,0,0.8455980328358912,1144.04
GS-002220,standard,Home,Monthly,1293.221994274809,43.6,0,0.9235855666491501,1120.26
GS-002221,loyal,Home,Monthly,1242.6174057738572,41.0,0,0.9814241486068109,1143.83
GS-002222,loyal,Pet,Monthly,654.3740866623713,51.3,0,0.9615384615384621,590.15
GS-002223,standard,Pet,Monthly,606.57289408867,20.4,0,0.9218210586139648,524.44
GS-002224,standard,Motor,Monthly,294.15999999999997,1.8,0,0.8455980328358912,233.3
GS-002225,loyal,Motor,Monthly,1041.0148343283581,55.6,0,0.9615384615384621,938.84
GS-002226,standard,Home,Monthly,976.66,4.5,0,0.8455980328358912,774.59
GS-002227,loyal,Motor,Monthly,716.2836826347306,12.0,1,0.9872773536895676,663.27
GS-002228,price_sensitive,Life,Monthly,530.716998502994,12.0,1,0.7316260413452642,364.18
GS-002229,standard,Motor,Monthly,1116.0180545454546,9.7,0,0.8455980328358912,885.12
GS-002230,standard,Home,Monthly,786.390443107221,45.1,0,0.9235855666491501,681.21
GS-002231,loyal,Home,Monthly,1251.3355970149255,12.0,1,0.9872773536895676,1158.72
GS-002232,standard,Motor,Annual,525.8750581395349,27.9,0,0.9291341574190161,458.28
GS-002233,price_sensitive,Home,Monthly,414.52809965034965,48.0,1,0.1,38.88
GS-002234,price_sensitive,Travel,Monthly,563.8416428571428,31.1,0,0.7440728887727786,393.5
GS-002235,price_sensitive,Travel,Annual,555.44,12.0,1,0.7316260413452642,381.15
GS-002236,price_sensitive,Motor,Annual,1169.44,12.0,1,0.7316260413452642,802.48
GS-002237,loyal,Motor,Monthly,1180.2375966494847,51.6,0,0.9615384615384621,1064.4
GS-002238,standard,Motor,Monthly,364.26067715458277,24.6,0,0.9291341574190161,317.44
GS-002239,standard,Life,Monthly,660.4137682481752,27.9,0,0.9291341574190161,575.52
GS-002240,price_sensitive,Motor,Monthly,540.0161158798284,24.0,1,0.7440728887727786,376.87
GS-002241,price_sensitive,Motor,Monthly,443.3027253668763,48.0,1,0.1,41.58
GS-002242,standard,Travel,Monthly,966.5731548084441,42.1,0,0.9235855666491501,837.3
GS-002243,price_sensitive,Travel,Annual,401.46173813868603,48.0,1,0.1,37.65
GS-002244,standard,Home,Monthly,393.4181656891496,56.2,0,0.942307692307692,347.71
GS-002245,loyal,Pet,Monthly,1063.6854262672812,57.8,0,0.9615384615384621,959.28
GS-002246,standard,Pet,Annual,866.6850000000001,60.0,1,0.1,81.29
GS-002247,loyal,Home,Monthly,722.2995028957528,17.4,0,0.9872773536895676,668.84
GS-002248,standard,Travel,Monthly,651.4135329341317,12.0,1,0.9218210586139648,563.21
GS-002249,standard,Pet,Annual,694.6181865875911,42.5,0,0.9235855666491501,601.71
GS-002250,standard,Motor,Annual,878.0409863013699,16.3,0,0.9218210586139648,759.15
GS-002251,loyal,Home,Monthly,713.7632278481013,13.4,0,0.9872773536895676,660.94
GS-002252,price_sensitive,Life,Monthly,594.4660856643357,48.0,1,0.1,55.76
GS-002253,standard,Life,Monthly,616.624309859155,35.3,0,0.9291341574190161,537.36
GS-002254,price_sensitive,Motor,Monthly,381.8328832116788,18.9,0,0.7316260413452642,262.02
GS-002255,standard,Motor,Monthly,889.0556811377245,11.6,0,0.8455980328358912,705.12
GS-002256,loyal,Motor,Monthly,597.372371641791,55.7,0,0.9615384615384621,538.74
GS-002257,price_sensitive,Motor,Annual,864.9620342465753,15.0,0,0.7316260413452642,593.54
GS-002258,standard,Life,Monthly,678.8477202072538,19.5,0,0.9218210586139648,586.93
GS-002259,standard,Home,Monthly,676.1525602409639,11.9,1,0.8477989003090736,537.66
GS-002260,standard,Life,Monthly,833.8088847305389,12.0,1,0.9218210586139648,720.91
GS-002261,price_sensitive,Pet,Monthly,543.4398214285715,12.0,1,0.7316260413452642,372.91
GS-002262,standard,Motor,Monthly,1018.3366841317365,12.0,1,0.9218210586139648,880.45
GS-002263,loyal,Motor,Annual,1738.5699972617742,60.1,0,1.0,1630.65
GS-002264,standard,Home,Monthly,867.15,48.4,0,0.942307692307692,766.4
GS-002265,standard,Home,Monthly,481.5588818181818,9.6,0,0.8455980328358912,381.93
GS-002266,loyal,Motor,Monthly,879.605341400173,38.5,0,0.9814241486068109,809.68
GS-002267,price_sensitive,Pet,Monthly,494.04960768614893,48.0,1,0.1,46.34
GS-002268,price_sensitive,Travel,Monthly,591.0947088607595,13.8,0,0.7316260413452642,405.61
GS-002269,standard,Motor,Monthly,742.044965034965,48.0,1,0.942307692307692,655.83
GS-002270,loyal,Home,Monthly,887.6432394366198,14.6,0,0.9872773536895676,821.95
GS-002271,price_sensitive,Motor,Annual,877.98,12.0,1,0.7316260413452642,602.48
GS-002272,loyal,Motor,Monthly,1129.4059751908396,43.2,0,0.9814241486068109,1039.62
GS-002273,price_sensitive,Travel,Annual,481.6334466240876,48.0,1,0.1,45.17
GS-002274,standard,Travel,Monthly,456.0179379251701,58.0,0,0.942307692307692,403.03
GS-002275,price_sensitive,Motor,Monthly,593.2468340163934,12.0,1,0.7316260413452642,407.09
GS-002276,standard,Motor,Monthly,585.7410671641791,12.0,1,0.9218210586139648,506.43
GS-002277,price_sensitive,Pet,Annual,725.1836388508892,29.7,0,0.7440728887727786,506.09
GS-002278,loyal,Pet,Annual,1907.325493150685,14.5,0,0.9872773536895676,1766.16
GS-002279,standard,Home,Monthly,547.9575,48.4,0,0.942307692307692,484.29
GS-002280,standard,Life,Annual,1300.67,55.8,0,0.942307692307692,1149.55
GS-002281,price_sensitive,Life,Monthly,238.14,12.0,1,0.7316260413452642,163.41
GS-002282,price_sensitive,Travel,Annual,1084.06,12.0,1,0.7316260413452642,743.89
GS-002283,price_sensitive,Motor,Monthly,464.9282559880239,12.0,1,0.7316260413452642,319.04
GS-002284,standard,Pet,Annual,1976.36,3.9,0,0.8455980328358912,1567.46
GS-002285,standard,Motor,Monthly,1060.329498502994,12.0,1,0.9218210586139648,916.76
GS-002286,standard,Pet,Monthly,607.8593173963134,57.2,0,0.942307692307692,537.23
GS-002287,price_sensitive,Life,Monthly,370.95607342657337,48.0,1,0.1,34.79
GS-002288,standard,Life,Monthly,792.2979435483871,57.8,0,0.942307692307692,700.24
GS-002289,price_sensitive,Motor,Monthly,401.20292168674695,30.0,0,0.7440728887727786,279.99
GS-002290,standard,Motor,Monthly,439.82065652522016,41.3,0,0.9235855666491501,381.0
GS-002291,standard,Home,Annual,1283.16,7.8,0,0.8455980328358912,1017.68
GS-002292,loyal,Motor,Annual,1502.0016128148957,65.2,0,1.0,1408.76
GS-002293,standard,Travel,Monthly,236.3016423357664,27.6,0,0.9291341574190161,205.93
GS-002294,standard,Pet,Monthly,318.1851241799438,36.0,1,0.9235855666491501,275.63
GS-002295,price_sensitive,Pet,Monthly,360.97046137339055,24.0,1,0.7440728887727786,251.92
GS-002296,price_sensitive,Home,Monthly,281.14,4.1,0,0.5450425521448253,143.72
GS-002297,standard,Motor,Monthly,395.30249999999995,16.4,0,0.9218210586139648,341.78
GS-002298,price_sensitive,Motor,Monthly,262.8925149700599,12.0,1,0.7316260413452642,180.4
GS-002299,standard,Travel,Monthly,509.91949156305503,37.7,0,0.9235855666491501,441.72
GS-002300,standard,Motor,Monthly,538.9515269461078,12.0,1,0.9218210586139648,465.98
GS-002301,standard,Pet,Annual,1103.12,8.6,0,0.8455980328358912,874.89
GS-002302,standard,Motor,Monthly,1655.730741017964,12.0,1,0.9218210586139648,1431.54
GS-002303,standard,Motor,Monthly,917.8139302007299,36.5,0,0.9235855666491501,795.06
GS-002304,price_sensitive,Home,Monthly,358.6995583832335,12.0,1,0.7316260413452642,246.14
GS-002305,loyal,Travel,Monthly,441.33546768707487,58.0,0,0.9615384615384621,398.02
GS-002306,standard,Motor,Annual,743.9136062956204,48.0,1,0.942307692307692,657.48
GS-002307,standard,Motor,Monthly,978.4062271004422,52.2,0,0.942307692307692,864.73
GS-002308,standard,Home,Monthly,501.04107476635517,7.7,0,0.8455980328358912,397.38
GS-002309,standard,Home,Monthly,471.5760629370629,47.5,0,0.9235855666491501,408.5
GS-002310,price_sensitive,Travel,Annual,797.1,12.0,1,0.7316260413452642,546.98
GS-002311,standard,Motor,Monthly,941.539576923077,32.3,0,0.9291341574190161,820.51
GS-002312,standard,Home,Monthly,821.6926303088802,17.0,0,0.9218210586139648,710.43
GS-002313,standard,Motor,Monthly,524.7082042253521,35.7,0,0.9291341574190161,457.26
GS-002314,standard,Home,Monthly,415.41188868613136,18.4,0,0.9218210586139648,359.16
GS-002315,standard,Home,Monthly,555.2639655172413,40.8,0,0.9235855666491501,481.0
GS-002316,standard,Motor,Monthly,789.2927565392355,49.8,0,0.942307692307692,697.59
GS-002317,standard,Motor,Monthly,757.7524330357144,12.0,1,0.9218210586139648,655.15
GS-002318,standard,Travel,Monthly,1023.1277702702703,12.0,1,0.9218210586139648,884.59
GS-002319,loyal,Motor,Monthly,716.4165465328466,18.4,0,0.9872773536895676,663.39
GS-002320,standard,Motor,Annual,1715.92,12.0,1,0.9218210586139648,1483.58
GS-002321,standard,Travel,Monthly,921.2594322845417,24.3,0,0.9291341574190161,802.84
GS-002322,price_sensitive,Travel,Monthly,500.20659431137716,12.0,1,0.7316260413452642,343.25
GS-002323,standard,Home,Monthly,1334.9837465753424,12.4,0,0.9218210586139648,1154.22
GS-002324,price_sensitive,Motor,Monthly,461.27575598802395,12.0,1,0.7316260413452642,316.53
GS-002325,standard,Home,Monthly,1388.366828817734,40.4,0,0.9235855666491501,1202.68
GS-002326,price_sensitive,Home,Annual,379.4667563868612,48.0,1,0.1,35.59
GS-002327,standard,Home,Annual,923.6059420620437,42.6,0,0.9235855666491501,800.08
GS-002328,standard,Life,Annual,881.9854379562044,44.7,0,0.9235855666491501,764.02
GS-002329,price_sensitive,Motor,Monthly,371.0716883484163,29.2,0,0.7440728887727786,258.96
GS-002330,loyal,Motor,Monthly,469.0397465034965,47.1,0,0.9814241486068109,431.75
GS-002331,loyal,Motor,Annual,1825.4635127737226,43.5,0,0.9814241486068109,1680.34
GS-002332,standard,Motor,Annual,1351.784262295082,23.2,0,0.9218210586139648,1168.75
GS-002333,loyal,Motor,Annual,1867.36,1.3,0,0.9557021677662589,1673.86
GS-002334,loyal,Motor,Monthly,500.65999999999997,2.8,0,0.9557021677662589,448.78
GS-002335,price_sensitive,Pet,Monthly,365.34000000000003,4.5,0,0.5450425521448253,186.76
GS-002336,loyal,Pet,Monthly,1447.0802652854975,65.5,0,1.0,1357.25
GS-002337,price_sensitive,Life,Monthly,414.92541023166024,17.2,0,0.7316260413452642,284.73
GS-002338,loyal,Motor,Monthly,758.4990704225352,35.3,0,0.9666170727171273,687.66
GS-002339,price_sensitive,Motor,Monthly,282.03399602385684,33.4,0,0.7440728887727786,196.83
GS-002340,standard,Pet,Annual,3363.0418767123283,24.0,1,0.9291341574190161,2930.74
GS-002341,price_sensitive,Home,Monthly,556.0305107142857,24.0,1,0.7440728887727786,388.04
GS-002342,price_sensitive,Pet,Monthly,487.2090128755365,24.0,1,0.7440728887727786,340.01
GS-002343,price_sensitive,Motor,Annual,557.94,12.0,1,0.7316260413452642,382.86
GS-002344,standard,Motor,Monthly,964.4559758551308,49.3,0,0.942307692307692,852.4
GS-002345,price_sensitive,Life,Monthly,560.8495522388059,12.0,1,0.7316260413452642,384.86
GS-002346,standard,Home,Monthly,494.42,4.9,0,0.8455980328358912,392.13
GS-002347,price_sensitive,Life,Annual,418.5,12.0,1,0.7316260413452642,287.18
GS-002348,price_sensitive,Home,Monthly,472.53945359281437,12.0,1,0.7316260413452642,324.26
GS-002349,standard,Travel,Monthly,887.4293421052631,15.8,0,0.9218210586139648,767.27
GS-002350,standard,Travel,Annual,812.1258698630136,36.0,1,0.9235855666491501,703.51
GS-002351,standard,Home,Annual,1874.86,12.0,1,0.9218210586139648,1621.0
GS-002352,standard,Life,Monthly,874.3670067264574,22.9,0,0.9218210586139648,755.98
GS-002353,price_sensitive,Motor,Monthly,648.6892178571429,24.0,1,0.7440728887727786,452.71
GS-002354,price_sensitive,Pet,Monthly,842.7977727272727,9.1,0,0.5450425521448253,430.84
GS-002355,loyal,Motor,Annual,1613.9503112175103,27.3,0,0.9666170727171273,1463.23
GS-002356,price_sensitive,Motor,Monthly,476.42099740932645,19.3,0,0.7316260413452642,326.92
GS-002357,standard,Pet,Monthly,564.8831060606061,26.6,0,0.9291341574190161,492.27
GS-002358,standard,Motor,Monthly,531.6084016393443,6.2,0,0.8455980328358912,421.62
GS-002359,price_sensitive,Travel,Annual,628.5665898722627,48.0,1,0.1,58.95
GS-002360,standard,Motor,Annual,1221.994530109489,37.4,0,0.9235855666491501,1058.56
GS-002361,loyal,Motor,Annual,1163.3679060218979,44.9,0,0.9814241486068109,1070.88
GS-002362,standard,Travel,Monthly,515.8525363636363,9.1,0,0.8455980328358912,409.13
GS-002363,standard,Motor,Monthly,206.07999999999998,1.3,0,0.8455980328358912,163.44
GS-002364,standard,Pet,Annual,670.7298179079957,72.0,1,0.1,62.91
GS-002365,loyal,Motor,Annual,874.68,4.9,0,0.9557021677662589,784.04
GS-002366,standard,Motor,Annual,447.74853283173735,25.1,0,0.9291341574190161,390.19
GS-002367,standard,Motor,Annual,1096.8461500547644,72.0,1,0.1,102.88
GS-002368,standard,Travel,Monthly,730.6199328358209,12.0,1,0.9218210586139648,631.69
GS-002369,standard,Travel,Monthly,1026.5927960526317,15.2,0,0.9218210586139648,887.59
GS-002370,loyal,Motor,Monthly,1237.3998275862068,20.6,0,0.9872773536895676,1145.82
GS-002371,price_sensitive,Motor,Annual,685.94,12.0,1,0.7316260413452642,470.7
GS-002372,price_sensitive,Motor,Monthly,490.5614719626169,12.0,1,0.7316260413452642,336.63
GS-002373,standard,Travel,Annual,641.0274999999999,55.2,0,0.942307692307692,566.55
GS-002374,price_sensitive,Motor,Monthly,385.7476119402985,12.0,1,0.7316260413452642,264.7
GS-002375,loyal,Motor,Monthly,1940.9413797634693,50.7,0,0.9615384615384621,1750.44
GS-002376,price_sensitive,Home,Monthly,419.57794037199125,30.7,0,0.7440728887727786,292.82
GS-002377,price_sensitive,Life,Annual,1143.74,12.0,1,0.7316260413452642,784.84
GS-002378,standard,Pet,Annual,1112.1912534246574,24.0,1,0.9291341574190161,969.23
GS-002379,loyal,Motor,Monthly,843.2642723540145,36.2,0,0.9814241486068109,776.23
GS-002380,loyal,Pet,Monthly,1592.6446031746034,31.3,0,0.9666170727171273,1443.91
GS-002381,loyal,Life,Annual,1021.7756326949384,34.0,0,0.9666170727171273,926.35
GS-002382,standard,Pet,Monthly,1426.9355241090145,48.0,1,0.942307692307692,1261.14
GS-002383,price_sensitive,Home,Monthly,258.514352189781,18.8,0,0.7316260413452642,177.39
GS-002384,loyal,Home,Monthly,894.7001666666666,31.4,0,0.9666170727171273,811.15
GS-002385,standard,Home,Monthly,664.8407394366197,14.3,0,0.9218210586139648,574.82
GS-002386,loyal,Life,Monthly,1380.6450000000002,8.1,0,0.9557021677662589,1237.58
GS-002387,loyal,Travel,Monthly,958.5010317460318,31.2,0,0.9666170727171273,868.99
GS-002388,standard,Travel,Monthly,790.5956155303029,26.5,0,0.9291341574190161,688.97
GS-002389,standard,Home,Monthly,591.0455208333333,26.6,0,0.9291341574190161,515.07
GS-002390,standard,Home,Annual,1080.94,12.0,1,0.9218210586139648,934.58
GS-002391,loyal,Motor,Monthly,619.092109090909,9.8,0,0.9557021677662589,554.94
GS-002392,standard,Motor,Annual,1293.75182320442,11.9,0,0.8477989003090736,1028.75
GS-002393,standard,Home,Monthly,540.9756246786633,71.9,1,0.1,50.74
GS-002394,loyal,Travel,Monthly,565.5781081081082,62.8,0,1.0,530.47
GS-002395,standard,Motor,Monthly,950.8183632286995,22.1,0,0.9218210586139648,822.07
GS-002396,standard,Travel,Annual,1768.22,12.0,1,0.9218210586139648,1528.8
GS-002397,standard,Home,Monthly,656.9012676056338,35.8,0,0.9291341574190161,572.46
GS-002398,standard,Motor,Monthly,587.3751272727272,12.0,1,0.9218210586139648,507.84
GS-002399,price_sensitive,Travel,Annual,776.1012123287671,48.0,1,0.1,72.79
GS-002400,standard,Home,Annual,774.54,12.0,1,0.9218210586139648,669.67
GS-002401,price_sensitive,Travel,Annual,1123.4089315068493,24.0,1,0.7440728887727786,784.01
GS-002402,loyal,Pet,Monthly,1013.4151626149803,50.3,0,0.9615384615384621,913.95
GS-002403,price_sensitive,Motor,Monthly,565.843119402985,12.0,1,0.7316260413452642,388.29
GS-002404,loyal,Motor,Monthly,577.0725000000001,16.3,0,0.9872773536895676,534.36
GS-002405,loyal,Home,Monthly,1445.6025000000002,16.9,0,0.9872773536895676,1338.61
GS-002406,standard,Motor,Monthly,455.24,5.4,0,0.8455980328358912,361.05
GS-002407,loyal,Motor,Annual,1798.0525,50.4,0,0.9615384615384621,1621.57
GS-002408,price_sensitive,Motor,Annual,529.2632172131147,22.7,0,0.7316260413452642,363.19
GS-002409,loyal,Life,Annual,1664.5768864051092,47.1,0,0.9814241486068109,1532.24
GS-002410,price_sensitive,Life,Monthly,333.86252242152466,22.5,0,0.7316260413452642,229.1
GS-002411,price_sensitive,Motor,Monthly,590.9572683235046,48.0,1,0.1,55.43
GS-002412,standard,Motor,Annual,2251.38098630137,19.3,0,0.9218210586139648,1946.54
GS-002413,loyal,Motor,Annual,887.2525,53.4,0,0.9615384615384621,800.17
GS-002414,standard,Home,Monthly,1323.1147924270072,36.5,0,0.9235855666491501,1146.15
GS-002415,price_sensitive,Home,Monthly,470.1445508982036,12.0,1,0.7316260413452642,322.62
GS-002416,standard,Home,Monthly,595.6310352422907,14.9,0,0.9218210586139648,514.98
GS-002417,standard,Motor,Annual,2252.9220410958906,24.0,1,0.9291341574190161,1963.32
GS-002418,price_sensitive,Home,Annual,262.0927260273973,48.0,1,0.1,24.58
GS-002419,loyal,Motor,Monthly,502.58520148026315,40.0,0,0.9814241486068109,462.63
GS-002420,standard,Motor,Monthly,1465.1970293746049,52.6,0,0.942307692307692,1294.96
GS-002421,standard,Travel,Monthly,957.6292440543602,29.0,0,0.9291341574190161,834.53
GS-002422,standard,Motor,Monthly,1235.18,3.2,0,0.8455980328358912,979.63
GS-002423,standard,Motor,Monthly,402.7708414742451,37.8,0,0.9235855666491501,348.9
GS-002424,standard,Travel,Monthly,689.5248509749304,59.2,0,0.942307692307692,609.41
GS-002425,standard,Motor,Monthly,647.9803777923785,25.9,0,0.9291341574190161,564.69
GS-002426,price_sensitive,Pet,Monthly,211.8,12.0,1,0.7316260413452642,145.34
GS-002427,standard,Travel,Monthly,615.5043414512922,33.1,0,0.9291341574190161,536.39
GS-002428,standard,Home,Monthly,640.9838114754098,6.7,0,0.8455980328358912,508.37
GS-002429,loyal,Motor,Monthly,610.2207755474452,18.2,0,0.9872773536895676,565.06
GS-002430,loyal,Home,Monthly,682.64,4.6,0,0.9557021677662589,611.9
GS-002431,standard,Motor,Monthly,502.6173466476462,24.0,1,0.9291341574190161,438.01
GS-002432,standard,Motor,Monthly,481.1308856502242,22.4,0,0.9218210586139648,415.98
GS-002433,standard,Motor,Monthly,1269.555153197158,37.7,0,0.9235855666491501,1099.76
GS-002434,standard,Life,Monthly,667.9017054483542,29.0,0,0.9291341574190161,582.05
GS-002435,standard,Motor,Monthly,1338.9757015810276,25.0,0,0.9291341574190161,1166.86
GS-002436,price_sensitive,Motor,Monthly,859.3623805970149,12.0,1,0.7316260413452642,589.7
GS-002437,standard,Pet,Monthly,571.1646827133479,45.6,0,0.9235855666491501,494.77
GS-002438,loyal,Pet,Monthly,716.2137383845604,46.4,0,0.9814241486068109,659.28
GS-002439,standard,Motor,Annual,805.34,4.9,0,0.8455980328358912,638.72
GS-002440,standard,Travel,Monthly,922.244261487965,30.6,0,0.9291341574190161,803.7
GS-002441,loyal,Life,Annual,860.61,56.9,0,0.9615384615384621,776.14
GS-002442,loyal,Motor,Annual,1021.39,48.3,0,0.9615384615384621,921.14
GS-002443,standard,Life,Annual,1349.06,12.0,1,0.9218210586139648,1166.39
GS-002444,standard,Motor,Monthly,685.6778283582089,12.0,1,0.9218210586139648,592.84
GS-002445,standard,Motor,Monthly,503.0699343544858,45.5,0,0.9235855666491501,435.79
GS-002446,price_sensitive,Home,Monthly,507.1448190789473,15.3,0,0.7316260413452642,348.01
GS-002447,price_sensitive,Motor,Annual,636.2981592153284,48.0,1,0.1,59.68
GS-002448,loyal,Home,Monthly,799.9403697183099,14.2,0,0.9872773536895676,740.74
GS-002449,standard,Motor,Monthly,795.7374225352112,35.5,0,0.9291341574190161,693.45
GS-002450,price_sensitive,Home,Monthly,278.84000000000003,3.3,0,0.5450425521448253,142.55
GS-002451,loyal,Motor,Monthly,590.0936029411764,29.6,0,0.9666170727171273,534.99
GS-002452,standard,Travel,Annual,1386.3,4.2,0,0.8455980328358912,1099.48
GS-002453,price_sensitive,Home,Monthly,326.32,3.6,0,0.5450425521448253,166.82
GS-002454,standard,Home,Monthly,427.6479628305933,46.5,0,0.9235855666491501,370.45
GS-002455,loyal,Home,Monthly,1096.5134323770492,8.8,0,0.9557021677662589,982.89
GS-002456,standard,Home,Monthly,922.1811986301369,12.7,0,0.9218210586139648,797.32
GS-002457,loyal,Life,Annual,1712.7259010036496,39.1,0,0.9814241486068109,1576.56
GS-002458,price_sensitive,Motor,Monthly,593.0862892376681,22.4,0,0.7316260413452642,406.98
GS-002459,standard,Motor,Annual,738.0948016415869,28.4,0,0.9291341574190161,643.22
GS-002460,loyal,Pet,Annual,1167.107052919708,36.2,0,0.9814241486068109,1074.32
GS-002461,standard,Motor,Monthly,1096.8372777061857,51.8,0,0.942307692307692,969.4
GS-002462,standard,Travel,Monthly,348.76,2.3,0,0.8455980328358912,276.6
GS-002463,price_sensitive,Home,Annual,904.0,11.9,1,0.5474671117219716,464.19
GS-002464,standard,Home,Monthly,720.2402910447762,12.0,1,0.9218210586139648,622.72
GS-002465,price_sensitive,Motor,Monthly,550.3117027972028,48.0,1,0.1,51.62
GS-002466,standard,Pet,Monthly,391.58000000000004,5.2,0,0.8455980328358912,310.56
GS-002467,price_sensitive,Motor,Monthly,351.2296178571429,23.3,0,0.7316260413452642,241.02
GS-002468,price_sensitive,Pet,Monthly,314.06797210300425,24.0,1,0.7440728887727786,219.18
GS-002469,price_sensitive,Travel,Monthly,549.3293891402715,29.2,0,0.7440728887727786,383.37
GS-002470,loyal,Life,Monthly,1071.5180229591838,58.6,0,0.9615384615384621,966.35
GS-002471,standard,Motor,Monthly,718.5732181971356,39.1,0,0.9235855666491501,622.47
GS-002472,standard,Motor,Annual,1102.84,12.0,1,0.9218210586139648,953.51
GS-002473,standard,Life,Monthly,674.8838731343284,12.0,1,0.9218210586139648,583.5
GS-002474,standard,Home,Monthly,886.9453605233854,60.0,1,0.1,83.19
GS-002475,standard,Home,Monthly,1058.4805591603053,43.7,0,0.9235855666491501,916.91
GS-002476,loyal,Motor,Monthly,1353.7410612788633,37.3,0,0.9814241486068109,1246.12
GS-002477,standard,Pet,Annual,1090.1061369863014,21.7,0,0.9218210586139648,942.5
GS-002478,price_sensitive,Motor,Monthly,498.03040419161675,12.0,1,0.7316260413452642,341.75
GS-002479,loyal,Motor,Monthly,654.5114824945296,45.1,0,0.9814241486068109,602.48
GS-002480,price_sensitive,Pet,Annual,368.9025,48.0,1,0.1,34.6
GS-002481,standard,Motor,Monthly,723.4640500794912,72.0,1,0.1,67.86
GS-002482,standard,Home,Monthly,547.6800000000001,16.2,0,0.9218210586139648,473.52
GS-002483,price_sensitive,Pet,Monthly,627.7234489051094,18.2,0,0.7316260413452642,430.75
GS-002484,price_sensitive,Home,Monthly,357.36714179104473,12.0,1,0.7316260413452642,245.23
GS-002485,price_sensitive,Life,Monthly,434.9010506566604,36.0,1,0.1,40.79
GS-002486,loyal,Motor,Monthly,1058.6184125222023,37.3,0,0.9814241486068109,974.46
GS-002487,standard,Motor,Annual,565.3824999999999,51.7,0,0.942307692307692,499.69
GS-002488,standard,Home,Monthly,321.8311732456141,45.0,0,0.9235855666491501,278.79
GS-002489,standard,Travel,Annual,1740.1381790123457,27.0,0,0.9291341574190161,1516.45
GS-002490,loyal,Travel,Monthly,494.6619912472647,30.7,0,0.9666170727171273,448.47
GS-002491,price_sensitive,Pet,Monthly,774.6253582866293,48.0,1,0.1,72.65
GS-002492,loyal,Motor,Monthly,2358.3809576612903,57.3,0,0.9615384615384621,2126.9
GS-002493,standard,Home,Monthly,681.5194298507463,55.5,0,0.942307692307692,602.34
GS-002494,standard,Motor,Annual,1336.5401880984953,32.2,0,0.9291341574190161,1164.74
GS-002495,loyal,Home,Monthly,1498.6876660305343,43.3,0,0.9814241486068109,1379.54
GS-002496,standard,Life,Monthly,740.3967739726028,12.9,0,0.9218210586139648,640.15
GS-002497,loyal,Home,Monthly,1060.5876272551548,51.7,0,0.9615384615384621,956.49
GS-002498,standard,Travel,Monthly,691.7533762886599,51.3,0,0.942307692307692,611.38
GS-002499,price_sensitive,Motor,Annual,1013.9,1.4,0,0.5450425521448253,518.31
GS-002500,standard,Travel,Monthly,348.21357394366197,14.2,0,0.9218210586139648,301.06
GS-002501,price_sensitive,Motor,Monthly,339.0146142857143,24.0,1,0.7440728887727786,236.59
GS-002502,price_sensitive,Life,Annual,747.8718904109589,36.0,1,0.1,70.14
GS-002503,standard,Life,Monthly,451.53211077844304,11.1,0,0.8455980328358912,358.11
GS-002504,standard,Travel,Monthly,996.2538608374384,40.3,0,0.9235855666491501,863.01
GS-002505,standard,Motor,Annual,1130.4,12.0,1,0.9218210586139648,977.34
GS-002506,loyal,Life,Annual,1326.0423734610124,26.4,0,0.9666170727171273,1202.21
GS-002507,loyal,Home,Monthly,385.84000000000003,2.1,0,0.9557021677662589,345.86
GS-002508,standard,Life,Annual,730.7095696721312,22.7,0,0.9218210586139648,631.77
GS-002509,standard,Life,Monthly,756.3844524793388,8.0,0,0.8455980328358912,599.89
GS-002510,loyal,Pet,Monthly,879.8126003649634,18.1,0,0.9872773536895676,814.7
GS-002511,standard,Home,Annual,1924.4240895061725,55.0,0,0.942307692307692,1700.83
GS-002512,standard,Pet,Monthly,558.102,12.0,1,0.9218210586139648,482.53
GS-002513,price_sensitive,Motor,Annual,858.9,12.0,1,0.7316260413452642,589.38
GS-002514,standard,Motor,Monthly,762.0766003787878,26.1,0,0.9291341574190161,664.12
GS-002515,loyal,Life,Monthly,902.0134101562501,21.6,0,0.9872773536895676,835.26
GS-002516,standard,Travel,Monthly,671.7951240458015,43.6,0,0.9235855666491501,581.94
GS-002517,standard,Motor,Monthly,363.82,3.2,0,0.8455980328358912,288.55
GS-002518,standard,Motor,Monthly,701.1389768339768,17.4,0,0.9218210586139648,606.2
GS-002519,standard,Motor,Monthly,873.1563634739099,46.7,0,0.9235855666491501,756.37
GS-002520,price_sensitive,Pet,Annual,887.02,11.9,1,0.5474671117219716,455.47
GS-002521,standard,Motor,Monthly,654.2955681818182,48.0,1,0.942307692307692,578.27
GS-002522,loyal,Motor,Monthly,974.4957223880597,55.4,0,0.9615384615384621,878.85
GS-002523,standard,Home,Monthly,1008.9881557377049,6.3,0,0.8455980328358912,800.23
GS-002524,loyal,Travel,Monthly,396.26,1.2,0,0.9557021677662589,355.2
GS-002525,standard,Motor,Monthly,616.5013587731812,24.0,1,0.9291341574190161,537.25
GS-002526,standard,Motor,Monthly,629.5325,48.7,0,0.942307692307692,556.39
GS-002527,loyal,Travel,Annual,1772.7433767123289,18.1,0,0.9872773536895676,1641.54
GS-002528,price_sensitive,Motor,Annual,630.2725826446281,23.9,1,0.7250996015936263,428.64
GS-002529,standard,Motor,Monthly,640.0146647424511,37.6,0,0.9235855666491501,554.41
GS-002530,loyal,Home,Monthly,709.4585349650349,47.5,0,0.9814241486068109,653.06
GS-002531,standard,Home,Monthly,869.8727074330163,38.6,0,0.9235855666491501,753.53
GS-002532,standard,Life,Annual,872.9,12.0,1,0.9218210586139648,754.71
GS-002533,standard,Home,Monthly,775.9788428571429,23.9,0,0.9225049803057674,671.41
GS-002534,standard,Home,Monthly,741.1452251908396,43.3,0,0.9235855666491501,642.02
GS-002535,standard,Pet,Annual,1909.28,4.0,0,0.8455980328358912,1514.26
GS-002536,loyal,Pet,Monthly,458.4997044334975,20.4,0,0.9872773536895676,424.57
GS-002537,price_sensitive,Travel,Monthly,408.5021417910448,12.0,1,0.7316260413452642,280.32
GS-002538,loyal,Motor,Monthly,561.4,3.1,0,0.9557021677662589,503.23
GS-002539,standard,Home,Annual,1050.9420081967212,22.7,0,0.9218210586139648,908.64
GS-002540,standard,Travel,Monthly,1016.1396545914071,39.1,0,0.9235855666491501,880.23
GS-002541,price_sensitive,Travel,Monthly,384.69536652078773,30.7,0,0.7440728887727786,268.47
GS-002542,loyal,Travel,Monthly,921.7282144846796,59.7,0,0.9615384615384621,831.26
GS-002543,loyal,Home,Monthly,680.7435846153846,32.7,0,0.9666170727171273,617.17
GS-002544,standard,Travel,Monthly,680.9273712446353,24.0,1,0.9291341574190161,593.4
GS-002545,standard,Pet,Monthly,436.7785249671485,25.3,0,0.9291341574190161,380.63
GS-002546,standard,Travel,Monthly,305.90287801314827,45.0,0,0.9235855666491501,264.99
GS-002547,loyal,Home,Monthly,1772.5836341698841,17.0,0,0.9872773536895676,1641.4
GS-002548,standard,Travel,Monthly,362.5018582617483,72.0,1,0.1,34.0
GS-002549,standard,Travel,Annual,1449.9524383561645,24.0,1,0.9291341574190161,1263.57
GS-002550,standard,Travel,Monthly,513.469585492228,19.2,0,0.9218210586139648,443.94
GS-002551,standard,Motor,Annual,1254.0472171532847,39.7,0,0.9235855666491501,1086.32
GS-002552,price_sensitive,Home,Annual,1078.4355532786885,22.6,0,0.7316260413452642,740.03
GS-002553,standard,Life,Annual,724.1593399452804,27.6,0,0.9291341574190161,631.07
GS-002554,standard,Home,Monthly,561.8888946587537,12.0,1,0.9218210586139648,485.81
GS-002555,standard,Home,Monthly,713.6358168316832,10.7,0,0.8455980328358912,565.99
GS-002556,loyal,Life,Annual,1621.7,4.1,0,0.9557021677662589,1453.65
GS-002557,standard,Motor,Monthly,1150.6792388059703,12.0,1,0.9218210586139648,994.87
GS-002558,price_sensitive,Motor,Monthly,380.29830000000004,23.6,0,0.7316260413452642,260.96
GS-002559,price_sensitive,Pet,Monthly,403.43721556886226,12.0,1,0.7316260413452642,276.84
GS-002560,standard,Pet,Monthly,251.5365450643777,24.0,1,0.9291341574190161,219.2
GS-002561,standard,Home,Monthly,554.4167910447761,12.0,1,0.9218210586139648,479.35
GS-002562,price_sensitive,Motor,Monthly,506.1601791044776,12.0,1,0.7316260413452642,347.33
GS-002563,price_sensitive,Home,Annual,1013.74,11.9,1,0.5474671117219716,520.54
GS-002564,standard,Pet,Annual,1083.7827303832116,47.2,0,0.9235855666491501,938.83
GS-002565,standard,Home,Annual,2526.28,11.8,0,0.8455980328358912,2003.61
GS-002566,price_sensitive,Motor,Monthly,524.3233606557377,12.0,1,0.7316260413452642,359.8
GS-002567,loyal,Home,Annual,842.0725,50.6,0,0.9615384615384621,759.42
GS-002568,standard,Motor,Monthly,920.691671641791,12.0,1,0.9218210586139648,796.03
GS-002569,standard,Life,Monthly,1393.0302954545455,48.0,1,0.942307692307692,1231.18
GS-002570,loyal,Pet,Monthly,874.1783424657533,12.2,0,0.9872773536895676,809.48
GS-002571,price_sensitive,Travel,Monthly,709.9519535928143,12.0,1,0.7316260413452642,487.18
GS-002572,standard,Pet,Monthly,484.97379562043795,54.8,0,0.942307692307692,428.63
GS-002573,standard,Pet,Annual,1141.135,50.8,0,0.942307692307692,1008.55
GS-002574,loyal,Pet,Annual,788.4075,48.9,0,0.9615384615384621,711.02
GS-002575,standard,Travel,Annual,828.4270273972603,21.6,0,0.9218210586139648,716.26
GS-002576,price_sensitive,Motor,Monthly,564.4154504504505,12.0,1,0.7316260413452642,387.31
GS-002577,standard,Home,Monthly,815.3977376836646,38.2,0,0.9235855666491501,706.34
GS-002578,standard,Home,Monthly,578.3672191011236,36.0,1,0.9235855666491501,501.01
GS-002579,loyal,Home,Annual,906.0999361313868,45.1,0,0.9814241486068109,834.07
GS-002580,price_sensitive,Pet,Monthly,562.6049328358209,12.0,1,0.7316260413452642,386.06
GS-002581,loyal,Life,Annual,1550.9353278688525,23.3,0,0.9872773536895676,1436.15
GS-002582,loyal,Motor,Monthly,865.7178722810932,59.9,1,0.9708737864077674,788.33
GS-002583,loyal,Home,Annual,1641.18,6.9,0,0.9557021677662589,1471.11
GS-002584,standard,Motor,Annual,1418.21,51.9,0,0.942307692307692,1253.43
GS-002585,price_sensitive,Pet,Monthly,769.0608196721312,8.5,0,0.5450425521448253,393.15
GS-002586,price_sensitive,Life,Monthly,367.46250000000003,16.4,0,0.7316260413452642,252.16
GS-002587,price_sensitive,Life,Monthly,616.0477095808383,12.0,1,0.7316260413452642,422.74
GS-002588,loyal,Travel,Annual,1218.3053718065692,39.5,0,0.9814241486068109,1121.45
GS-002589,loyal,Travel,Monthly,721.2383035714286,12.0,1,0.9872773536895676,667.86
GS-002590,standard,Life,Annual,908.8926322992701,40.9,0,0.9235855666491501,787.33
GS-002591,loyal,Life,Monthly,1096.28,3.2,0,0.9557021677662589,982.68
GS-002592,loyal,Life,Monthly,1192.5341106333074,42.4,0,0.9814241486068109,1097.73
GS-002593,standard,Travel,Monthly,500.86584139264994,34.6,0,0.9291341574190161,436.48
GS-002594,standard,Travel,Monthly,802.2738894967177,45.9,0,0.9235855666491501,694.97
GS-002595,price_sensitive,Travel,Monthly,542.4229105839416,9.0,0,0.5450425521448253,277.29
GS-002596,loyal,Home,Monthly,886.5783804204995,25.6,0,0.9666170727171273,803.78
GS-002597,standard,Life,Monthly,883.6869402985075,12.0,1,0.9218210586139648,764.03
GS-002598,standard,Home,Monthly,963.0916111632271,36.0,1,0.9235855666491501,834.28
GS-002599,price_sensitive,Travel,Annual,763.34,12.0,1,0.7316260413452642,523.81
GS-002600,loyal,Home,Monthly,1458.615,16.2,0,0.9872773536895676,1350.66
GS-002601,price_sensitive,Pet,Monthly,468.5339776119403,12.0,1,0.7316260413452642,321.51
GS-002602,price_sensitive,Motor,Monthly,420.6562295081967,12.0,1,0.7316260413452642,288.66
GS-002603,price_sensitive,Home,Monthly,500.73242244525545,48.0,1,0.1,46.96
GS-002604,standard,Home,Monthly,589.71375,32.0,0,0.9291341574190161,513.91
GS-002605,price_sensitive,Motor,Monthly,180.23798029556647,20.6,0,0.7316260413452642,123.68
GS-002606,loyal,Travel,Monthly,755.2642246240601,35.9,1,0.9717314487632502,688.35
GS-002607,price_sensitive,Motor,Annual,510.70455821917807,36.0,1,0.1,47.9
GS-002608,standard,Home,Monthly,853.4281265790803,72.0,1,0.1,80.04
GS-002609,loyal,Home,Annual,3707.2875,19.9,0,0.9872773536895676,3432.91
GS-002610,loyal,Motor,Monthly,1163.036856870229,43.5,0,0.9814241486068109,1070.58
GS-002611,standard,Home,Monthly,1054.84,48.2,0,0.942307692307692,932.28
GS-002612,price_sensitive,Motor,Monthly,282.82,12.0,1,0.7316260413452642,194.07
GS-002613,price_sensitive,Motor,Monthly,362.6223805970149,12.0,1,0.7316260413452642,248.83
GS-002614,standard,Motor,Annual,1341.52,3.2,0,0.8455980328358912,1063.97
GS-002615,loyal,Motor,Monthly,788.6865923317685,63.8,0,1.0,739.73
GS-002616,price_sensitive,Motor,Monthly,266.5997910447761,12.0,1,0.7316260413452642,182.94
GS-002617,standard,Home,Monthly,738.4051760563381,36.0,1,0.9235855666491501,639.65
GS-002618,price_sensitive,Life,Monthly,239.5751644736842,36.0,1,0.1,22.47
GS-002619,loyal,Motor,Monthly,992.963049705139,39.4,0,0.9814241486068109,914.02
GS-002620,price_sensitive,Travel,Monthly,948.9631119402985,12.0,1,0.7316260413452642,651.19
GS-002621,standard,Home,Monthly,675.2061746031746,31.1,0,0.9291341574190161,588.41
GS-002622,loyal,Home,Annual,1693.8875,53.1,0,0.9615384615384621,1527.63
GS-002623,price_sensitive,Motor,Monthly,518.7333798283262,24.0,1,0.7440728887727786,362.02
GS-002624,standard,Travel,Monthly,720.849213362069,72.0,1,0.1,67.61
GS-002625,standard,Travel,Monthly,848.38,4.5,0,0.8455980328358912,672.86
GS-002626,price_sensitive,Home,Monthly,363.3203773584906,48.0,1,0.1,34.08
GS-002627,price_sensitive,Pet,Annual,1048.8611570247936,23.9,1,0.7250996015936263,713.32
GS-002628,standard,Motor,Monthly,754.4052844311377,12.0,1,0.9218210586139648,652.26
GS-002629,price_sensitive,Pet,Monthly,395.24,5.3,0,0.5450425521448253,202.05
GS-002630,standard,Motor,Monthly,901.6665857142857,24.0,1,0.9291341574190161,785.76
GS-002631,standard,Motor,Annual,1221.06,12.0,1,0.9218210586139648,1055.73
GS-002632,standard,Home,Annual,1694.3203009575923,30.8,0,0.9291341574190161,1476.53
GS-002633,loyal,Motor,Monthly,1170.225900900901,11.0,0,0.9557021677662589,1048.96
GS-002634,standard,Pet,Annual,1254.1998895027623,17.0,0,0.9218210586139648,1084.38
GS-002635,price_sensitive,Pet,Monthly,410.7859580838323,12.0,1,0.7316260413452642,281.89
GS-002636,standard,Travel,Annual,494.3075,57.3,0,0.942307692307692,436.87
GS-002637,loyal,Pet,Monthly,1231.691907790143,62.6,0,1.0,1155.23
GS-002638,loyal,Travel,Monthly,1286.3710135135134,17.1,0,0.9872773536895676,1191.17
GS-002639,loyal,Home,Annual,2286.4400170998633,33.8,0,0.9666170727171273,2072.92
GS-002640,loyal,Motor,Annual,663.5552737226277,38.7,0,0.9814241486068109,610.8
GS-002641,loyal,Pet,Monthly,858.8944275323277,61.0,0,1.0,805.58
GS-002642,standard,Life,Annual,1174.4,3.9,0,0.8455980328358912,931.42
GS-002643,price_sensitive,Life,Monthly,283.38834375,21.2,0,0.7316260413452642,194.46
GS-002644,standard,Motor,Annual,1467.62,12.0,1,0.9218210586139648,1268.9
GS-002645,loyal,Home,Annual,937.7275,51.5,0,0.9615384615384621,845.69
GS-002646,price_sensitive,Travel,Monthly,521.1264520958084,12.0,1,0.7316260413452642,357.6
GS-002647,standard,Travel,Monthly,906.6108108677338,39.2,0,0.9235855666491501,785.35
GS-002648,standard,Pet,Annual,1358.6,8.8,0,0.8455980328358912,1077.51
GS-002649,standard,Life,Monthly,1167.549671746776,28.4,0,0.9291341574190161,1017.47
GS-002650,standard,Home,Monthly,747.9480574555404,24.3,0,0.9291341574190161,651.8
GS-002651,standard,Motor,Monthly,667.6087425447316,33.1,0,0.9291341574190161,581.79
GS-002652,standard,Motor,Monthly,956.6326197183099,36.0,1,0.9235855666491501,828.69
GS-002653,standard,Home,Monthly,269.14,3.5,0,0.8455980328358912,213.46
GS-002654,standard,Life,Monthly,493.49031598513005,53.6,0,0.942307692307692,436.15
GS-002655,standard,Pet,Monthly,506.0019487427466,34.2,0,0.9291341574190161,440.96
GS-002656,loyal,Motor,Monthly,944.8265442655935,49.3,0,0.9615384615384621,852.09
GS-002657,loyal,Motor,Monthly,708.1303969957082,23.0,0,0.9872773536895676,655.72
GS-002658,loyal,Travel,Monthly,1453.11650800337,39.8,0,0.9814241486068109,1337.59
GS-002659,price_sensitive,Motor,Monthly,462.1832114624506,25.0,0,0.7440728887727786,322.55
GS-002660,standard,Motor,Monthly,596.8798006993007,48.0,1,0.942307692307692,527.53
GS-002661,loyal,Motor,Monthly,882.9073065650645,28.4,0,0.9666170727171273,800.45
GS-002662,standard,Motor,Monthly,663.9975000000001,72.0,1,0.1,62.28
GS-002663,price_sensitive,Motor,Annual,439.6163663321168,48.0,1,0.1,41.23
GS-002664,loyal,Life,Monthly,574.6847691705791,63.6,0,1.0,539.01
GS-002665,standard,Travel,Monthly,662.9382124352333,19.5,0,0.9218210586139648,573.17
GS-002666,price_sensitive,Home,Monthly,455.26930051813474,19.2,0,0.7316260413452642,312.41
GS-002667,loyal,Home,Monthly,1634.3827912794854,46.6,0,0.9814241486068109,1504.45
GS-002668,loyal,Home,Monthly,1895.2772465753424,12.3,0,0.9872773536895676,1755.01
GS-002669,standard,Motor,Monthly,952.2190207290922,46.1,0,0.9235855666491501,824.86
GS-002670,price_sensitive,Home,Monthly,538.5038047445256,27.5,0,0.7440728887727786,375.81
GS-002671,loyal,Motor,Monthly,678.3698577844311,11.2,0,0.9557021677662589,608.07
GS-002672,standard,Life,Monthly,584.6454023437501,21.6,0,0.9218210586139648,505.48
GS-002673,standard,Motor,Annual,1113.5933606557378,24.0,1,0.9291341574190161,970.45
GS-002674,standard,Motor,Monthly,694.0349589603284,24.1,0,0.9291341574190161,604.82
GS-002675,standard,Travel,Monthly,1024.4568987341775,51.9,0,0.942307692307692,905.43
GS-002676,standard,Motor,Monthly,682.8442062043796,27.3,0,0.9291341574190161,595.07
GS-002677,price_sensitive,Travel,Monthly,655.52,12.0,1,0.7316260413452642,449.82
GS-002678,standard,Travel,Monthly,814.7054187192118,20.6,0,0.9218210586139648,704.39
GS-002679,price_sensitive,Motor,Monthly,918.5767610837438,48.0,1,0.1,86.16
GS-002680,standard,Motor,Annual,625.34,10.2,0,0.8455980328358912,495.96
GS-002681,standard,Motor,Monthly,576.5353830369357,24.4,0,0.9291341574190161,502.43
GS-002682,price_sensitive,Pet,Monthly,223.70744776119403,12.0,1,0.7316260413452642,153.51
GS-002683,loyal,Home,Monthly,1442.9698966065746,31.0,0,0.9666170727171273,1308.21
GS-002684,standard,Motor,Monthly,824.2875,16.2,0,0.9218210586139648,712.68
GS-002685,standard,Motor,Monthly,513.0901164179105,55.7,0,0.942307692307692,453.48
GS-002686,price_sensitive,Motor,Monthly,394.68194390715666,34.1,0,0.7440728887727786,275.44
GS-002687,standard,Motor,Monthly,587.1528694581281,40.6,0,0.9235855666491501,508.62
GS-002688,loyal,Motor,Monthly,768.4172470588235,14.0,0,0.9872773536895676,711.55
GS-002689,price_sensitive,Travel,Monthly,626.6801261127597,12.0,1,0.7316260413452642,430.03
GS-002690,standard,Home,Annual,914.3958698630137,13.0,0,0.9218210586139648,790.58
GS-002691,standard,Travel,Monthly,723.266094890511,54.4,0,0.942307692307692,639.23
GS-002692,loyal,Motor,Monthly,1126.512521881838,30.5,0,0.9666170727171273,1021.31
GS-002693,standard,Home,Monthly,871.5670950704225,14.7,0,0.9218210586139648,753.55
GS-002694,standard,Motor,Monthly,445.1675748502994,11.7,0,0.8455980328358912,353.07
GS-002695,standard,Motor,Monthly,1069.3442213114754,6.2,0,0.8455980328358912,848.1
GS-002696,standard,Motor,Monthly,638.9763010204082,58.8,0,0.942307692307692,564.74
GS-002697,loyal,Home,Monthly,488.7516548140043,30.8,0,0.9666170727171273,443.11
GS-002698,loyal,Life,Annual,1264.99,48.9,0,0.9615384615384621,1140.83
GS-002699,standard,Motor,Monthly,645.4625,48.3,0,0.942307692307692,570.47
GS-002700,price_sensitive,Life,Monthly,388.7350298507463,12.0,1,0.7316260413452642,266.75
GS-002701,standard,Life,Annual,791.8403970427163,72.0,1,0.1,74.27
GS-002702,standard,Pet,Monthly,1455.4447005988025,12.0,1,0.9218210586139648,1258.37
GS-002703,price_sensitive,Motor,Monthly,692.2690419161676,12.0,1,0.7316260413452642,475.04
GS-002704,loyal,Life,Monthly,1510.989375,64.3,0,1.0,1417.19
GS-002705,loyal,Motor,Monthly,1225.7203467153283,36.9,0,0.9814241486068109,1128.28
GS-002706,loyal,Motor,Monthly,798.5150677339901,40.9,0,0.9814241486068109,735.03
GS-002707,price_sensitive,Home,Monthly,511.39696071428574,24.0,1,0.7440728887727786,356.9
GS-002708,price_sensitive,Motor,Annual,688.3,12.0,1,0.7316260413452642,472.32
GS-002709,loyal,Motor,Monthly,1181.1696933187295,60.1,0,1.0,1107.85
GS-002710,standard,Motor,Monthly,130.38,1.1,0,0.8455980328358912,103.41
GS-002711,standard,Travel,Annual,1145.3,9.9,0,0.8455980328358912,908.34
GS-002712,loyal,Motor,Monthly,794.66,4.4,0,0.9557021677662589,712.31
GS-002713,standard,Motor,Monthly,733.4102414486922,49.4,0,0.942307692307692,648.2
GS-002714,loyal,Pet,Annual,1050.8698562431543,60.8,0,1.0,985.64
GS-002715,standard,Travel,Monthly,537.4139055793992,24.0,1,0.9291341574190161,468.33
GS-002716,standard,Motor,Monthly,144.68,1.0,0,0.8455980328358912,114.75
GS-002717,standard,Home,Annual,1031.7561986301369,17.4,0,0.9218210586139648,892.05
GS-002718,standard,Life,Monthly,469.58735229759304,45.1,0,0.9235855666491501,406.78
GS-002719,standard,Motor,Monthly,412.14197604790417,12.0,1,0.9218210586139648,356.34
GS-002720,price_sensitive,Life,Monthly,500.4920512218045,36.0,1,0.1,46.94
GS-002721,price_sensitive,Motor,Monthly,197.56,4.2,0,0.5450425521448253,100.99
GS-002722,standard,Motor,Monthly,371.32151531728664,45.5,0,0.9235855666491501,321.66
GS-002723,standard,Pet,Annual,775.6540937072502,34.7,0,0.9291341574190161,675.95
GS-002724,standard,Home,Monthly,949.9094672131148,6.7,0,0.8455980328358912,753.38
GS-002725,loyal,Motor,Monthly,485.15547607879927,36.0,1,0.9814241486068109,446.59
GS-002726,loyal,Home,Monthly,803.558573943662,14.5,0,0.9872773536895676,744.09
GS-002727,standard,Motor,Monthly,476.18206365207374,57.6,0,0.942307692307692,420.86
GS-002728,standard,Life,Monthly,669.9250880281691,56.0,0,0.942307692307692,592.09
GS-002729,standard,Home,Monthly,492.8342244525547,36.2,0,0.9235855666491501,426.92
GS-002730,loyal,Motor,Monthly,825.116593493367,52.4,0,0.9615384615384621,744.13
GS-002731,price_sensitive,Life,Annual,1205.92,12.0,1,0.7316260413452642,827.51
GS-002732,standard,Life,Monthly,405.21570295404814,30.3,0,0.9291341574190161,353.13
GS-002733,standard,Motor,Monthly,907.5821347678369,29.0,0,0.9291341574190161,790.92
GS-002734,standard,Motor,Monthly,360.11567434210525,15.7,0,0.9218210586139648,311.36
GS-002735,price_sensitive,Motor,Monthly,450.0266507936508,31.2,0,0.7440728887727786,314.07
GS-002736,standard,Life,Monthly,398.58495017584994,28.5,0,0.9291341574190161,347.35
GS-002737,loyal,Motor,Monthly,949.9355746677093,42.2,0,0.9814241486068109,874.42
GS-002738,price_sensitive,Motor,Annual,657.365058139535,36.0,1,0.1,61.66
GS-002739,price_sensitive,Motor,Monthly,509.24,5.6,0,0.5450425521448253,260.33
GS-002740,price_sensitive,Home,Monthly,286.95089820359277,12.0,1,0.7316260413452642,196.91
GS-002741,standard,Motor,Monthly,1374.4649014084507,35.4,0,0.9291341574190161,1197.79
GS-002742,standard,Pet,Annual,1249.7150000000001,59.6,0,0.942307692307692,1104.51
GS-002743,standard,Pet,Monthly,609.2266974479517,48.9,0,0.942307692307692,538.44
GS-002744,price_sensitive,Home,Monthly,569.1386982881597,24.0,1,0.7440728887727786,397.19
GS-002745,price_sensitive,Home,Monthly,179.2450746268657,12.0,1,0.7316260413452642,123.0
GS-002746,loyal,Life,Annual,1332.5925,58.3,0,0.9615384615384621,1201.8
GS-002747,price_sensitive,Home,Monthly,583.8860254491018,12.0,1,0.7316260413452642,400.67
GS-002748,loyal,Motor,Monthly,959.5432983576643,54.7,0,0.9615384615384621,865.36
GS-002749,loyal,Home,Monthly,1226.4672634691196,50.1,0,0.9615384615384621,1106.09
GS-002750,price_sensitive,Life,Monthly,236.71352251407131,36.0,1,0.1,22.2
GS-002751,loyal,Motor,Monthly,701.2399506578947,15.9,0,0.9872773536895676,649.34
GS-002752,standard,Home,Annual,1459.775837893297,30.7,0,0.9291341574190161,1272.13
GS-002753,loyal,Home,Monthly,1278.0387009607687,41.4,0,0.9814241486068109,1176.44
GS-002754,standard,Home,Monthly,871.4777252252252,11.9,1,0.8477989003090736,692.97
GS-002755,standard,Motor,Annual,1460.6734078467155,43.7,0,0.9235855666491501,1265.31
GS-002756,standard,Motor,Monthly,430.99500000000006,8.7,0,0.8455980328358912,341.82
GS-002757,loyal,Motor,Monthly,576.069421182266,20.7,0,0.9872773536895676,533.43
GS-002758,loyal,Home,Monthly,1013.9802341772153,13.5,0,0.9872773536895676,938.94
GS-002759,price_sensitive,Pet,Annual,407.95025775547447,48.0,1,0.1,38.26
GS-002760,price_sensitive,Life,Monthly,236.52671407185628,11.9,1,0.5474671117219716,121.45
GS-002761,price_sensitive,Home,Annual,604.6064917695473,33.0,0,0.7440728887727786,421.94
GS-002762,standard,Travel,Monthly,845.5437704918032,6.7,0,0.8455980328358912,670.61
GS-002763,loyal,Home,Monthly,1237.9102247191013,38.9,0,0.9814241486068109,1139.5
GS-002764,loyal,Motor,Monthly,809.2729323458767,41.2,0,0.9814241486068109,744.94
GS-002765,price_sensitive,Home,Monthly,519.0257014925373,12.0,1,0.7316260413452642,356.16
GS-002766,price_sensitive,Home,Monthly,362.31267482517484,48.0,1,0.1,33.98
GS-002767,standard,Motor,Monthly,967.7325527859238,56.6,0,0.942307692307692,855.29
GS-002768,price_sensitive,Motor,Monthly,391.0992642857143,24.0,1,0.7440728887727786,272.94
GS-002769,standard,Motor,Monthly,766.8215035714286,24.0,1,0.9291341574190161,668.25
GS-002770,price_sensitive,Motor,Monthly,273.13509629101287,24.0,1,0.7440728887727786,190.62
GS-002771,standard,Motor,Monthly,1041.2323891625615,40.8,0,0.9235855666491501,901.97
GS-002772,loyal,Travel,Monthly,1424.5489746835444,13.2,0,0.9872773536895676,1319.12
GS-002773,price_sensitive,Home,Monthly,224.53607462686566,12.0,1,0.7316260413452642,154.08
GS-002774,standard,Motor,Annual,437.09983570646216,72.0,1,0.1,41.0
GS-002775,price_sensitive,Motor,Monthly,663.8547359154929,14.7,0,0.7316260413452642,455.54
GS-002776,price_sensitive,Motor,Monthly,275.424745508982,12.0,1,0.7316260413452642,189.0
GS-002777,standard,Travel,Annual,1315.94,56.4,0,0.942307692307692,1163.04
GS-002778,loyal,Travel,Monthly,839.57625,64.5,0,1.0,787.46
GS-002779,price_sensitive,Pet,Monthly,411.1462714285715,23.5,0,0.7316260413452642,282.13
GS-002780,loyal,Life,Monthly,392.65999999999997,1.2,0,0.9557021677662589,351.97
GS-002781,standard,Motor,Monthly,417.42989240506336,13.1,0,0.9218210586139648,360.91
GS-002782,standard,Home,Annual,885.8563356164384,17.8,0,0.9218210586139648,765.91
GS-002783,price_sensitive,Pet,Monthly,222.5190223880597,12.0,1,0.7316260413452642,152.69
GS-002784,standard,Pet,Monthly,471.3274899919936,41.3,0,0.9235855666491501,408.29
GS-002785,standard,Motor,Monthly,918.3668472906404,40.2,0,0.9235855666491501,795.54
GS-002786,price_sensitive,Motor,Monthly,357.9777089552239,12.0,1,0.7316260413452642,245.65
GS-002787,price_sensitive,Motor,Monthly,689.2580571428572,24.0,1,0.7440728887727786,481.02
GS-002788,price_sensitive,Motor,Annual,1251.131352739726,36.0,1,0.1,117.35
GS-002789,price_sensitive,Pet,Monthly,369.57134120171673,24.0,1,0.7440728887727786,257.92
GS-002790,standard,Pet,Monthly,678.4437655417406,37.1,0,0.9235855666491501,587.7
GS-002791,loyal,Home,Monthly,826.2240586419754,16.0,0,0.9872773536895676,765.08
GS-002792,price_sensitive,Pet,Monthly,246.86,3.3,0,0.5450425521448253,126.2
GS-002793,loyal,Motor,Monthly,444.3033818181818,9.1,0,0.9557021677662589,398.26
GS-002794,price_sensitive,Pet,Monthly,623.5284591194969,48.0,1,0.1,58.48
GS-002795,standard,Home,Monthly,415.9806894934334,36.0,1,0.9235855666491501,360.34
GS-002796,standard,Travel,Monthly,700.9062886100386,17.0,0,0.9218210586139648,606.0
GS-002797,loyal,Motor,Monthly,1050.3082556573277,61.3,0,1.0,985.11
GS-002798,price_sensitive,Motor,Monthly,266.5778218562874,12.0,1,0.7316260413452642,182.93
GS-002799,loyal,Travel,Annual,1157.452588959854,39.5,0,0.9814241486068109,1065.44
GS-002800,standard,Home,Monthly,909.605802919708,18.7,0,0.9218210586139648,786.44
GS-002801,price_sensitive,Motor,Monthly,487.5322005988024,12.0,1,0.7316260413452642,334.55
GS-002802,standard,Motor,Monthly,594.2263152985075,44.2,0,0.9235855666491501,514.75
GS-002803,standard,Motor,Monthly,804.4464010989011,9.0,0,0.8455980328358912,638.01
GS-002804,price_sensitive,Motor,Annual,705.58,12.0,1,0.7316260413452642,484.18
GS-002805,standard,Pet,Monthly,1163.7019603174604,31.9,0,0.9291341574190161,1014.12
GS-002806,loyal,Home,Monthly,460.5489428571429,23.2,0,0.9872773536895676,426.46
GS-002807,loyal,Motor,Annual,2023.68,8.4,0,0.9557021677662589,1813.98
GS-002808,price_sensitive,Motor,Monthly,739.2084236453202,20.1,0,0.7316260413452642,507.25
GS-002809,price_sensitive,Home,Annual,648.28,12.0,1,0.7316260413452642,444.86
GS-002810,loyal,Motor,Annual,1854.2291506849315,18.4,0,0.9872773536895676,1717.0
GS-002811,standard,Motor,Monthly,701.5432432432433,11.9,1,0.8477989003090736,557.85
GS-002812,standard,Home,Annual,788.7625,48.4,0,0.942307692307692,697.12
GS-002813,price_sensitive,Motor,Annual,893.88,12.0,1,0.7316260413452642,613.39
GS-002814,loyal,Travel,Monthly,690.2231873111782,10.9,0,0.9557021677662589,618.7
GS-002815,price_sensitive,Motor,Annual,1369.14,12.0,1,0.7316260413452642,939.52
GS-002816,price_sensitive,Pet,Monthly,411.8248428143712,12.0,1,0.7316260413452642,282.6
GS-002817,standard,Travel,Monthly,992.2574938322367,40.0,0,0.9235855666491501,859.55
GS-002818,standard,Motor,Monthly,760.5131523722627,18.8,0,0.9218210586139648,657.54
GS-002819,price_sensitive,Travel,Monthly,427.1462462686567,12.0,1,0.7316260413452642,293.11
GS-002820,loyal,Life,Monthly,1062.3474319727893,58.8,0,0.9615384615384621,958.08
GS-002821,standard,Motor,Annual,1089.1025,57.2,0,0.942307692307692,962.56
GS-002822,loyal,Life,Monthly,535.12,3.8,0,0.9557021677662589,479.67
GS-002823,standard,Home,Annual,1236.433707250342,25.2,0,0.9291341574190161,1077.5
GS-002824,standard,Motor,Monthly,786.120299544995,71.9,1,0.1,73.73
GS-002825,standard,Home,Monthly,415.562104743083,25.0,0,0.9291341574190161,362.14
GS-002826,loyal,Motor,Annual,1933.5815355677155,31.7,0,0.9666170727171273,1753.01
GS-002827,loyal,Pet,Monthly,1209.6017189835575,66.0,0,0.8606758327798867,976.45
GS-002828,price_sensitive,Home,Monthly,184.38,2.6,0,0.5450425521448253,94.26
GS-002829,loyal,Motor,Monthly,2001.1844741985926,42.8,0,0.9814241486068109,1842.09
GS-002830,price_sensitive,Home,Monthly,724.1069250985546,25.8,0,0.7440728887727786,505.34
GS-002831,standard,Motor,Monthly,823.1746534653465,10.2,0,0.8455980328358912,652.86
GS-002832,standard,Motor,Monthly,1190.9655399659866,58.4,0,0.942307692307692,1052.59
GS-002833,standard,Home,Annual,2078.8028630136987,14.2,0,0.9218210586139648,1797.33
GS-002834,standard,Life,Monthly,615.401547761194,55.1,0,0.942307692307692,543.9
GS-002835,standard,Motor,Monthly,447.43500000000006,16.0,0,0.9218210586139648,386.85
GS-002836,price_sensitive,Life,Monthly,284.7228107142857,24.0,1,0.7440728887727786,198.7
GS-002837,loyal,Motor,Monthly,1016.1058158682634,12.0,1,0.9872773536895676,940.9
GS-002838,standard,Motor,Monthly,681.0152259036145,72.0,1,0.1,63.87
GS-002839,standard,Motor,Monthly,464.7274556962026,13.3,0,0.9218210586139648,401.8
GS-002840,price_sensitive,Motor,Monthly,453.06104323308267,36.0,1,0.1,42.49
GS-002841,loyal,Travel,Monthly,617.1599478131212,33.9,0,0.9666170727171273,559.52
GS-002842,standard,Motor,Annual,1731.6747332421342,34.8,0,0.9291341574190161,1509.08
GS-002843,standard,Travel,Annual,695.4825,55.4,0,0.942307692307692,614.68
GS-002844,standard,Pet,Monthly,807.6209835720304,39.9,0,0.9235855666491501,699.6
GS-002845,standard,Travel,Annual,576.3845136986301,27.0,0,0.9291341574190161,502.29
GS-002846,loyal,Motor,Monthly,772.4829275653924,49.8,0,0.9615384615384621,696.66
GS-002847,loyal,Pet,Monthly,529.7952172814553,65.7,0,1.0,496.91
GS-002848,loyal,Home,Monthly,587.2295316455696,13.7,0,0.9872773536895676,543.77
GS-002849,price_sensitive,Travel,Monthly,568.2432605633802,35.2,0,0.7440728887727786,396.57
GS-002850,standard,Home,Annual,695.8045825729928,48.0,1,0.942307692307692,614.96
GS-002851,standard,Home,Monthly,729.3623360655738,8.5,0,0.8455980328358912,578.46
GS-002852,standard,Motor,Monthly,919.7575732217573,55.0,0,0.942307692307692,812.89
GS-002853,price_sensitive,Home,Monthly,224.4652052238806,48.0,1,0.1,21.05
GS-002854,standard,Motor,Annual,506.62107892335763,43.4,0,0.9235855666491501,438.86
GS-002855,standard,Life,Monthly,880.8602821939587,72.0,1,0.1,82.62
GS-002856,loyal,Pet,Monthly,1492.898674052895,46.8,0,0.9814241486068109,1374.21
GS-002857,standard,Motor,Annual,411.6006924131627,43.0,0,0.9235855666491501,356.55
GS-002858,price_sensitive,Life,Monthly,226.1014215225564,36.0,1,0.1,21.21
GS-002859,loyal,Motor,Monthly,546.8212294761532,42.5,0,0.9814241486068109,503.35
GS-002860,loyal,Travel,Monthly,816.5371803797469,51.9,0,0.9615384615384621,736.39
GS-002861,price_sensitive,Motor,Annual,790.38,12.0,1,0.7316260413452642,542.37
GS-002862,loyal,Home,Monthly,720.66,4.1,0,0.9557021677662589,645.98
GS-002863,standard,Home,Monthly,294.16,4.0,0,0.8455980328358912,233.3
GS-002864,loyal,Motor,Monthly,909.9937957746479,35.3,0,0.9666170727171273,825.01
GS-002865,price_sensitive,Home,Monthly,1194.408424369748,47.9,1,0.1,112.03
GS-002866,loyal,Travel,Monthly,589.3875855130785,49.8,0,0.9615384615384621,531.54
GS-002867,price_sensitive,Travel,Monthly,424.07978171641787,48.0,1,0.1,39.78
GS-002868,standard,Motor,Annual,2061.22,4.3,0,0.8455980328358912,1634.77
GS-002869,standard,Life,Monthly,489.26097617743693,72.0,1,0.1,45.89
GS-002870,price_sensitive,Home,Annual,534.62,10.5,0,0.5450425521448253,273.3
GS-002871,standard,Travel,Monthly,1955.2982109665427,53.7,0,0.942307692307692,1728.12
GS-002872,price_sensitive,Motor,Monthly,416.85078598484847,26.7,0,0.7440728887727786,290.91
GS-002873,price_sensitive,Motor,Monthly,652.9943499087591,48.0,1,0.1,61.25
GS-002874,standard,Home,Monthly,707.6007934131735,12.0,1,0.9218210586139648,611.79
GS-002875,loyal,Life,Monthly,1441.2064257555849,50.9,0,0.9615384615384621,1299.75
GS-002876,standard,Home,Monthly,746.9034431137724,12.0,1,0.9218210586139648,645.77
GS-002877,standard,Home,Annual,726.5575,50.6,0,0.942307692307692,642.14
GS-002878,standard,Home,Monthly,925.1088223140496,12.0,0,0.9218210586139648,799.85
GS-002879,price_sensitive,Motor,Monthly,490.16973887814316,34.8,0,0.7440728887727786,342.08
GS-002880,standard,Pet,Monthly,815.0147916666667,58.6,0,0.942307692307692,720.32
GS-002881,standard,Motor,Monthly,440.69499642857147,24.0,1,0.9291341574190161,384.05
GS-002882,standard,Motor,Monthly,767.058386654479,36.0,0,0.9235855666491501,664.47
GS-002883,price_sensitive,Motor,Annual,476.64124315068494,36.0,1,0.1,44.71
GS-002884,standard,Home,Annual,625.0840510948905,42.0,0,0.9235855666491501,541.48
GS-002885,standard,Motor,Monthly,1380.6038450704225,36.0,1,0.9235855666491501,1195.95
GS-002886,standard,Pet,Monthly,960.149372858122,48.0,0,0.942307692307692,848.59
GS-002887,standard,Home,Annual,527.003285361842,71.9,1,0.1,49.43
GS-002888,standard,Pet,Annual,694.1,10.7,0,0.8455980328358912,550.49
GS-002889,standard,Home,Monthly,633.8057865671642,55.8,0,0.942307692307692,560.17
GS-002890,standard,Travel,Monthly,794.1908855751674,54.0,0,0.942307692307692,701.92
GS-002891,standard,Pet,Monthly,779.2464149560118,56.7,0,0.942307692307692,688.71
GS-002892,price_sensitive,Travel,Monthly,404.8247772277228,12.0,1,0.7316260413452642,277.79
GS-002893,standard,Travel,Annual,1271.73651459854,38.5,0,0.9235855666491501,1101.64
GS-002894,standard,Pet,Annual,834.3767008196722,23.4,0,0.9218210586139648,721.4
GS-002895,price_sensitive,Motor,Monthly,418.7291417910448,12.0,1,0.7316260413452642,287.34
GS-002896,standard,Travel,Monthly,710.7858653846154,18.0,0,0.9218210586139648,614.54
GS-002897,loyal,Life,Monthly,863.1289976553342,28.9,0,0.9666170727171273,782.52
GS-002898,standard,Pet,Monthly,728.3927151799687,72.0,1,0.1,68.32
GS-002899,price_sensitive,Motor,Monthly,290.2258916849015,30.6,0,0.7440728887727786,202.54
GS-002900,loyal,Motor,Monthly,883.5791901408451,49.4,0,0.9615384615384621,796.86
GS-002901,loyal,Travel,Monthly,245.5041473178543,41.5,0,0.9814241486068109,225.99
GS-002902,standard,Motor,Annual,669.3072947080292,48.0,1,0.942307692307692,591.54
GS-002903,loyal,Pet,Monthly,1170.617676056338,42.0,0,0.9814241486068109,1077.55
GS-002904,standard,Motor,Monthly,834.3567418032787,8.3,0,0.8455980328358912,661.73
GS-002905,price_sensitive,Motor,Monthly,368.6619161676647,12.0,1,0.7316260413452642,252.98
GS-002906,price_sensitive,Motor,Annual,572.7220068493151,48.0,1,0.1,53.72
GS-002907,loyal,Motor,Monthly,1632.6145248091602,43.9,0,0.9814241486068109,1502.82
GS-002908,standard,Pet,Annual,1747.6,4.2,0,0.8455980328358912,1386.03
GS-002909,price_sensitive,Travel,Monthly,349.48,6.0,0,0.5450425521448253,178.66
GS-002910,price_sensitive,Motor,Monthly,524.3087200598802,12.0,1,0.7316260413452642,359.79
GS-002911,loyal,Home,Annual,1965.9556232876712,21.4,0,0.9872773536895676,1820.46
GS-002912,standard,Home,Monthly,501.36307042253526,36.0,1,0.9235855666491501,434.31
GS-002913,price_sensitive,Motor,Monthly,356.69133663366335,10.2,0,0.5450425521448253,182.34
GS-002914,standard,Life,Annual,1884.3697808219176,20.2,0,0.9218210586139648,1629.22
GS-002915,price_sensitive,Motor,Monthly,456.4649554896142,12.0,1,0.7316260413452642,313.23
GS-002916,standard,Motor,Monthly,651.9495089285715,12.0,1,0.9218210586139648,563.67
GS-002917,loyal,Home,Monthly,1491.0183008982035,11.3,0,0.9557021677662589,1336.51
GS-002918,standard,Travel,Monthly,389.36,4.4,0,0.8455980328358912,308.8
GS-002919,standard,Home,Monthly,767.4115784671533,27.3,0,0.9291341574190161,668.77
GS-002920,loyal,Travel,Monthly,1043.7709618768329,56.0,0,0.9615384615384621,941.32
GS-002921,loyal,Life,Monthly,738.0904529307282,37.5,0,0.9814241486068109,679.41
GS-002922,standard,Home,Monthly,403.7160428571429,24.0,1,0.9291341574190161,351.82
GS-002923,price_sensitive,Life,Monthly,512.8406721470019,34.2,0,0.7440728887727786,357.9
GS-002924,loyal,Travel,Monthly,807.9467183098592,35.2,0,0.9666170727171273,732.49
GS-002925,price_sensitive,Home,Monthly,741.6337395104895,48.0,1,0.1,69.56
GS-002926,price_sensitive,Motor,Monthly,517.14,4.9,0,0.5450425521448253,264.37
GS-002927,loyal,Pet,Monthly,909.5496654929577,14.1,0,0.9872773536895676,842.23
GS-002928,price_sensitive,Travel,Monthly,582.5507622377622,48.0,1,0.1,54.64
GS-002929,price_sensitive,Motor,Monthly,141.07999999999998,2.6,0,0.5450425521448253,72.12
GS-002930,loyal,Travel,Monthly,879.7275000000001,16.9,0,0.9872773536895676,814.62
GS-002931,standard,Pet,Monthly,573.8455094433399,33.3,0,0.9291341574190161,500.08
GS-002932,standard,Travel,Annual,1005.0570759233926,30.1,0,0.9291341574190161,875.86
GS-002933,price_sensitive,Life,Annual,1254.62,12.0,1,0.7316260413452642,860.93
GS-002934,standard,Motor,Monthly,461.4726373626374,18.0,0,0.9218210586139648,398.99
GS-002935,standard,Motor,Annual,691.94,11.9,1,0.8477989003090736,550.21
GS-002936,price_sensitive,Pet,Monthly,437.3923428143712,12.0,1,0.7316260413452642,300.14
GS-002937,price_sensitive,Travel,Monthly,270.1441178571429,23.9,0,0.7250996015936263,183.72
GS-002938,loyal,Home,Monthly,754.6434873417722,13.1,0,0.9872773536895676,698.79
GS-002939,standard,Travel,Monthly,741.2243617021277,34.9,0,0.9291341574190161,645.94
GS-002940,standard,Home,Monthly,588.4803642857142,24.0,1,0.9291341574190161,512.83
GS-002941,standard,Home,Annual,1333.5427602739726,18.6,0,0.9218210586139648,1152.98
GS-002942,standard,Motor,Monthly,438.21331715210357,71.9,1,0.1,41.1
GS-002943,standard,Home,Monthly,999.8633411214955,7.9,0,0.8455980328358912,793.0
GS-002944,standard,Motor,Annual,1246.02,12.0,1,0.9218210586139648,1077.31
GS-002945,price_sensitive,Travel,Monthly,397.72200657894734,15.3,0,0.7316260413452642,272.92
GS-002946,price_sensitive,Motor,Annual,377.2839210766423,48.0,1,0.1,35.39
GS-002947,standard,Motor,Monthly,579.3676666666667,31.9,0,0.9291341574190161,504.89
GS-002948,standard,Travel,Monthly,810.7581680805939,31.0,0,0.9291341574190161,706.54
GS-002949,standard,Motor,Annual,2126.56,11.6,0,0.8455980328358912,1686.59
GS-002950,standard,Travel,Annual,1042.04,12.0,1,0.9218210586139648,900.94
GS-002951,loyal,Motor,Monthly,677.055407725322,24.0,1,0.9666170727171273,613.83
GS-002952,price_sensitive,Motor,Annual,1096.12,11.9,1,0.5474671117219716,562.84
GS-002953,price_sensitive,Home,Monthly,638.1632674825175,48.0,1,0.1,59.85
GS-002954,price_sensitive,Motor,Monthly,548.8199999999999,5.9,0,0.5450425521448253,280.56
GS-002955,standard,Motor,Monthly,588.401395522388,11.9,1,0.8477989003090736,467.88
GS-002956,loyal,Home,Monthly,548.0609236453201,20.7,0,0.9872773536895676,507.5
GS-002957,standard,Motor,Annual,817.7502804377565,28.7,0,0.9291341574190161,712.63
GS-002958,standard,Motor,Monthly,878.9309194831014,33.3,0,0.9291341574190161,765.95
GS-002959,price_sensitive,Motor,Monthly,308.0785329341318,12.0,1,0.7316260413452642,211.41
GS-002960,loyal,Home,Annual,1453.5849246575342,13.2,0,0.9872773536895676,1346.01
GS-002961,price_sensitive,Pet,Monthly,421.68877994011973,12.0,1,0.7316260413452642,289.37
GS-002962,standard,Travel,Monthly,985.6703416030534,43.3,0,0.9235855666491501,853.84
GS-002963,standard,Home,Monthly,771.9335728686636,57.5,0,0.942307692307692,682.24
GS-002964,standard,Travel,Monthly,810.1632386363635,26.6,0,0.9291341574190161,706.02
GS-002965,loyal,Travel,Monthly,1413.8096094234345,53.0,0,0.9615384615384621,1275.04
GS-002966,loyal,Pet,Monthly,694.2802228412256,59.6,0,0.9615384615384621,626.14
GS-002967,loyal,Motor,Monthly,1093.8220899602386,33.6,0,0.9666170727171273,991.67
GS-002968,price_sensitive,Home,Annual,556.6510068493151,15.6,0,0.7316260413452642,381.98
GS-002969,loyal,Motor,Annual,898.0451072080291,36.6,0,0.9814241486068109,826.65
GS-002970,loyal,Motor,Monthly,1625.1214108910892,10.0,0,0.9557021677662589,1456.72
GS-002971,standard,Life,Monthly,858.9698731343283,12.0,1,0.9218210586139648,742.66
GS-002972,loyal,Motor,Monthly,624.0013616071428,12.0,1,0.9872773536895676,577.82
GS-002973,standard,Travel,Annual,656.3557489740083,24.9,0,0.9291341574190161,571.99
GS-002974,loyal,Motor,Monthly,904.6717589820358,11.0,0,0.9557021677662589,810.93
GS-002975,standard,Travel,Annual,933.58,12.0,1,0.9218210586139648,807.17
GS-002976,standard,Home,Annual,805.883402872777,28.1,0,0.9291341574190161,702.29
GS-002977,standard,Home,Monthly,1109.6054416167665,12.0,1,0.9218210586139648,959.36
GS-002978,standard,Home,Monthly,979.0627853067047,24.0,1,0.9291341574190161,853.21
GS-002979,loyal,Motor,Annual,1113.8522806716928,54.0,0,0.9615384615384621,1004.53
GS-002980,price_sensitive,Travel,Monthly,413.27764925373134,12.0,1,0.7316260413452642,283.59
GS-002981,loyal,Travel,Monthly,840.0713087417888,65.9,0,1.0,787.92
GS-002982,loyal,Home,Monthly,1026.7050579150578,17.7,0,0.9872773536895676,950.72
GS-002983,price_sensitive,Home,Annual,616.9227393980849,27.5,0,0.7440728887727786,430.54
GS-002984,loyal,Life,Monthly,1239.1818262653899,24.4,0,0.9666170727171273,1123.46
GS-002985,price_sensitive,Home,Monthly,310.58279191616765,12.0,1,0.7316260413452642,213.12
GS-002986,standard,Home,Monthly,531.7385820895522,12.0,1,0.9218210586139648,459.74
GS-002987,standard,Motor,Annual,1021.7225000000001,54.8,0,0.942307692307692,903.01
GS-002988,loyal,Home,Monthly,863.3120988629184,52.7,0,0.9615384615384621,778.58
GS-002989,loyal,Travel,Monthly,1167.5285221674876,40.3,0,0.9814241486068109,1074.71
GS-002990,standard,Motor,Monthly,238.74,1.5,0,0.8455980328358912,189.35
GS-002991,price_sensitive,Motor,Monthly,211.97544642857144,24.0,1,0.7440728887727786,147.93
GS-002992,standard,Motor,Monthly,883.2766678321677,48.0,1,0.942307692307692,780.65
GS-002993,standard,Home,Monthly,663.0251426533523,24.0,1,0.9291341574190161,577.8
GS-002994,standard,Motor,Annual,1123.760827633379,24.8,0,0.9291341574190161,979.31
GS-002995,standard,Motor,Monthly,1415.0484880239521,12.0,1,0.9218210586139648,1223.45
GS-002996,standard,Pet,Monthly,551.56,3.6,0,0.8455980328358912,437.45
GS-002997,loyal,Life,Monthly,747.2791978686637,57.2,0,0.9615384615384621,673.93
GS-002998,standard,Home,Annual,506.9743316605839,44.3,0,0.9235855666491501,439.17
GS-002999,standard,Motor,Annual,2975.98,11.5,0,0.8455980328358912,2360.27
GS-003000,loyal,Motor,Monthly,1382.7816267605633,35.6,0,0.9666170727171273,1253.65
GS-003001,price_sensitive,Life,Monthly,531.2697537313433,12.0,1,0.7316260413452642,364.56
GS-003002,standard,Pet,Monthly,639.93162482066,23.9,1,0.9225049803057674,553.69
GS-003003,standard,Motor,Annual,1276.7283811475409,23.0,0,0.9218210586139648,1103.86
GS-003004,loyal,Pet,Monthly,380.2983922931143,52.8,0,0.9615384615384621,342.97
GS-003005,standard,Motor,Monthly,452.98850395927593,29.3,0,0.9291341574190161,394.76
GS-003006,standard,Motor,Monthly,431.39816688567674,50.7,0,0.942307692307692,381.27
GS-003007,loyal,Travel,Annual,1192.478621399177,26.0,0,0.9666170727171273,1081.12
GS-003008,standard,Motor,Monthly,803.4845820895523,33.0,0,0.9291341574190161,700.2
GS-003009,standard,Home,Monthly,950.9574630541871,20.0,0,0.9218210586139648,822.2
GS-003010,standard,Motor,Annual,1289.3,12.0,1,0.9218210586139648,1114.73
GS-003011,standard,Home,Monthly,456.9790131578947,15.3,0,0.9218210586139648,395.1
GS-003012,price_sensitive,Pet,Monthly,618.3955074626865,12.0,1,0.7316260413452642,424.35
GS-003013,price_sensitive,Home,Monthly,532.4091336633663,10.2,0,0.5450425521448253,272.17
GS-003014,standard,Travel,Monthly,853.7072538461539,32.4,0,0.9291341574190161,743.97
GS-003015,price_sensitive,Travel,Monthly,1155.1413997005986,12.0,1,0.7316260413452642,792.67
GS-003016,price_sensitive,Home,Monthly,455.9619394618834,22.6,0,0.7316260413452642,312.89
GS-003017,standard,Motor,Monthly,479.8103899253731,44.8,0,0.9235855666491501,415.64
GS-003018,standard,Motor,Monthly,711.4173278443113,11.1,0,0.8455980328358912,564.23
GS-003019,loyal,Motor,Annual,950.8825,59.4,0,0.9615384615384621,857.55
GS-003020,price_sensitive,Home,Annual,1292.66,7.0,0,0.5450425521448253,660.82
GS-003021,standard,Motor,Monthly,710.216330049261,20.9,0,0.9218210586139648,614.05
GS-003022,standard,Motor,Monthly,747.4029175050302,49.2,0,0.942307692307692,660.56
GS-003023,standard,Home,Monthly,562.5902762209768,41.6,0,0.9235855666491501,487.35
GS-003024,standard,Motor,Monthly,781.100774806701,51.3,0,0.942307692307692,690.35
GS-003025,standard,Motor,Monthly,1004.420352112676,72.0,1,0.1,94.21
GS-003026,loyal,Pet,Monthly,1231.3640481400437,45.3,0,0.9814241486068109,1133.47
GS-003027,price_sensitive,Home,Annual,1188.8,12.0,1,0.7316260413452642,815.77
GS-003028,loyal,Motor,Monthly,783.4685258964142,66.0,0,0.8606758327798867,632.45
GS-003029,price_sensitive,Motor,Monthly,187.69412383177573,12.0,1,0.7316260413452642,128.8
GS-003030,price_sensitive,Motor,Monthly,463.1901272727273,9.4,0,0.5450425521448253,236.79
GS-003031,price_sensitive,Motor,Monthly,282.64898507462686,12.0,1,0.7316260413452642,193.96
GS-003032,loyal,Motor,Annual,1486.0025,56.2,0,0.9615384615384621,1340.15
GS-003033,standard,Travel,Monthly,889.4476048951049,48.0,1,0.942307692307692,786.1
GS-003034,standard,Home,Monthly,318.4771285714286,24.0,1,0.9291341574190161,277.54
GS-003035,loyal,Travel,Monthly,1302.159328091494,46.6,0,0.9814241486068109,1198.64
GS-003036,loyal,Motor,Annual,1076.44,3.0,0,0.9557021677662589,964.89
GS-003037,price_sensitive,Motor,Monthly,394.18863766048497,24.0,1,0.7440728887727786,275.1
GS-003038,loyal,Home,Monthly,1164.4275,16.1,0,0.9872773536895676,1078.25
GS-003039,loyal,Home,Monthly,1409.8431287425149,11.2,0,0.9557021677662589,1263.75
GS-003040,standard,Pet,Monthly,756.82,5.1,0,0.8455980328358912,600.24
GS-003041,loyal,Home,Annual,2626.46,4.9,0,0.9557021677662589,2354.29
GS-003042,standard,Motor,Annual,903.447208029197,40.1,0,0.9235855666491501,782.61
GS-003043,standard,Motor,Monthly,733.843838028169,36.0,1,0.9235855666491501,635.69
GS-003044,price_sensitive,Motor,Annual,469.98,11.2,0,0.5450425521448253,240.26
GS-003045,loyal,Motor,Annual,1922.46,6.7,0,0.9557021677662589,1723.25
GS-003046,standard,Travel,Monthly,707.7089108391608,47.4,0,0.9235855666491501,613.05
GS-003047,standard,Home,Monthly,500.6372798948752,25.5,0,0.9291341574190161,436.28
GS-003048,loyal,Home,Annual,1210.048232876712,19.9,0,0.9872773536895676,1120.49
GS-003049,standard,Motor,Monthly,845.8585592011412,24.0,1,0.9291341574190161,737.13
GS-003050,standard,Home,Annual,1095.78,6.0,0,0.8455980328358912,869.07
GS-003051,standard,Motor,Monthly,707.1271351931331,24.0,1,0.9291341574190161,616.23
GS-003052,standard,Home,Monthly,575.3797044334975,20.8,0,0.9218210586139648,497.47
GS-003053,loyal,Home,Monthly,1232.7769981238275,35.9,1,0.9717314487632502,1123.56
GS-003054,price_sensitive,Motor,Annual,897.5443356164384,21.2,0,0.7316260413452642,615.9
GS-003055,standard,Motor,Monthly,522.5406382978723,34.2,0,0.9291341574190161,455.37
GS-003056,price_sensitive,Travel,Monthly,281.50196721311477,12.0,1,0.7316260413452642,193.17
GS-003057,price_sensitive,Pet,Monthly,289.5205598455599,17.4,0,0.7316260413452642,198.67
GS-003058,standard,Motor,Annual,1546.5264603283174,34.0,0,0.9291341574190161,1347.73
GS-003059,standard,Pet,Monthly,540.2236126760564,36.0,1,0.9235855666491501,467.97
GS-003060,standard,Motor,Monthly,423.6190246636771,22.3,0,0.9218210586139648,366.26
GS-003061,standard,Life,Annual,1440.8387995896032,34.5,0,0.9291341574190161,1255.63
GS-003062,loyal,Motor,Annual,2989.66,9.3,0,0.9557021677662589,2679.86
GS-003063,loyal,Motor,Monthly,1249.5268113772454,12.0,1,0.9872773536895676,1157.05
GS-003064,standard,Life,Monthly,761.617119402985,12.0,1,0.9218210586139648,658.49
GS-003065,loyal,Motor,Annual,1224.620597627737,42.7,0,0.9814241486068109,1127.26
GS-003066,price_sensitive,Home,Monthly,682.7006359906214,28.4,0,0.7440728887727786,476.45
GS-003067,loyal,Motor,Monthly,717.22,5.0,0,0.9557021677662589,642.9
GS-003068,standard,Motor,Monthly,944.1893316831683,10.1,0,0.8455980328358912,748.84
GS-003069,standard,Pet,Annual,1100.4425,50.8,0,0.942307692307692,972.58
GS-003070,standard,Motor,Monthly,1266.783626984127,31.4,0,0.9291341574190161,1103.95
GS-003071,price_sensitive,Home,Monthly,484.3042214191853,25.2,0,0.7440728887727786,337.99
GS-003072,standard,Pet,Monthly,774.56,3.3,0,0.8455980328358912,614.31
GS-003073,standard,Home,Monthly,414.84334181675797,42.0,0,0.9235855666491501,359.36
GS-003074,loyal,Motor,Monthly,980.9045065789472,15.4,0,0.9872773536895676,908.31
GS-003075,loyal,Motor,Monthly,1251.9109396258505,58.2,0,0.9615384615384621,1129.03
GS-003076,standard,Motor,Monthly,614.96,4.3,0,0.8455980328358912,487.73
GS-003077,price_sensitive,Home,Monthly,572.4291928721174,48.0,1,0.1,53.69
GS-003078,standard,Home,Monthly,1094.01123502994,12.0,1,0.9218210586139648,945.88
GS-003079,standard,Life,Monthly,513.5003450704226,36.0,1,0.9235855666491501,444.82
GS-003080,loyal,Home,Monthly,843.8064217804667,38.6,0,0.9814241486068109,776.72
GS-003081,standard,Home,Monthly,622.2920785714285,24.0,1,0.9291341574190161,542.3
GS-003082,standard,Pet,Monthly,1052.06,5.2,0,0.8455980328358912,834.4
GS-003083,price_sensitive,Pet,Monthly,460.33529191616765,12.0,1,0.7316260413452642,315.89
GS-003084,price_sensitive,Motor,Monthly,375.5960201793722,22.7,0,0.7316260413452642,257.74
GS-003085,standard,Life,Annual,1088.9615488138686,41.9,0,0.9235855666491501,943.32
GS-003086,price_sensitive,Motor,Monthly,349.84000000000003,12.0,1,0.7316260413452642,240.06
GS-003087,standard,Motor,Monthly,513.96,16.6,0,0.9218210586139648,444.37
GS-003088,price_sensitive,Home,Monthly,833.9257164179105,12.0,1,0.7316260413452642,572.25
GS-003089,standard,Motor,Monthly,976.9494366197184,14.7,0,0.9218210586139648,844.67
GS-003090,standard,Motor,Annual,1031.0992510259919,34.8,0,0.9291341574190161,898.56
GS-003091,loyal,Home,Monthly,1014.4743698630136,12.5,0,0.9872773536895676,939.39
GS-003092,loyal,Motor,Monthly,1085.8075273522975,30.2,0,0.9666170727171273,984.41
GS-003093,standard,Home,Annual,2165.88,10.3,0,0.8455980328358912,1717.77
GS-003094,standard,Motor,Annual,1337.0898119015048,32.4,0,0.9291341574190161,1165.22
GS-003095,standard,Home,Annual,1541.62,5.8,0,0.8455980328358912,1222.67
GS-003096,loyal,Motor,Monthly,894.285106571936,37.5,0,0.9814241486068109,823.19
GS-003097,loyal,Home,Monthly,985.4758071428572,23.5,0,0.9872773536895676,912.54
GS-003098,standard,Motor,Monthly,461.3259354485777,30.3,0,0.9291341574190161,402.03
GS-003099,standard,Travel,Monthly,691.1925000000001,16.3,0,0.9218210586139648,597.6
GS-003100,standard,Motor,Monthly,602.72,5.2,0,0.8455980328358912,478.02
GS-003101,loyal,Pet,Monthly,633.2081276223777,47.4,0,0.9814241486068109,582.87
GS-003102,standard,Life,Monthly,372.57629173290934,72.0,1,0.1,34.94
GS-003103,loyal,Pet,Monthly,519.5285169988276,28.1,0,0.9666170727171273,471.01
GS-003104,price_sensitive,Motor,Monthly,682.9629850746269,12.0,1,0.7316260413452642,468.66
GS-003105,standard,Motor,Monthly,688.1652421875,21.9,0,0.9218210586139648,594.99
GS-003106,price_sensitive,Home,Monthly,381.3450824175824,15.0,0,0.7316260413452642,261.68
GS-003107,standard,Motor,Monthly,530.5279367088608,13.4,0,0.9218210586139648,458.69
GS-003108,price_sensitive,Motor,Monthly,263.5706683168317,12.0,1,0.7316260413452642,180.86
GS-003109,standard,Home,Monthly,694.9393564356436,10.4,0,0.8455980328358912,551.16
GS-003110,standard,Pet,Monthly,665.8855357142857,12.0,1,0.9218210586139648,575.72
GS-003111,standard,Motor,Monthly,942.843975409836,6.6,0,0.8455980328358912,747.78
GS-003112,loyal,Travel,Monthly,1191.8217143527204,36.0,1,0.9814241486068109,1097.07
GS-003113,standard,Travel,Monthly,625.7638959854014,36.3,0,0.9235855666491501,542.07
GS-003114,loyal,Life,Monthly,828.5346542553192,34.5,0,0.9666170727171273,751.16
GS-003115,standard,Home,Monthly,553.0347341772152,13.5,0,0.9218210586139648,478.15
GS-003116,loyal,Travel,Monthly,1257.4511853876738,33.4,0,0.9666170727171273,1140.02
GS-003117,loyal,Motor,Monthly,868.8434181818182,9.7,0,0.9557021677662589,778.81
GS-003118,price_sensitive,Life,Annual,529.56,11.9,1,0.5474671117219716,271.92
GS-003119,loyal,Motor,Monthly,983.2011065573771,6.9,0,0.9557021677662589,881.32
GS-003120,standard,Travel,Monthly,762.6961111111111,72.0,1,0.1,71.54
GS-003121,standard,Motor,Monthly,408.33621818181814,9.2,0,0.8455980328358912,323.85
GS-003122,loyal,Home,Monthly,826.7140017482517,47.5,0,0.9814241486068109,760.99
GS-003123,standard,Travel,Monthly,439.6934499747347,72.0,1,0.1,41.24
GS-003124,price_sensitive,Motor,Monthly,432.6966097922849,12.0,1,0.7316260413452642,296.92
GS-003125,standard,Travel,Annual,1269.0085890410958,12.0,0,0.9218210586139648,1097.18
GS-003126,standard,Motor,Monthly,612.2080634328358,44.5,0,0.9235855666491501,530.33
GS-003127,standard,Home,Annual,765.9342534246575,19.4,0,0.9218210586139648,662.22
GS-003128,standard,Motor,Monthly,515.0114963054187,40.9,0,0.9235855666491501,446.13
GS-003129,standard,Motor,Monthly,1648.6586097212294,46.6,0,0.9235855666491501,1428.15
GS-003130,price_sensitive,Motor,Monthly,358.5563626609443,24.0,1,0.7440728887727786,250.23
GS-003131,price_sensitive,Home,Monthly,565.8590926573426,48.0,1,0.1,53.07
GS-003132,price_sensitive,Home,Monthly,392.7398684210526,15.2,0,0.7316260413452642,269.5
GS-003133,standard,Pet,Annual,1011.98,9.4,0,0.8455980328358912,802.61
GS-003134,price_sensitive,Pet,Monthly,479.60173050615595,24.7,0,0.7440728887727786,334.71
GS-003135,price_sensitive,Motor,Annual,968.68,11.5,0,0.5450425521448253,495.2
GS-003136,price_sensitive,Pet,Monthly,162.47628358208956,12.0,1,0.7316260413452642,111.49
GS-003137,standard,Motor,Monthly,429.83396776018094,29.4,0,0.9291341574190161,374.58
GS-003138,loyal,Home,Monthly,1221.0100343283582,55.2,0,0.9615384615384621,1101.17
GS-003139,price_sensitive,Pet,Monthly,411.32180389221554,12.0,1,0.7316260413452642,282.25
GS-003140,standard,Home,Annual,899.55,49.7,0,0.942307692307692,795.03
GS-003141,price_sensitive,Motor,Monthly,623.1048223801066,48.0,1,0.1,58.44
GS-003142,loyal,Motor,Annual,1855.9603356164384,20.4,0,0.9872773536895676,1718.6
GS-003143,loyal,Motor,Monthly,767.6830900876232,60.7,0,1.0,720.03
GS-003144,standard,Motor,Monthly,629.9879789719627,7.6,0,0.8455980328358912,499.65
GS-003145,standard,Motor,Annual,468.7797125912408,48.0,1,0.942307692307692,414.31
GS-003146,standard,Travel,Monthly,666.585693430657,27.9,0,0.9291341574190161,580.9
GS-003147,standard,Motor,Monthly,353.48,3.7,0,0.8455980328358912,280.35
GS-003148,loyal,Motor,Monthly,975.1845945945945,11.0,0,0.9557021677662589,874.13
GS-003149,price_sensitive,Home,Monthly,687.3808158682635,12.0,1,0.7316260413452642,471.69
GS-003150,price_sensitive,Travel,Monthly,380.31209265734265,48.0,1,0.1,35.67
GS-003151,loyal,Travel,Monthly,1218.0568494671404,37.4,0,0.9814241486068109,1121.22
GS-003152,standard,Life,Monthly,574.38567721519,13.7,0,0.9218210586139648,496.61
GS-003153,standard,Motor,Annual,1348.34,12.0,1,0.9218210586139648,1165.77
GS-003154,loyal,Life,Annual,1329.9565647810218,39.8,0,0.9814241486068109,1224.23
GS-003155,standard,Home,Monthly,742.8244535928143,12.0,1,0.9218210586139648,642.24
GS-003156,standard,Motor,Monthly,390.56,5.8,0,0.8455980328358912,309.76
GS-003157,price_sensitive,Life,Monthly,397.49516221374046,48.0,1,0.1,37.28
GS-003158,price_sensitive,Life,Monthly,324.7333392857143,24.0,1,0.7440728887727786,226.63
GS-003159,standard,Home,Monthly,801.9689892857143,24.0,1,0.9291341574190161,698.88
GS-003160,standard,Motor,Monthly,1117.4469402985076,12.0,1,0.9218210586139648,966.14
GS-003161,loyal,Home,Annual,964.5498016415869,31.8,0,0.9666170727171273,874.47
GS-003162,standard,Home,Monthly,394.48220211581287,60.0,1,0.1,37.0
GS-003163,standard,Travel,Annual,1365.8417107664234,36.9,0,0.9235855666491501,1183.16
GS-003164,loyal,Home,Annual,997.9269562243501,30.5,0,0.9666170727171273,904.73
GS-003165,standard,Motor,Annual,991.6999999999999,54.5,0,0.942307692307692,876.48
GS-003166,standard,Motor,Monthly,676.6926645569621,13.5,0,0.9218210586139648,585.07
GS-003167,standard,Home,Monthly,1027.900723880597,12.0,1,0.9218210586139648,888.72
GS-003168,loyal,Pet,Annual,1284.3303079379561,43.5,0,0.9814241486068109,1182.23
GS-003169,price_sensitive,Pet,Monthly,489.7592873831776,7.2,0,0.5450425521448253,250.37
GS-003170,loyal,Home,Annual,982.332543339416,42.5,0,0.9814241486068109,904.24
GS-003171,standard,Home,Monthly,967.5435606060605,26.3,0,0.9291341574190161,843.17
GS-003172,loyal,Travel,Monthly,1193.0640055762083,53.9,0,0.9615384615384621,1075.96
GS-003173,standard,Home,Monthly,410.4920489690722,51.5,0,0.942307692307692,362.8
GS-003174,loyal,Home,Monthly,537.8606772151899,13.7,0,0.9872773536895676,498.05
GS-003175,price_sensitive,Motor,Monthly,1018.8397230538922,12.0,1,0.7316260413452642,699.14
GS-003176,standard,Travel,Monthly,580.1365363636364,9.8,0,0.8455980328358912,460.11
GS-003177,standard,Home,Annual,776.7583378932968,30.1,0,0.9291341574190161,676.91
GS-003178,price_sensitive,Home,Monthly,369.5695733532934,12.0,1,0.7316260413452642,253.6
GS-003179,standard,Life,Monthly,693.4450089349536,46.8,0,0.9235855666491501,600.7
GS-003180,loyal,Motor,Monthly,789.431003384913,34.6,0,0.9666170727171273,715.71
GS-003181,standard,Travel,Monthly,522.9308308383233,12.0,1,0.9218210586139648,452.12
GS-003182,standard,Home,Monthly,617.4480597889801,28.6,0,0.9291341574190161,538.08
GS-003183,price_sensitive,Pet,Monthly,330.9088374125874,48.0,1,0.1,31.04
GS-003184,loyal,Pet,Monthly,899.3381753731344,44.3,0,0.9814241486068109,827.84
GS-003185,standard,Motor,Annual,1347.4722945205478,24.0,1,0.9291341574190161,1174.26
GS-003186,standard,Pet,Monthly,1256.0116392215568,12.0,1,0.9218210586139648,1085.94
GS-003187,standard,Motor,Monthly,937.2740158730159,31.7,0,0.9291341574190161,816.79
GS-003188,standard,Motor,Annual,815.678301369863,13.8,0,0.9218210586139648,705.23
GS-003189,price_sensitive,Travel,Monthly,339.6584477892756,35.9,1,0.7049180327868848,224.57
GS-003190,standard,Motor,Annual,602.8323837209302,29.6,0,0.9291341574190161,525.34
GS-003191,standard,Home,Monthly,316.0,2.5,0,0.8455980328358912,250.62
GS-003192,standard,Motor,Annual,720.8166279069767,27.7,0,0.9291341574190161,628.16
GS-003193,standard,Pet,Monthly,1443.0327619760478,11.4,0,0.8455980328358912,1144.48
GS-003194,loyal,Motor,Annual,2083.22,2.1,0,0.9557021677662589,1867.35
GS-003195,standard,Pet,Annual,551.6724008207934,34.1,0,0.9291341574190161,480.76
GS-003196,standard,Home,Monthly,248.44,2.4,0,0.8455980328358912,197.04
GS-003197,loyal,Motor,Monthly,1132.185,16.7,0,0.9872773536895676,1048.39
GS-003198,loyal,Travel,Monthly,1160.05875,64.8,0,1.0,1088.05
GS-003199,standard,Home,Monthly,748.88,4.2,0,0.8455980328358912,593.94
GS-003200,standard,Travel,Monthly,773.9996048707753,33.8,0,0.9291341574190161,674.51
GS-003201,loyal,Motor,Annual,1792.9742586678829,40.1,0,0.9814241486068109,1650.43
GS-003202,standard,Travel,Monthly,625.1164614074916,29.0,0,0.9291341574190161,544.76
GS-003203,standard,Home,Monthly,315.38,3.0,0,0.8455980328358912,250.13
GS-003204,standard,Travel,Monthly,494.6171510036496,36.2,0,0.9235855666491501,428.46
GS-003205,loyal,Home,Annual,1046.4532516429354,65.5,0,1.0,981.49
GS-003206,loyal,Motor,Monthly,781.3375821428572,23.4,0,0.9872773536895676,723.51
GS-003207,price_sensitive,Motor,Monthly,672.62,12.0,1,0.7316260413452642,461.56
GS-003208,price_sensitive,Pet,Monthly,900.1395447761195,12.0,1,0.7316260413452642,617.68
GS-003209,loyal,Home,Monthly,1075.658520179372,22.6,0,0.9872773536895676,996.05
GS-003210,standard,Motor,Annual,1478.48,3.0,0,0.8455980328358912,1172.59
GS-003211,loyal,Travel,Monthly,1476.4673943661971,14.6,0,0.9872773536895676,1367.19
GS-003212,price_sensitive,Motor,Monthly,474.36779895104894,48.0,1,0.1,44.49
GS-003213,price_sensitive,Motor,Annual,302.8509032846715,48.0,1,0.1,28.41
GS-003214,standard,Motor,Monthly,905.6669011976047,12.0,1,0.9218210586139648,783.04
GS-003215,standard,Life,Monthly,716.4182076923078,32.6,0,0.9291341574190161,624.33
GS-003216,standard,Motor,Monthly,753.4913019693655,45.5,0,0.9235855666491501,652.71
GS-003217,loyal,Motor,Monthly,809.6280984555984,17.0,0,0.9872773536895676,749.71
GS-003218,price_sensitive,Motor,Monthly,985.366141868512,19.0,0,0.7316260413452642,676.17
GS-003219,loyal,Motor,Annual,2142.0648269362578,48.9,0,0.9615384615384621,1931.82
GS-003220,standard,Motor,Monthly,936.7297079439254,7.4,0,0.8455980328358912,742.93
GS-003221,loyal,Life,Monthly,599.6800000000001,3.0,0,0.9557021677662589,537.54
GS-003222,price_sensitive,Home,Monthly,436.01152625820566,48.0,1,0.1,40.89
GS-003223,loyal,Home,Monthly,720.8574,12.0,1,0.9872773536895676,667.51
GS-003224,price_sensitive,Home,Annual,967.9991468978101,48.0,1,0.1,90.79
GS-003225,standard,Travel,Monthly,590.8750422535211,35.9,0,0.926048510999967,513.21
GS-003226,loyal,Home,Monthly,657.0616329113925,13.1,0,0.9872773536895676,608.43
GS-003227,standard,Life,Monthly,756.3419037199125,45.5,0,0.9235855666491501,655.18
GS-003228,standard,Travel,Monthly,705.92171875,12.0,1,0.9218210586139648,610.34
GS-003229,price_sensitive,Life,Monthly,651.1262686567164,12.0,1,0.7316260413452642,446.81
GS-003230,standard,Home,Annual,484.8075,59.0,0,0.942307692307692,428.48
GS-003231,standard,Home,Annual,888.1775,53.8,0,0.942307692307692,784.98
GS-003232,standard,Home,Monthly,755.0570578231293,58.4,0,0.942307692307692,667.33
GS-003233,standard,Life,Monthly,794.1692622950819,6.8,0,0.8455980328358912,629.86
GS-003234,standard,Life,Annual,1025.8921849315068,12.7,0,0.9218210586139648,886.98
GS-003235,standard,Motor,Monthly,842.0211196911198,17.8,0,0.9218210586139648,728.01
GS-003236,price_sensitive,Motor,Monthly,332.3556940298507,12.0,1,0.7316260413452642,228.07
GS-003237,loyal,Motor,Monthly,376.44,2.1,0,0.9557021677662589,337.43
GS-003238,standard,Motor,Monthly,895.783802238806,44.2,0,0.9235855666491501,775.97
GS-003239,standard,Home,Monthly,486.2664385880077,34.6,0,0.9291341574190161,423.76
GS-003240,standard,Motor,Monthly,537.8578824626866,44.9,0,0.9235855666491501,465.92
GS-003241,loyal,Life,Monthly,909.2546570576541,33.9,0,0.9666170727171273,824.34
GS-003242,loyal,Motor,Monthly,438.7570307692308,32.7,0,0.9666170727171273,397.78
GS-003243,price_sensitive,Motor,Monthly,581.3911573426573,48.0,1,0.1,54.53
GS-003244,price_sensitive,Motor,Annual,1337.38,11.6,0,0.5450425521448253,683.68
GS-003245,price_sensitive,Motor,Monthly,552.9666940298507,12.0,1,0.7316260413452642,379.45
GS-003246,price_sensitive,Motor,Monthly,440.843979020979,48.0,1,0.1,41.35
GS-003247,standard,Life,Monthly,612.2421107784431,12.0,1,0.9218210586139648,529.34
GS-003248,loyal,Motor,Monthly,803.4843862275449,12.0,1,0.9872773536895676,744.02
GS-003249,loyal,Motor,Monthly,434.6,2.0,0,0.9557021677662589,389.56
GS-003250,price_sensitive,Motor,Monthly,315.5825223214286,12.0,1,0.7316260413452642,216.56
GS-003251,standard,Motor,Annual,470.685,56.9,0,0.942307692307692,416.0
GS-003252,standard,Travel,Monthly,617.4115130597015,44.5,0,0.9235855666491501,534.83
GS-003253,loyal,Motor,Annual,2060.588079134721,61.1,0,1.0,1932.67
GS-003254,standard,Life,Annual,799.8954997261775,72.0,1,0.1,75.02
GS-003255,loyal,Motor,Monthly,1211.674662408759,27.3,0,0.9666170727171273,1098.52
GS-003256,loyal,Life,Monthly,247.08,1.7,0,0.9557021677662589,221.48
GS-003257,standard,Home,Monthly,688.1545353159851,53.8,0,0.942307692307692,608.2
GS-003258,standard,Life,Monthly,373.23,48.7,0,0.942307692307692,329.87
GS-003259,price_sensitive,Travel,Monthly,396.7295045045045,12.0,1,0.7316260413452642,272.24
GS-003260,loyal,Pet,Monthly,546.8823794117648,28.0,0,0.9666170727171273,495.81
GS-003261,standard,Travel,Monthly,618.7366262482168,24.0,1,0.9291341574190161,539.2
GS-003262,standard,Motor,Annual,485.7575170998632,24.3,0,0.9291341574190161,423.32
GS-003263,price_sensitive,Travel,Annual,410.6329790145985,48.0,1,0.1,38.51
GS-003264,price_sensitive,Motor,Annual,401.4150821167883,48.0,1,0.1,37.65
GS-003265,standard,Motor,Monthly,763.5393654822335,13.0,0,0.9218210586139648,660.15
GS-003266,standard,Home,Annual,1657.1807216142272,26.2,0,0.9291341574190161,1444.16
GS-003267,standard,Motor,Annual,1073.5509537968892,43.0,0,0.9235855666491501,929.97
GS-003268,price_sensitive,Motor,Monthly,468.1452496433666,24.0,1,0.7440728887727786,326.71
GS-003269,price_sensitive,Motor,Monthly,368.3313818181818,9.7,0,0.5450425521448253,188.29
GS-003270,loyal,Life,Annual,1412.7675,50.7,0,0.9615384615384621,1274.1
GS-003271,standard,Motor,Annual,1081.695,48.7,0,0.942307692307692,956.02
GS-003272,standard,Home,Monthly,777.2847089552239,12.0,1,0.9218210586139648,672.04
GS-003273,loyal,Travel,Monthly,683.1401013986014,47.2,0,0.9814241486068109,628.83
GS-003274,loyal,Motor,Monthly,1057.1893059440558,47.3,0,0.9814241486068109,973.14
GS-003275,standard,Travel,Monthly,499.3175900900901,12.0,1,0.9218210586139648,431.71
GS-003276,standard,Pet,Monthly,681.1712691466083,30.6,0,0.9291341574190161,593.61
GS-003277,loyal,Home,Monthly,1849.5424868593957,25.8,0,0.9666170727171273,1676.82
GS-003278,loyal,Motor,Monthly,1363.7715113708148,52.9,0,0.9615384615384621,1229.92
GS-003279,standard,Life,Annual,911.2,6.2,0,0.8455980328358912,722.68
GS-003280,loyal,Motor,Monthly,957.5877796052631,15.5,0,0.9872773536895676,886.72
GS-003281,loyal,Travel,Annual,1280.0961780821917,17.3,0,0.9872773536895676,1185.36
GS-003282,standard,Motor,Monthly,774.5542763157895,15.4,0,0.9218210586139648,669.68
GS-003283,loyal,Motor,Annual,975.5874156021898,38.1,0,0.9814241486068109,898.03
GS-003284,loyal,Motor,Monthly,1088.7637636363636,9.7,0,0.9557021677662589,975.94
GS-003285,standard,Motor,Monthly,481.77390668523674,59.6,0,0.942307692307692,425.8
GS-003286,loyal,Travel,Annual,2355.28,5.3,0,0.9557021677662589,2111.21
GS-003287,price_sensitive,Motor,Monthly,360.8342910447761,12.0,1,0.7316260413452642,247.61
GS-003288,price_sensitive,Travel,Monthly,448.4591393442623,6.6,0,0.5450425521448253,229.26
GS-003289,loyal,Motor,Monthly,1133.8322674418603,17.0,0,0.9872773536895676,1049.92
GS-003290,loyal,Home,Monthly,2234.111322533849,34.0,0,0.9666170727171273,2025.47
GS-003291,standard,Travel,Monthly,1112.6536830357143,12.0,1,0.9218210586139648,962.0
GS-003292,loyal,Motor,Monthly,647.0372912757974,36.0,1,0.9814241486068109,595.6
GS-003293,loyal,Motor,Monthly,799.3091171003717,53.3,0,0.9615384615384621,720.86
GS-003294,loyal,Pet,Monthly,624.6522817887931,61.9,0,1.0,585.88
GS-003295,price_sensitive,Life,Annual,1052.8,12.0,1,0.7316260413452642,722.44
GS-003296,price_sensitive,Pet,Monthly,609.5204776119402,12.0,1,0.7316260413452642,418.26
GS-003297,standard,Motor,Annual,1384.4275890410959,24.0,1,0.9291341574190161,1206.47
GS-003298,standard,Travel,Monthly,426.84509194831014,33.9,0,0.9291341574190161,371.98
GS-003299,loyal,Pet,Annual,2466.355,54.8,0,0.9615384615384621,2224.28
GS-003300,price_sensitive,Motor,Monthly,297.0,1.0,0,0.5450425521448253,151.83
GS-003301,standard,Home,Annual,814.2072945205479,12.5,0,0.9218210586139648,703.96
GS-003302,loyal,Pet,Monthly,1470.5270874384237,40.3,0,0.9814241486068109,1353.62
GS-003303,price_sensitive,Motor,Annual,862.0,12.0,1,0.7316260413452642,591.51
GS-003304,price_sensitive,Home,Monthly,494.95151080827065,36.0,1,0.1,46.42
GS-003305,loyal,Motor,Monthly,1195.2163204225353,14.9,0,0.9872773536895676,1106.76
GS-003306,standard,Motor,Monthly,959.7022955390333,53.4,0,0.942307692307692,848.2
GS-003307,price_sensitive,Motor,Monthly,379.593508583691,24.0,1,0.7440728887727786,264.91
GS-003308,standard,Pet,Monthly,1176.5956343283583,12.0,1,0.9218210586139648,1017.28
GS-003309,standard,Motor,Monthly,618.4401024590164,8.3,0,0.8455980328358912,490.49
GS-003310,loyal,Travel,Monthly,1113.465958029197,27.2,0,0.9666170727171273,1009.48
GS-003311,loyal,Pet,Monthly,1189.8747535211266,49.6,0,0.9615384615384621,1073.09
GS-003312,loyal,Motor,Monthly,1053.16,4.4,0,0.9557021677662589,944.03
GS-003313,loyal,Pet,Monthly,1669.9628454545452,9.8,0,0.9557021677662589,1496.91
GS-003314,price_sensitive,Home,Monthly,348.6465803108808,19.2,0,0.7316260413452642,239.24
GS-003315,loyal,Motor,Monthly,668.2850150905433,49.7,0,0.9615384615384621,602.69
GS-003316,price_sensitive,Pet,Monthly,521.9478263358778,48.0,1,0.1,48.95
GS-003317,price_sensitive,Life,Monthly,569.5508482142858,12.0,1,0.7316260413452642,390.83
GS-003318,standard,Home,Monthly,784.5122339832868,59.1,0,0.942307692307692,693.36
GS-003319,loyal,Home,Monthly,997.976097715736,13.0,0,0.9872773536895676,924.12
GS-003320,price_sensitive,Home,Monthly,695.0248203592813,12.0,1,0.7316260413452642,476.93
GS-003321,loyal,Motor,Monthly,1531.028329015544,19.8,0,0.9872773536895676,1417.72
GS-003322,loyal,Travel,Monthly,939.4159077669901,17.0,0,0.9872773536895676,869.89
GS-003323,price_sensitive,Home,Monthly,454.64193661971836,36.0,1,0.1,42.64
GS-003324,price_sensitive,Home,Annual,777.7525524635035,48.0,1,0.1,72.95
GS-003325,standard,Travel,Annual,864.48,50.0,0,0.942307692307692,764.04
GS-003326,standard,Pet,Monthly,474.32661718256463,52.9,0,0.942307692307692,419.22
GS-003327,standard,Home,Monthly,881.1130890410959,12.7,0,0.9218210586139648,761.81
GS-003328,standard,Motor,Monthly,761.90579296875,21.1,0,0.9218210586139648,658.74
GS-003329,price_sensitive,Motor,Annual,722.36,12.0,1,0.7316260413452642,495.69
GS-003330,standard,Motor,Monthly,616.391940085592,24.0,1,0.9291341574190161,537.16
GS-003331,loyal,Travel,Monthly,978.9814612676056,14.2,0,0.9872773536895676,906.53
GS-003332,loyal,Home,Monthly,1271.1898696911196,17.7,0,0.9872773536895676,1177.11
GS-003333,price_sensitive,Home,Monthly,473.0315568862275,12.0,1,0.7316260413452642,324.6
GS-003334,standard,Home,Monthly,356.67987670068027,58.2,0,0.942307692307692,315.24
GS-003335,loyal,Pet,Annual,2394.268787671233,13.3,0,0.9872773536895676,2217.07
GS-003336,loyal,Motor,Monthly,866.2111526946107,12.0,1,0.9872773536895676,802.1
GS-003337,standard,Pet,Monthly,698.698126984127,31.7,0,0.9291341574190161,608.88
GS-003338,standard,Home,Monthly,686.5672332942556,28.7,0,0.9291341574190161,598.31
GS-003339,loyal,Motor,Monthly,917.4654841269842,31.7,0,0.9666170727171273,831.79
GS-003340,price_sensitive,Motor,Monthly,496.400995508982,12.0,1,0.7316260413452642,340.63
GS-003341,standard,Motor,Monthly,391.5,3.6,0,0.8455980328358912,310.5
GS-003342,loyal,Home,Monthly,1090.337901459854,27.6,0,0.9666170727171273,988.51
GS-003343,loyal,Travel,Monthly,763.5394958968348,28.2,0,0.9666170727171273,692.23
GS-003344,standard,Pet,Monthly,1131.1006459407217,51.1,0,0.942307692307692,999.68
GS-003345,loyal,Motor,Monthly,661.0806287425149,12.0,1,0.9872773536895676,612.15
GS-003346,price_sensitive,Pet,Annual,671.5,12.0,1,0.7316260413452642,460.79
GS-003347,standard,Home,Monthly,1340.5772464788733,35.7,0,0.9291341574190161,1168.25
GS-003348,price_sensitive,Life,Monthly,660.1948428143712,12.0,1,0.7316260413452642,453.03
GS-003349,loyal,Pet,Annual,1637.84,9.8,0,0.9557021677662589,1468.12
GS-003350,standard,Pet,Annual,720.37,58.6,0,0.942307692307692,636.67
GS-003351,price_sensitive,Pet,Monthly,367.9948428143712,12.0,1,0.7316260413452642,252.52
GS-003352,loyal,Motor,Monthly,499.1533481532148,24.7,0,0.9666170727171273,452.54
GS-003353,standard,Motor,Monthly,921.4538814016173,71.9,1,0.1,86.43
GS-003354,standard,Motor,Monthly,414.24,3.9,0,0.8455980328358912,328.54
GS-003355,standard,Life,Monthly,1170.3337975230415,57.3,0,0.942307692307692,1034.36
GS-003356,loyal,Pet,Monthly,1067.0583780795955,52.3,0,0.9615384615384621,962.33
GS-003357,standard,Home,Monthly,1064.2784589041096,12.7,0,0.9218210586139648,920.17
GS-003358,loyal,Travel,Monthly,1943.969655172414,40.1,0,0.9814241486068109,1789.42
GS-003359,standard,Motor,Annual,939.2812909836066,23.4,0,0.9218210586139648,812.1
GS-003360,standard,Home,Monthly,999.5946977660973,25.7,0,0.9291341574190161,871.1
GS-003361,price_sensitive,Home,Annual,397.2803865507777,47.9,1,0.1,37.26
GS-003362,standard,Motor,Monthly,777.2572178571428,24.0,1,0.9291341574190161,677.35
GS-003363,standard,Travel,Monthly,736.0387450722734,50.4,0,0.942307692307692,650.52
GS-003364,loyal,Travel,Annual,1924.2,7.7,0,0.9557021677662589,1724.81
GS-003365,standard,Motor,Annual,1488.6660636114912,30.6,0,0.9291341574190161,1297.31
GS-003366,loyal,Travel,Monthly,1456.3590346534654,10.6,0,0.9557021677662589,1305.44
GS-003367,loyal,Motor,Monthly,1371.4848677007299,54.0,0,0.9615384615384621,1236.87
GS-003368,standard,Home,Monthly,632.7562661637932,72.0,1,0.1,59.35
GS-003369,loyal,Home,Monthly,589.6454698905109,18.2,0,0.9872773536895676,546.01
GS-003370,standard,Motor,Monthly,645.1787677619893,37.6,0,0.9235855666491501,558.89
GS-003371,price_sensitive,Motor,Monthly,445.17017857142855,48.0,1,0.1,41.75
GS-003372,price_sensitive,Motor,Annual,546.8,12.0,1,0.7316260413452642,375.22
GS-003373,price_sensitive,Home,Monthly,470.5118834080717,22.2,0,0.7316260413452642,322.87
GS-003374,loyal,Home,Monthly,534.24,3.8,0,0.9557021677662589,478.88
GS-003375,price_sensitive,Motor,Annual,641.8,12.0,1,0.7316260413452642,440.41
GS-003376,standard,Motor,Monthly,735.857,35.2,0,0.9291341574190161,641.27
GS-003377,standard,Motor,Monthly,614.702627245509,12.0,1,0.9218210586139648,531.47
GS-003378,price_sensitive,Life,Monthly,445.36,2.2,0,0.5450425521448253,227.67
GS-003379,standard,Motor,Monthly,685.2321380090498,29.3,0,0.9291341574190161,597.15
GS-003380,loyal,Motor,Monthly,685.4231947483589,45.3,0,0.9814241486068109,630.93
GS-003381,price_sensitive,Motor,Monthly,273.02984281437125,12.0,1,0.7316260413452642,187.36
GS-003382,standard,Pet,Annual,1839.86,8.8,0,0.8455980328358912,1459.2
GS-003383,standard,Motor,Monthly,336.62,2.7,0,0.8455980328358912,266.98
GS-003384,price_sensitive,Life,Monthly,830.5610029940119,12.0,1,0.7316260413452642,569.94
GS-003385,price_sensitive,Travel,Annual,1647.9379520547946,24.0,1,0.7440728887727786,1150.07
GS-003386,standard,Motor,Annual,496.0168316605839,40.9,0,0.9235855666491501,429.68
GS-003387,standard,Motor,Monthly,627.4426347305389,11.2,0,0.8455980328358912,497.63
GS-003388,loyal,Motor,Monthly,1515.91542887777,46.6,0,0.9814241486068109,1395.4
GS-003389,loyal,Home,Annual,852.7987636861313,36.3,0,0.9814241486068109,785.0
GS-003390,standard,Pet,Monthly,929.2460272536687,48.0,1,0.942307692307692,821.28
GS-003391,price_sensitive,Home,Monthly,1265.3564464285716,24.0,1,0.7440728887727786,883.07
GS-003392,price_sensitive,Motor,Monthly,127.46,1.5,0,0.5450425521448253,65.16
GS-003393,price_sensitive,Home,Monthly,424.9408561643836,12.8,0,0.7316260413452642,291.6
GS-003394,standard,Motor,Monthly,794.9990537383179,7.6,0,0.8455980328358912,630.52
GS-003395,standard,Motor,Monthly,886.0811901197604,12.0,1,0.9218210586139648,766.1
GS-003396,loyal,Motor,Monthly,1069.3442213114754,6.5,0,0.9557021677662589,958.53
GS-003397,loyal,Motor,Monthly,1132.5921332335329,12.0,1,0.9872773536895676,1048.77
GS-003398,standard,Travel,Annual,623.203440492476,36.0,1,0.9235855666491501,539.85
GS-003399,standard,Home,Annual,1545.02,8.3,0,0.8455980328358912,1225.36
GS-003400,price_sensitive,Motor,Annual,635.98,12.0,1,0.7316260413452642,436.42
GS-003401,price_sensitive,Life,Monthly,526.9770134730538,12.0,1,0.7316260413452642,361.62
GS-003402,standard,Travel,Monthly,638.5591382087629,51.8,0,0.942307692307692,564.37
GS-003403,standard,Motor,Monthly,704.1391290983607,8.9,0,0.8455980328358912,558.46
GS-003404,standard,Home,Monthly,845.7650516528926,8.0,0,0.8455980328358912,670.78
GS-003405,standard,Motor,Monthly,716.9091950757575,26.6,0,0.9291341574190161,624.76
GS-003406,standard,Motor,Monthly,1029.665995508982,12.0,1,0.9218210586139648,890.25
GS-003407,standard,Life,Annual,1496.82,12.0,1,0.9218210586139648,1294.15
GS-003408,standard,Travel,Annual,957.4553424657533,14.9,0,0.9218210586139648,827.81
GS-003409,loyal,Home,Annual,1223.1378077975376,32.4,0,0.9666170727171273,1108.91
GS-003410,standard,Motor,Monthly,609.8175615763546,20.1,0,0.9218210586139648,527.25
GS-003411,standard,Life,Monthly,678.315,72.0,1,0.1,63.62
GS-003412,standard,Home,Monthly,683.3075,48.2,0,0.942307692307692,603.92
GS-003413,standard,Motor,Monthly,651.4325,48.7,0,0.942307692307692,575.74
GS-003414,standard,Home,Annual,1175.535130018248,42.3,0,0.9235855666491501,1018.31
GS-003415,loyal,Travel,Monthly,694.2636241258741,47.7,0,0.9814241486068109,639.07
GS-003416,price_sensitive,Motor,Annual,1153.62,12.0,1,0.7316260413452642,791.62
GS-003417,loyal,Travel,Monthly,1776.4124817518248,54.3,0,0.9615384615384621,1602.06
GS-003418,standard,Home,Monthly,517.3443817012152,46.7,0,0.9235855666491501,448.15
GS-003419,loyal,Motor,Annual,873.2568647540984,22.4,0,0.9872773536895676,808.63
GS-003420,loyal,Home,Monthly,718.6962850215517,61.4,0,1.0,674.08
GS-003421,standard,Motor,Monthly,661.8679940119761,12.0,1,0.9218210586139648,572.25
GS-003422,standard,Motor,Monthly,374.609694424589,46.3,0,0.9235855666491501,324.51
GS-003423,standard,Motor,Monthly,524.2417056650246,40.9,0,0.9235855666491501,454.13
GS-003424,standard,Travel,Annual,944.34,10.8,0,0.8455980328358912,748.96
GS-003425,price_sensitive,Motor,Monthly,359.42,5.6,0,0.5450425521448253,183.74
GS-003426,standard,Motor,Monthly,962.4094761532448,42.2,0,0.9235855666491501,833.69
GS-003427,standard,Motor,Monthly,650.103177480916,43.6,0,0.9235855666491501,563.15
GS-003428,standard,Home,Monthly,703.4780613772455,12.0,1,0.9218210586139648,608.23
GS-003429,standard,Home,Annual,823.26,10.8,0,0.8455980328358912,652.93
GS-003430,standard,Home,Monthly,596.444676056338,36.0,1,0.9235855666491501,516.67
GS-003431,loyal,Motor,Monthly,833.9584253731343,12.0,1,0.9872773536895676,772.24
GS-003432,price_sensitive,Motor,Monthly,191.74,1.8,0,0.5450425521448253,98.02
GS-003433,standard,Motor,Annual,864.7127121350364,46.8,0,0.9235855666491501,749.06
GS-003434,standard,Motor,Monthly,450.8173718791065,25.5,0,0.9291341574190161,392.87
GS-003435,price_sensitive,Travel,Monthly,472.27224908759126,48.0,1,0.1,44.3
GS-003436,loyal,Pet,Monthly,521.2101121076233,22.8,0,0.9872773536895676,482.64
GS-003437,loyal,Travel,Monthly,738.585660058027,34.7,0,0.9666170727171273,669.61
GS-003438,loyal,Pet,Annual,2519.24,12.0,1,0.9872773536895676,2332.79
GS-003439,standard,Home,Annual,3305.8,4.1,0,0.8455980328358912,2621.85
GS-003440,loyal,Home,Monthly,1044.7213169014085,36.0,1,0.9814241486068109,961.67
GS-003441,standard,Home,Monthly,922.7850765864333,45.5,0,0.9235855666491501,799.36
GS-003442,loyal,Life,Monthly,1237.6198540145986,54.9,0,0.9615384615384621,1116.15
GS-003443,loyal,Travel,Monthly,853.5947014925373,12.0,1,0.9872773536895676,790.42
GS-003444,standard,Motor,Annual,4612.847321917809,14.8,0,0.9218210586139648,3988.26
GS-003445,standard,Motor,Annual,2531.452684931507,24.0,1,0.9291341574190161,2206.05
GS-003446,standard,Motor,Annual,933.4725,48.4,0,0.942307692307692,825.01
GS-003447,price_sensitive,Home,Monthly,248.86339587242028,36.0,1,0.1,23.34
GS-003448,standard,Motor,Monthly,595.8986839978448,72.0,1,0.1,55.89
GS-003449,loyal,Travel,Annual,1145.91,59.3,0,0.9615384615384621,1033.44
GS-003450,standard,Motor,Monthly,1088.2668292682927,36.0,1,0.9235855666491501,942.71
GS-003451,standard,Travel,Monthly,367.3628512773722,18.9,0,0.9218210586139648,317.62
GS-003452,standard,Motor,Annual,1642.8665573770493,23.1,0,0.9218210586139648,1420.42
GS-003453,loyal,Pet,Monthly,1083.268291347207,60.6,0,1.0,1016.02
GS-003454,standard,Travel,Monthly,777.4151213592233,44.0,0,0.9235855666491501,673.44
GS-003455,standard,Travel,Monthly,867.6995771375464,53.7,0,0.942307692307692,766.88
GS-003456,standard,Life,Monthly,808.6195901639344,12.0,1,0.9218210586139648,699.13
GS-003457,loyal,Travel,Monthly,852.98,5.9,0,0.9557021677662589,764.59
GS-003458,standard,Pet,Monthly,1199.6147535211269,72.0,1,0.1,112.51
GS-003459,standard,Pet,Monthly,680.4402686915889,7.4,0,0.8455980328358912,539.66
GS-003460,price_sensitive,Life,Annual,459.20523038321164,48.0,1,0.1,43.07
GS-003461,loyal,Travel,Annual,1681.82,3.5,0,0.9557021677662589,1507.54
GS-003462,standard,Pet,Monthly,434.14931072210067,45.1,0,0.9235855666491501,376.08
GS-003463,loyal,Motor,Monthly,917.6808664122137,43.9,0,0.9814241486068109,844.73
GS-003464,standard,Home,Monthly,811.1602835820895,12.0,1,0.9218210586139648,701.33
GS-003465,standard,Life,Monthly,823.4953048065652,28.2,0,0.9291341574190161,717.64
GS-003466,price_sensitive,Home,Monthly,234.47890476190474,31.2,0,0.7440728887727786,163.64
GS-003467,standard,Travel,Monthly,829.1746149335419,42.9,0,0.9235855666491501,718.27
GS-003468,price_sensitive,Life,Annual,859.0479863013699,24.0,1,0.7440728887727786,599.52
GS-003469,loyal,Motor,Monthly,833.4260621761658,19.3,0,0.9872773536895676,771.74
GS-003470,standard,Motor,Monthly,561.4898577844311,11.8,0,0.8455980328358912,445.32
GS-003471,loyal,Travel,Monthly,1082.384798206278,22.6,0,0.9872773536895676,1002.28
GS-003472,standard,Pet,Monthly,1374.375,16.7,0,0.9218210586139648,1188.28
GS-003473,standard,Pet,Annual,565.6842700729927,37.9,0,0.9235855666491501,490.03
GS-003474,standard,Motor,Monthly,254.52473507462685,44.9,0,0.9235855666491501,220.48
GS-003475,loyal,Pet,Monthly,574.2875,48.7,0,0.9615384615384621,517.92
GS-003476,price_sensitive,Pet,Monthly,601.6415470852018,22.0,0,0.7316260413452642,412.85
GS-003477,standard,Motor,Monthly,380.20050804828975,49.6,0,0.942307692307692,336.03
GS-003478,standard,Motor,Monthly,414.9083464285714,23.3,0,0.9218210586139648,358.73
GS-003479,standard,Home,Annual,840.2298939808483,28.9,0,0.9291341574190161,732.22
GS-003480,standard,Motor,Monthly,563.0175,48.7,0,0.942307692307692,497.6
GS-003481,standard,Life,Monthly,610.6088309859156,35.9,0,0.926048510999967,530.35
GS-003482,loyal,Home,Monthly,1609.035606287425,11.2,0,0.9557021677662589,1442.3
GS-003483,price_sensitive,Home,Annual,1515.86,1.3,0,0.5450425521448253,774.92
GS-003484,standard,Motor,Monthly,580.0587203663792,72.0,1,0.1,54.41
GS-003485,loyal,Motor,Monthly,1074.389620383037,24.4,0,0.9666170727171273,974.06
GS-003486,standard,Home,Monthly,713.9660070422535,36.0,1,0.9235855666491501,618.47
GS-003487,standard,Life,Monthly,478.41537536656887,56.1,0,0.942307692307692,422.83
GS-003488,loyal,Motor,Monthly,537.0329135687732,53.6,0,0.9615384615384621,484.32
GS-003489,standard,Travel,Monthly,361.05235074626864,12.0,1,0.9218210586139648,312.16
GS-003490,standard,Home,Annual,1041.2804352296093,55.0,0,0.942307692307692,920.3
GS-003491,price_sensitive,Motor,Monthly,346.1681031746032,31.5,0,0.7440728887727786,241.58
GS-003492,loyal,Life,Monthly,1256.4019085487078,33.2,0,0.9666170727171273,1139.07
GS-003493,standard,Home,Annual,751.76,12.0,1,0.9218210586139648,649.97
GS-003494,standard,Home,Monthly,820.008121257485,12.0,1,0.9218210586139648,708.98
GS-003495,standard,Motor,Monthly,577.7275665101721,72.0,1,0.1,54.19
GS-003496,standard,Life,Monthly,999.9451916058393,18.2,0,0.9218210586139648,864.55
GS-003497,loyal,Motor,Monthly,717.0939325513197,56.1,0,0.9615384615384621,646.71
GS-003498,standard,Motor,Monthly,331.25839476021315,37.5,0,0.9235855666491501,286.95
GS-003499,standard,Motor,Monthly,1094.3150892857143,24.0,1,0.9291341574190161,953.65
GS-003500,price_sensitive,Motor,Monthly,665.2142964071855,11.6,0,0.5450425521448253,340.06
GS-003501,standard,Home,Monthly,686.0822767481045,39.8,0,0.9235855666491501,594.32
GS-003502,loyal,Motor,Monthly,1350.9354896907216,51.2,0,0.9615384615384621,1218.34
GS-003503,standard,Motor,Annual,901.86,12.0,1,0.9218210586139648,779.75
GS-003504,loyal,Travel,Monthly,1159.183417808219,12.6,0,0.9872773536895676,1073.39
GS-003505,loyal,Motor,Monthly,596.1966958424508,45.2,0,0.9814241486068109,548.8
GS-003506,price_sensitive,Travel,Monthly,383.4576576576577,12.0,1,0.7316260413452642,263.13
GS-003507,loyal,Travel,Monthly,862.2295081967213,6.2,0,0.9557021677662589,772.88
GS-003508,loyal,Motor,Monthly,902.9946647424512,37.6,0,0.9814241486068109,831.21
GS-003509,standard,Motor,Annual,672.055,48.7,0,0.942307692307692,593.97
GS-003510,loyal,Pet,Annual,1529.383194254446,29.4,0,0.9666170727171273,1386.56
GS-003511,loyal,Motor,Monthly,847.2604636363636,9.7,0,0.9557021677662589,759.46
GS-003512,standard,Motor,Annual,1314.32,4.7,0,0.8455980328358912,1042.4
GS-003513,loyal,Home,Monthly,767.0497820981211,63.0,0,1.0,719.43
GS-003514,standard,Home,Monthly,907.5862683438155,48.0,1,0.942307692307692,802.14
GS-003515,price_sensitive,Motor,Monthly,674.1969850746269,12.0,1,0.7316260413452642,462.64
GS-003516,standard,Motor,Annual,1242.5798334854014,43.2,0,0.9235855666491501,1076.39
GS-003517,loyal,Travel,Monthly,1128.6782633587786,43.5,0,0.9814241486068109,1038.95
GS-003518,standard,Travel,Monthly,572.04,4.2,0,0.8455980328358912,453.69
GS-003519,standard,Motor,Monthly,1319.9548621856866,34.7,0,0.9291341574190161,1150.28
GS-003520,loyal,Home,Monthly,1072.5625,48.2,0,0.9615384615384621,967.29
GS-003521,price_sensitive,Motor,Monthly,574.8707910447761,12.0,1,0.7316260413452642,394.48
GS-003522,standard,Pet,Annual,1707.473893442623,23.8,0,0.9218210586139648,1476.28
GS-003523,standard,Travel,Monthly,998.796930379747,13.3,0,0.9218210586139648,863.56
GS-003524,standard,Motor,Monthly,652.7247377622377,47.3,0,0.9235855666491501,565.42
GS-003525,price_sensitive,Motor,Monthly,320.4324453280318,33.8,0,0.7440728887727786,223.62
GS-003526,standard,Motor,Monthly,767.1278873239437,14.4,0,0.9218210586139648,663.26
GS-003527,price_sensitive,Pet,Monthly,336.38,4.0,0,0.5450425521448253,171.96
GS-003528,loyal,Motor,Monthly,1053.7355451348183,28.8,0,0.9666170727171273,955.33
GS-003529,price_sensitive,Motor,Monthly,548.6209330985915,14.5,0,0.7316260413452642,376.47
GS-003530,loyal,Home,Annual,1606.48,12.0,1,0.9872773536895676,1487.58
GS-003531,loyal,Motor,Monthly,747.9479324517513,46.2,0,0.9814241486068109,688.49
GS-003532,standard,Travel,Monthly,967.0343032786885,6.6,0,0.8455980328358912,766.96
GS-003533,standard,Motor,Annual,1704.62,12.0,1,0.9218210586139648,1473.81
GS-003534,loyal,Home,Annual,932.8445081967213,23.9,0,0.9820811570912008,859.26
GS-003535,price_sensitive,Home,Annual,910.0278801369863,36.0,1,0.1,85.35
GS-003536,price_sensitive,Motor,Annual,754.66,12.0,1,0.7316260413452642,517.85
GS-003537,standard,Home,Monthly,756.1302773437501,21.7,0,0.9218210586139648,653.75
GS-003538,price_sensitive,Motor,Annual,688.0309315068492,24.0,1,0.7440728887727786,480.17
GS-003539,loyal,Motor,Monthly,1165.6692857142857,20.5,0,0.9872773536895676,1079.4
GS-003540,standard,Travel,Monthly,568.4571100746268,44.7,0,0.9235855666491501,492.43
GS-003541,standard,Home,Monthly,576.2757964285715,23.5,0,0.9218210586139648,498.25
GS-003542,standard,Motor,Monthly,449.38758904109585,12.2,0,0.9218210586139648,388.54
GS-003543,standard,Pet,Annual,1414.8784315068494,24.0,1,0.9291341574190161,1233.0
GS-003544,standard,Motor,Monthly,801.9091846153847,32.9,0,0.9291341574190161,698.83
GS-003545,standard,Home,Monthly,732.5375777202073,19.3,0,0.9218210586139648,633.35
GS-003546,standard,Motor,Monthly,844.8614104477612,12.0,1,0.9218210586139648,730.46
GS-003547,loyal,Home,Monthly,539.1703193430657,18.9,0,0.9872773536895676,499.27
GS-003548,loyal,Life,Annual,1271.1000205479452,21.2,0,0.9872773536895676,1177.03
GS-003549,standard,Life,Monthly,720.211643335362,54.0,0,0.942307692307692,636.53
GS-003550,standard,Home,Monthly,942.140186915888,12.0,1,0.9218210586139648,814.57
GS-003551,loyal,Travel,Monthly,1248.3536565977743,62.3,0,1.0,1170.86
GS-003552,standard,Motor,Monthly,1231.665842445328,33.7,0,0.9291341574190161,1073.34
GS-003553,loyal,Life,Monthly,695.98,5.3,0,0.9557021677662589,623.86
GS-003554,loyal,Motor,Monthly,838.6265948275861,61.1,0,1.0,786.57
GS-003555,loyal,Life,Annual,2027.859598849945,65.8,0,1.0,1901.98
GS-003556,loyal,Travel,Monthly,672.7927147549267,65.2,0,1.0,631.03
GS-003557,standard,Travel,Monthly,858.4196555763824,36.0,1,0.9235855666491501,743.61
GS-003558,price_sensitive,Motor,Annual,557.2,10.0,0,0.5450425521448253,284.85
GS-003559,standard,Home,Monthly,1042.7338404788418,60.0,1,0.1,97.8
GS-003560,price_sensitive,Home,Monthly,761.1370901639345,6.5,0,0.5450425521448253,389.1
GS-003561,loyal,Motor,Monthly,989.4286754874651,59.1,0,0.9615384615384621,892.32
GS-003562,price_sensitive,Motor,Annual,1045.96,12.0,1,0.7316260413452642,717.75
GS-003563,standard,Motor,Monthly,822.2337936507937,31.3,0,0.9291341574190161,716.54
GS-003564,standard,Motor,Annual,1018.6409260948903,42.3,0,0.9235855666491501,882.4
GS-003565,standard,Home,Monthly,564.3411885245902,8.4,0,0.8455980328358912,447.58
GS-003566,standard,Motor,Annual,762.3760606751824,44.0,0,0.9235855666491501,660.41
GS-003567,loyal,Home,Monthly,1223.06967721519,13.1,0,0.9872773536895676,1132.55
GS-003568,standard,Travel,Annual,768.0514324817518,44.6,0,0.9235855666491501,665.33
GS-003569,loyal,Motor,Monthly,2110.696650793651,31.3,0,0.9666170727171273,1913.58
GS-003570,price_sensitive,Life,Monthly,198.4845394736842,15.4,0,0.7316260413452642,136.2
GS-003571,standard,Motor,Monthly,290.51950704225357,35.7,0,0.9291341574190161,253.18
GS-003572,standard,Home,Monthly,1150.7228507462687,12.0,1,0.9218210586139648,994.91
GS-003573,standard,Travel,Monthly,382.94,5.4,0,0.8455980328358912,303.71
GS-003574,standard,Home,Monthly,984.641164222874,56.0,0,0.942307692307692,870.24
GS-003575,standard,Home,Monthly,904.0108978873238,14.2,0,0.9218210586139648,781.61
GS-003576,standard,Motor,Monthly,1128.5948155634158,72.0,1,0.1,105.85
GS-003577,loyal,Motor,Monthly,1504.0892233294257,28.4,0,0.9666170727171273,1363.63
GS-003578,standard,Motor,Monthly,821.5609805389221,12.0,1,0.9218210586139648,710.32
GS-003579,standard,Travel,Monthly,922.292247043364,50.6,0,0.942307692307692,815.13
GS-003580,standard,Home,Monthly,738.9958279639176,51.7,0,0.942307692307692,653.13
GS-003581,loyal,Motor,Monthly,536.7476162790698,24.0,0,0.9666170727171273,486.62
GS-003582,standard,Pet,Monthly,877.4504328358208,12.0,1,0.9218210586139648,758.64
GS-003583,loyal,Motor,Monthly,918.5587191780822,12.9,0,0.9872773536895676,850.58
GS-003584,loyal,Life,Annual,1661.26,1.8,0,0.9557021677662589,1489.11
GS-003585,loyal,Life,Annual,716.9642647058824,32.7,0,0.9666170727171273,650.01
GS-003586,loyal,Travel,Monthly,1222.330034027222,41.1,0,0.9814241486068109,1125.16
GS-003587,standard,Motor,Monthly,509.68,4.1,0,0.8455980328358912,404.23
GS-003588,standard,Pet,Monthly,537.4975,48.4,0,0.942307692307692,475.05
GS-003589,standard,Pet,Monthly,713.5349552238806,44.4,0,0.9235855666491501,618.1
GS-003590,price_sensitive,Motor,Monthly,528.7485853293413,12.0,1,0.7316260413452642,362.83
GS-003591,loyal,Motor,Monthly,528.6982627892813,54.0,0,0.9615384615384621,476.81
GS-003592,loyal,Motor,Annual,1662.2825,59.4,0,0.9615384615384621,1499.13
GS-003593,standard,Motor,Annual,1365.7954918032785,22.8,0,0.9218210586139648,1180.86
GS-003594,price_sensitive,Motor,Monthly,658.8047848664689,12.0,1,0.7316260413452642,452.08
GS-003595,standard,Motor,Monthly,546.3,3.9,0,0.8455980328358912,433.27
GS-003596,loyal,Motor,Monthly,537.0823871409029,24.4,0,0.9666170727171273,486.93
GS-003597,price_sensitive,Motor,Monthly,503.7684535714286,24.0,1,0.7440728887727786,351.57
GS-003598,price_sensitive,Travel,Monthly,899.6960479041916,12.0,1,0.7316260413452642,617.38
GS-003599,standard,Life,Monthly,385.1615764925373,44.1,0,0.9235855666491501,333.65
GS-003600,standard,Home,Annual,803.5,3.6,0,0.8455980328358912,637.26
GS-003601,loyal,Motor,Annual,1419.056258214677,62.4,0,1.0,1330.97
GS-003602,standard,Motor,Annual,2074.3002188782493,33.9,0,0.9291341574190161,1807.66
GS-003603,price_sensitive,Motor,Monthly,373.93967910447765,12.0,1,0.7316260413452642,256.6
GS-003604,standard,Home,Monthly,510.9907377049181,8.3,0,0.8455980328358912,405.27
GS-003605,price_sensitive,Life,Monthly,537.552264957265,24.0,1,0.7440728887727786,375.15
GS-003606,price_sensitive,Pet,Annual,1445.7095342465755,18.4,0,0.7316260413452642,992.06
GS-003607,standard,Motor,Monthly,495.33057881773397,40.3,0,0.9235855666491501,429.08
GS-003608,loyal,Home,Monthly,1202.3806169916434,59.1,0,0.9615384615384621,1084.37
GS-003609,price_sensitive,Travel,Monthly,513.9526796407185,12.0,1,0.7316260413452642,352.68
GS-003610,loyal,Life,Monthly,960.8987861610634,42.6,0,0.9814241486068109,884.51
GS-003611,standard,Home,Monthly,1246.2330000000002,13.9,0,0.9218210586139648,1077.49
GS-003612,loyal,Motor,Monthly,719.7820081967213,6.5,0,0.9557021677662589,645.19
GS-003613,price_sensitive,Motor,Monthly,339.7749250234302,36.0,1,0.1,31.87
GS-003614,standard,Motor,Monthly,456.08578873239435,36.0,1,0.9235855666491501,395.09
GS-003615,price_sensitive,Motor,Annual,1202.66,10.4,0,0.5450425521448253,614.81
GS-003616,standard,Motor,Monthly,538.6796532033426,59.0,0,0.942307692307692,476.09
GS-003617,standard,Motor,Monthly,465.6611690140845,36.0,1,0.9235855666491501,403.38
GS-003618,loyal,Life,Monthly,1307.2305782312926,58.6,0,0.9615384615384621,1178.92
GS-003619,standard,Home,Monthly,831.0447407834102,57.7,0,0.942307692307692,734.49
GS-003620,price_sensitive,Motor,Annual,685.9834899635036,48.0,1,0.1,64.34
GS-003621,standard,Motor,Monthly,166.42,1.3,0,0.8455980328358912,131.99
GS-003622,price_sensitive,Home,Annual,1240.58,12.0,1,0.7316260413452642,851.3
GS-003623,loyal,Life,Annual,927.2684397810218,36.6,0,0.9814241486068109,853.55
GS-003624,loyal,Pet,Monthly,745.223852148273,39.4,0,0.9814241486068109,685.98
GS-003625,standard,Motor,Monthly,661.3532686567164,12.0,1,0.9218210586139648,571.8
GS-003626,standard,Motor,Monthly,1161.2865990990992,12.0,1,0.9218210586139648,1004.05
GS-003627,price_sensitive,Pet,Monthly,1061.4492089552239,12.0,1,0.7316260413452642,728.38
GS-003628,standard,Travel,Monthly,1109.1823247663554,7.4,0,0.8455980328358912,879.7
GS-003629,loyal,Motor,Monthly,1252.45447883765,52.6,0,0.9615384615384621,1129.53
GS-003630,price_sensitive,Motor,Annual,873.9753893442623,24.0,1,0.7440728887727786,609.93
GS-003631,standard,Motor,Monthly,633.8389516885554,36.0,1,0.9235855666491501,549.06
GS-003632,loyal,Home,Annual,1419.2175,48.2,0,0.9615384615384621,1279.92
GS-003633,loyal,Motor,Monthly,1673.8570603907638,37.4,0,0.9814241486068109,1540.79
GS-003634,standard,Home,Annual,603.3,12.0,1,0.9218210586139648,521.61
GS-003635,loyal,Life,Monthly,350.17999999999995,1.6,0,0.9557021677662589,313.89
GS-003636,standard,Home,Monthly,424.2787611940298,12.0,1,0.9218210586139648,366.83
GS-003637,price_sensitive,Motor,Monthly,176.99210300429186,24.0,1,0.7440728887727786,123.52
GS-003638,standard,Life,Monthly,941.5378823058446,41.6,0,0.9235855666491501,815.61
GS-003639,standard,Travel,Monthly,464.06,2.4,0,0.8455980328358912,368.05
GS-003640,loyal,Motor,Monthly,736.0927698412698,31.6,0,0.9666170727171273,667.35
GS-003641,standard,Home,Monthly,476.60319078947373,50.0,0,0.942307692307692,421.23
GS-003642,standard,Motor,Annual,1956.24,3.9,0,0.8455980328358912,1551.51
GS-003643,standard,Motor,Monthly,510.8849014653865,72.0,1,0.1,47.92
GS-003644,standard,Motor,Annual,1218.7658002735977,36.0,1,0.9235855666491501,1055.76
GS-003645,loyal,Home,Monthly,1168.2680461538462,32.1,0,0.9666170727171273,1059.17
GS-003646,standard,Life,Monthly,1131.549717857143,23.5,0,0.9218210586139648,978.33
GS-003647,price_sensitive,Pet,Monthly,545.9175224550899,12.0,1,0.7316260413452642,374.61
GS-003648,price_sensitive,Motor,Monthly,249.10916608513608,48.0,1,0.1,23.36
GS-003649,standard,Motor,Monthly,639.9881427668982,52.8,0,0.942307692307692,565.63
GS-003650,price_sensitive,Home,Monthly,364.86,2.6,0,0.5450425521448253,186.52
GS-003651,standard,Home,Monthly,626.3272005988024,12.0,1,0.9218210586139648,541.52
GS-003652,standard,Home,Monthly,554.8035584958217,60.0,1,0.1,52.04
GS-003653,price_sensitive,Home,Annual,669.22,12.0,1,0.7316260413452642,459.22
GS-003654,loyal,Motor,Annual,1662.8418467852257,34.1,0,0.9666170727171273,1507.55
GS-003655,loyal,Motor,Monthly,643.44,2.9,0,0.9557021677662589,576.76
GS-003656,standard,Life,Monthly,894.6689720149253,44.5,0,0.9235855666491501,775.01
GS-003657,loyal,Travel,Monthly,911.4213513986014,47.1,0,0.9814241486068109,838.96
GS-003658,price_sensitive,Home,Monthly,429.4781147540984,12.0,1,0.7316260413452642,294.71
GS-003659,price_sensitive,Motor,Monthly,415.02279713114757,8.9,0,0.5450425521448253,212.16
GS-003660,standard,Home,Monthly,1377.4890117187501,21.5,0,0.9218210586139648,1190.97
GS-003661,price_sensitive,Motor,Annual,478.9778424657534,36.0,1,0.1,44.92
GS-003662,price_sensitive,Motor,Annual,536.36,12.0,1,0.7316260413452642,368.06
GS-003663,loyal,Life,Monthly,1039.1462295081967,6.6,0,0.9557021677662589,931.46
GS-003664,price_sensitive,Life,Monthly,354.552618694362,12.0,1,0.7316260413452642,243.3
GS-003665,loyal,Home,Annual,2021.2434657534247,13.0,0,0.9872773536895676,1871.65
GS-003666,loyal,Home,Monthly,1180.842729914098,65.5,0,1.0,1107.54
GS-003667,price_sensitive,Motor,Monthly,419.4739714285714,24.0,1,0.7440728887727786,292.74
GS-003668,price_sensitive,Motor,Annual,937.52,12.0,1,0.7316260413452642,643.33
GS-003669,standard,Home,Monthly,1365.0552705882353,14.0,0,0.9218210586139648,1180.22
GS-003670,price_sensitive,Motor,Monthly,762.4539071856287,12.0,1,0.7316260413452642,523.2
GS-003671,price_sensitive,Travel,Monthly,430.5811699507389,48.0,1,0.1,40.39
GS-003672,standard,Motor,Monthly,1122.348205479452,12.9,0,0.9218210586139648,970.38
GS-003673,standard,Travel,Monthly,889.8641561895552,34.0,0,0.9291341574190161,775.48
GS-003674,price_sensitive,Home,Annual,819.76,12.0,1,0.7316260413452642,562.53
GS-003675,loyal,Travel,Monthly,1287.68,4.1,0,0.9557021677662589,1154.24
GS-003676,loyal,Travel,Monthly,675.7484852216749,20.7,0,0.9872773536895676,625.74
GS-003677,loyal,Motor,Annual,1878.64,6.8,0,0.9557021677662589,1683.97
GS-003678,price_sensitive,Life,Monthly,434.0132335329341,12.0,1,0.7316260413452642,297.82
GS-003679,standard,Motor,Monthly,646.0345746268656,12.0,1,0.9218210586139648,558.56
GS-003680,standard,Pet,Monthly,765.0754862344583,37.3,0,0.9235855666491501,662.75
GS-003681,loyal,Motor,Annual,2018.471568493151,21.7,0,0.9872773536895676,1869.09
GS-003682,standard,Motor,Monthly,662.1603278688525,6.8,0,0.8455980328358912,525.16
GS-003683,standard,Motor,Annual,982.9871819425445,24.7,0,0.9291341574190161,856.63
GS-003684,standard,Motor,Monthly,250.28,2.3,0,0.8455980328358912,198.5
GS-003685,price_sensitive,Home,Monthly,400.83453592814374,12.0,1,0.7316260413452642,275.06
GS-003686,loyal,Life,Monthly,1391.9885102131439,37.0,0,0.9814241486068109,1281.33
GS-003687,standard,Motor,Annual,366.6496806569343,46.1,0,0.9235855666491501,317.61
GS-003688,loyal,Home,Monthly,976.0358196721311,6.4,0,0.9557021677662589,874.89
GS-003689,standard,Motor,Annual,894.7627049180327,22.2,0,0.9218210586139648,773.61
GS-003690,standard,Home,Annual,1274.1778727770177,35.9,0,0.926048510999967,1106.7
GS-003691,standard,Travel,Annual,1235.44,48.2,0,0.942307692307692,1091.9
GS-003692,loyal,Travel,Monthly,1384.63075729927,18.4,0,0.9872773536895676,1282.15
GS-003693,standard,Travel,Monthly,439.31271681997373,50.1,0,0.942307692307692,388.27
GS-003694,standard,Travel,Monthly,1015.8748905109488,18.6,0,0.9218210586139648,878.32
GS-003695,standard,Travel,Monthly,490.4204252199414,56.7,0,0.942307692307692,433.44
GS-003696,price_sensitive,Motor,Monthly,648.7561751497005,12.0,1,0.7316260413452642,445.18
GS-003697,standard,Pet,Monthly,534.3458684774839,46.5,0,0.9235855666491501,462.88
GS-003698,price_sensitive,Home,Monthly,232.92000000000002,3.3,0,0.5450425521448253,119.07
GS-003699,price_sensitive,Motor,Monthly,455.501744011976,11.8,0,0.5450425521448253,232.86
GS-003700,standard,Motor,Monthly,1304.1940194610777,12.0,1,0.9218210586139648,1127.6
GS-003701,loyal,Life,Annual,1226.0002828467152,42.5,0,0.9814241486068109,1128.53
GS-003702,standard,Travel,Monthly,451.08,3.7,0,0.8455980328358912,357.75
GS-003703,loyal,Home,Monthly,1752.0455034965032,47.8,0,0.9814241486068109,1612.76
GS-003704,standard,Travel,Monthly,683.0035591603054,43.6,0,0.9235855666491501,591.65
GS-003705,loyal,Home,Monthly,2024.4792133204635,17.2,0,0.9872773536895676,1874.65
GS-003706,standard,Motor,Monthly,815.8811477695167,53.1,0,0.942307692307692,721.09
GS-003707,standard,Motor,Monthly,704.9927722772278,10.8,0,0.8455980328358912,559.13
GS-003708,standard,Pet,Monthly,580.3119173960613,30.9,0,0.9291341574190161,505.72
GS-003709,loyal,Motor,Monthly,1538.429937106918,48.0,1,0.9615384615384621,1387.43
GS-003710,standard,Life,Monthly,1097.0732110778442,12.0,1,0.9218210586139648,948.53
GS-003711,price_sensitive,Motor,Monthly,387.4266716417911,12.0,1,0.7316260413452642,265.86
GS-003712,standard,Motor,Annual,945.5875,52.8,0,0.942307692307692,835.72
GS-003713,standard,Life,Monthly,957.099177631579,15.5,0,0.9218210586139648,827.51
GS-003714,loyal,Home,Monthly,1085.3590594059406,10.1,0,0.9557021677662589,972.89
GS-003715,standard,Home,Monthly,870.0255000000001,24.0,1,0.9291341574190161,758.19
GS-003716,loyal,Home,Monthly,2201.8907327586203,40.6,0,0.9814241486068109,2026.84
GS-003717,standard,Motor,Monthly,588.6913861386139,10.4,0,0.8455980328358912,466.89
GS-003718,loyal,Motor,Annual,1201.8330494505494,31.0,0,0.9666170727171273,1089.6
GS-003719,price_sensitive,Motor,Monthly,404.9629276315789,15.5,0,0.7316260413452642,277.89
GS-003720,loyal,Travel,Monthly,921.4213928571429,23.2,0,0.9872773536895676,853.23
GS-003721,loyal,Home,Monthly,1190.7519873417723,13.8,0,0.9872773536895676,1102.62
GS-003722,standard,Travel,Monthly,269.72,1.1,0,0.8455980328358912,213.92
GS-003723,standard,Home,Annual,928.06825729927,45.6,0,0.9235855666491501,803.94
GS-003724,price_sensitive,Travel,Monthly,703.7831611969112,17.1,0,0.7316260413452642,482.94
GS-003725,price_sensitive,Motor,Annual,435.99385948905103,48.0,1,0.1,40.89
GS-003726,price_sensitive,Home,Annual,531.5684836065574,24.0,1,0.7440728887727786,370.97
GS-003727,standard,Travel,Monthly,1034.952952822241,39.6,0,0.9235855666491501,896.53
GS-003728,price_sensitive,Pet,Monthly,202.54749474789915,47.9,1,0.1,19.0
GS-003729,standard,Motor,Monthly,693.8031420068028,58.2,0,0.942307692307692,613.19
GS-003730,loyal,Motor,Monthly,1012.1578487690506,28.4,0,0.9666170727171273,917.63
GS-003731,standard,Life,Monthly,916.4296428571429,12.0,1,0.9218210586139648,792.34
GS-003732,price_sensitive,Motor,Monthly,569.5371346153846,48.0,1,0.1,53.42
GS-003733,loyal,Pet,Monthly,1075.2469803063457,45.1,0,0.9814241486068109,989.77
GS-003734,standard,Life,Monthly,261.84000000000003,1.0,0,0.8455980328358912,207.67
GS-003735,standard,Life,Monthly,419.62115284974095,19.6,0,0.9218210586139648,362.8
GS-003736,standard,Pet,Annual,2470.070671232877,15.6,0,0.9218210586139648,2135.62
GS-003737,price_sensitive,Travel,Monthly,435.80942225392295,24.0,1,0.7440728887727786,304.14
GS-003738,standard,Life,Monthly,913.9872072490706,53.1,0,0.942307692307692,807.79
GS-003739,loyal,Motor,Monthly,1174.1726799242424,26.5,0,0.9666170727171273,1064.52
GS-003740,standard,Motor,Annual,2071.0275410958907,16.8,0,0.9218210586139648,1790.6
GS-003741,price_sensitive,Motor,Monthly,554.2835378649635,48.0,1,0.1,51.99
GS-003742,standard,Pet,Monthly,1152.9125,48.6,0,0.942307692307692,1018.96
GS-003743,standard,Motor,Monthly,267.08,2.8,0,0.8455980328358912,211.82
GS-003744,loyal,Home,Monthly,844.349958916616,54.0,0,0.9615384615384621,761.48
GS-003745,standard,Motor,Monthly,672.9581557377049,6.3,0,0.8455980328358912,533.73
GS-003746,price_sensitive,Life,Annual,578.951353021978,16.0,0,0.7316260413452642,397.28
GS-003747,loyal,Motor,Monthly,824.5429881386862,54.8,0,0.9615384615384621,743.61
GS-003748,loyal,Home,Monthly,620.4546780821918,12.3,0,0.9872773536895676,574.53
GS-003749,standard,Motor,Monthly,473.95993421052634,45.0,0,0.9235855666491501,410.57
GS-003750,loyal,Motor,Monthly,1316.9170522388058,12.0,1,0.9872773536895676,1219.45
GS-003751,price_sensitive,Motor,Monthly,1021.9924877622377,48.0,1,0.1,95.86
GS-003752,standard,Travel,Monthly,1014.5774087591242,54.7,0,0.942307692307692,896.7
GS-003753,standard,Motor,Annual,851.3975,48.9,0,0.942307692307692,752.48
GS-003754,loyal,Motor,Annual,2633.64,6.4,0,0.9557021677662589,2360.73
GS-003755,standard,Motor,Monthly,685.1171407185628,12.0,1,0.9218210586139648,592.35
GS-003756,standard,Travel,Annual,476.04138609332114,43.0,0,0.9235855666491501,412.37
GS-003757,standard,Travel,Monthly,304.79999999999995,1.2,0,0.8455980328358912,241.74
GS-003758,standard,Home,Monthly,466.0726287313433,44.9,0,0.9235855666491501,403.74
GS-003759,standard,Life,Annual,1419.116222627737,45.3,0,0.9235855666491501,1229.31
GS-003760,standard,Home,Monthly,378.8702258211678,36.3,0,0.9235855666491501,328.2
GS-003761,standard,Travel,Monthly,814.4,4.4,0,0.8455980328358912,645.91
GS-003762,price_sensitive,Motor,Monthly,712.9001678571428,24.0,1,0.7440728887727786,497.52
GS-003763,loyal,Motor,Annual,1124.195530095759,26.9,0,0.9666170727171273,1019.21
GS-003764,standard,Motor,Monthly,1141.2960952380954,31.4,0,0.9291341574190161,994.59
GS-003765,price_sensitive,Life,Monthly,330.71300357142854,24.0,1,0.7440728887727786,230.8
GS-003766,price_sensitive,Home,Monthly,288.75527694610776,12.0,1,0.7316260413452642,198.15
GS-003767,standard,Motor,Monthly,660.8840584590517,72.0,1,0.1,61.99
GS-003768,loyal,Life,Monthly,1013.6063941504178,59.6,0,0.9615384615384621,914.12
GS-003769,standard,Home,Annual,2032.3210479452052,14.1,0,0.9218210586139648,1757.14
GS-003770,standard,Home,Monthly,858.269667857143,24.0,1,0.9291341574190161,747.94
GS-003771,price_sensitive,Travel,Monthly,116.42,2.1,0,0.5450425521448253,59.51
GS-003772,price_sensitive,Motor,Monthly,442.9367065868263,12.0,1,0.7316260413452642,303.95
GS-003773,loyal,Life,Monthly,880.0944067164179,44.2,0,0.9814241486068109,810.13
GS-003774,standard,Motor,Monthly,934.778328358209,55.1,0,0.942307692307692,826.17
GS-003775,loyal,Home,Monthly,856.5622290640395,20.1,0,0.9872773536895676,793.17
GS-003776,standard,Motor,Monthly,312.1148214285714,12.0,1,0.9218210586139648,269.85
GS-003777,standard,Motor,Monthly,617.5961392405063,13.1,0,0.9218210586139648,533.97
GS-003778,standard,Home,Monthly,1228.1425,48.8,0,0.942307692307692,1085.45
GS-003779,standard,Motor,Monthly,778.1621311475411,8.8,0,0.8455980328358912,617.17
GS-003780,loyal,Home,Annual,860.0371122262773,40.0,0,0.9814241486068109,791.66
GS-003781,standard,Home,Annual,721.8625,51.5,0,0.942307692307692,637.99
GS-003782,standard,Motor,Annual,1155.7068852459015,22.1,0,0.9218210586139648,999.22
GS-003783,loyal,Motor,Annual,1053.1991244870042,25.3,0,0.9666170727171273,954.84
GS-003784,standard,Life,Monthly,843.2902288732395,14.8,0,0.9218210586139648,729.11
GS-003785,loyal,Motor,Monthly,834.6423674242424,26.9,0,0.9666170727171273,756.7
GS-003786,standard,Motor,Annual,1174.34,12.0,1,0.9218210586139648,1015.33
GS-003787,standard,Motor,Monthly,956.6120616515836,29.9,0,0.9291341574190161,833.65
GS-003788,loyal,Motor,Monthly,907.7165563380282,36.0,1,0.9814241486068109,835.55
GS-003789,price_sensitive,Home,Annual,632.9655862226276,48.0,1,0.1,59.37
GS-003790,price_sensitive,Motor,Monthly,551.1395335429769,48.0,1,0.1,51.69
GS-003791,standard,Home,Monthly,1085.1356718134034,50.8,0,0.942307692307692,959.06
GS-003792,standard,Pet,Annual,1392.64,5.3,0,0.8455980328358912,1104.51
GS-003793,loyal,Life,Monthly,423.525498091603,43.7,0,0.9814241486068109,389.86
GS-003794,standard,Motor,Monthly,885.6939795918369,58.7,0,0.942307692307692,782.79
GS-003795,standard,Home,Monthly,547.8845992115638,50.4,0,0.942307692307692,484.23
GS-003796,loyal,Pet,Monthly,900.74,2.7,0,0.9557021677662589,807.4
GS-003797,price_sensitive,Pet,Monthly,541.7613733905579,24.0,1,0.7440728887727786,378.09
GS-003798,price_sensitive,Motor,Monthly,466.9251642857143,24.0,1,0.7440728887727786,325.86
GS-003799,standard,Life,Monthly,843.499593596059,20.6,0,0.9218210586139648,729.29
GS-003800,standard,Motor,Monthly,431.65310810810814,12.0,1,0.9218210586139648,373.21
GS-003801,price_sensitive,Home,Annual,1436.0,12.0,1,0.7316260413452642,985.4
GS-003802,loyal,Pet,Annual,657.8699041970802,46.5,0,0.9814241486068109,605.57
GS-003803,loyal,Home,Monthly,408.7272289750329,50.1,0,0.9615384615384621,368.61
GS-003804,standard,Home,Monthly,869.0560514018691,12.0,1,0.9218210586139648,751.38
GS-003805,price_sensitive,Life,Monthly,488.1920597014925,12.0,1,0.7316260413452642,335.0
GS-003806,price_sensitive,Life,Monthly,249.08484642857144,24.0,1,0.7440728887727786,173.83
GS-003807,standard,Travel,Monthly,1029.8906851145039,43.8,0,0.9235855666491501,892.15
GS-003808,price_sensitive,Motor,Monthly,320.2655034965035,48.0,1,0.1,30.04
GS-003809,loyal,Life,Monthly,860.5748179059182,65.0,0,1.0,807.15
GS-003810,price_sensitive,Motor,Monthly,558.2982537313433,12.0,1,0.7316260413452642,383.11
GS-003811,standard,Life,Monthly,1086.1561,32.6,0,0.9291341574190161,946.54
GS-003812,loyal,Travel,Monthly,1677.4317095914744,37.1,0,0.9814241486068109,1544.08
GS-003813,standard,Pet,Monthly,986.0639142335766,54.7,0,0.942307692307692,871.5
GS-003814,price_sensitive,Life,Monthly,566.4100746268657,12.0,1,0.7316260413452642,388.68
GS-003815,loyal,Motor,Monthly,529.7274213406293,24.4,0,0.9666170727171273,480.26
GS-003816,price_sensitive,Motor,Annual,676.88,12.0,1,0.7316260413452642,464.48
GS-003817,loyal,Home,Monthly,925.8062871287128,10.1,0,0.9557021677662589,829.87
GS-003818,loyal,Travel,Monthly,1844.6284523809525,58.5,0,0.9615384615384621,1663.58
GS-003819,standard,Home,Monthly,1117.5710785714286,24.0,1,0.9291341574190161,973.91
GS-003820,price_sensitive,Life,Annual,387.86547945205484,15.4,0,0.7316260413452642,266.16
GS-003821,loyal,Motor,Monthly,1024.4258812381554,52.3,0,0.9615384615384621,923.88
GS-003822,standard,Travel,Monthly,919.5318442622951,8.9,0,0.8455980328358912,729.29
GS-003823,loyal,Life,Annual,782.2815191605839,46.3,0,0.9814241486068109,720.09
GS-003824,standard,Motor,Monthly,969.6891094420602,24.0,1,0.9291341574190161,845.04
GS-003825,price_sensitive,Pet,Monthly,756.0975205479452,12.8,0,0.7316260413452642,518.84
GS-003826,standard,Motor,Monthly,992.5273395931142,72.0,1,0.1,93.09
GS-003827,standard,Life,Monthly,1054.74,4.5,0,0.8455980328358912,836.52
GS-003828,loyal,Travel,Monthly,943.8320892857142,24.0,1,0.9666170727171273,855.69
GS-003829,loyal,Motor,Monthly,494.5943069306931,10.3,0,0.9557021677662589,443.34
GS-003830,price_sensitive,Home,Monthly,358.13019718309863,36.0,1,0.1,33.59
GS-003831,standard,Travel,Monthly,609.463352112676,36.0,1,0.9235855666491501,527.95
GS-003832,price_sensitive,Home,Monthly,837.0875820895523,12.0,1,0.7316260413452642,574.42
GS-003833,standard,Life,Monthly,1016.8021106557378,8.1,0,0.8455980328358912,806.43
GS-003834,price_sensitive,Travel,Annual,575.26,12.0,1,0.7316260413452642,394.75
GS-003835,loyal,Home,Monthly,1480.5426752464402,60.9,0,1.0,1388.64
GS-003836,standard,Home,Annual,1693.268979452055,21.6,0,0.9218210586139648,1464.0
GS-003837,standard,Travel,Monthly,936.7747797927461,19.8,0,0.9218210586139648,809.93
GS-003838,standard,Travel,Monthly,803.66,48.5,0,0.942307692307692,710.28
GS-003839,standard,Motor,Annual,1124.2479011500548,72.0,1,0.1,105.45
GS-003840,standard,Motor,Monthly,406.25462698412696,31.6,0,0.9291341574190161,354.03
GS-003841,price_sensitive,Home,Monthly,162.94,1.7,0,0.5450425521448253,83.3
GS-003842,standard,Motor,Annual,959.5842393092105,71.9,1,0.1,90.0
GS-003843,standard,Pet,Annual,2111.145,12.2,0,0.9218210586139648,1825.29
GS-003844,price_sensitive,Motor,Annual,664.8150410958904,13.0,0,0.7316260413452642,456.2
GS-003845,standard,Home,Monthly,673.734655988858,59.8,0,0.942307692307692,595.45
GS-003846,loyal,Home,Monthly,835.342746350365,27.1,0,0.9666170727171273,757.33
GS-003847,loyal,Home,Monthly,1043.9459234234234,11.0,0,0.9557021677662589,935.77
GS-003848,standard,Motor,Monthly,719.8618759936408,72.0,1,0.1,67.52
GS-003849,price_sensitive,Home,Annual,578.6360547945205,24.0,1,0.7440728887727786,403.82
GS-003850,loyal,Life,Monthly,1013.9259928330523,39.0,0,0.9814241486068109,933.32
GS-003851,standard,Life,Monthly,643.1793032786885,6.1,0,0.8455980328358912,510.11
GS-003852,standard,Motor,Annual,801.6375,50.1,0,0.942307692307692,708.5
GS-003853,standard,Motor,Annual,1774.28,3.0,0,0.8455980328358912,1407.19
GS-003854,standard,Motor,Monthly,576.4043454545455,9.3,0,0.8455980328358912,457.15
GS-003855,price_sensitive,Motor,Annual,506.38,1.1,0,0.5450425521448253,258.87
GS-003856,price_sensitive,Motor,Monthly,646.14,4.9,0,0.5450425521448253,330.31
GS-003857,price_sensitive,Home,Monthly,282.83688659058487,24.0,1,0.7440728887727786,197.39
GS-003858,loyal,Home,Monthly,755.5447050290136,34.0,0,0.9666170727171273,684.99
GS-003859,standard,Home,Annual,799.24,12.0,1,0.9218210586139648,691.02
GS-003860,standard,Home,Monthly,945.0308154506438,24.0,1,0.9291341574190161,823.55
GS-003861,price_sensitive,Motor,Monthly,397.7727393980848,24.6,0,0.7440728887727786,277.6
GS-003862,price_sensitive,Motor,Monthly,504.19233348968106,36.0,1,0.1,47.29
GS-003863,standard,Home,Annual,505.6988679890561,28.7,0,0.9291341574190161,440.69
GS-003864,standard,Motor,Monthly,1999.0943521462639,72.0,1,0.1,187.5
GS-003865,standard,Travel,Annual,4947.04606849315,19.8,0,0.9218210586139648,4277.2
GS-003866,loyal,Pet,Monthly,1394.1128436473164,60.7,0,1.0,1307.57
GS-003867,loyal,Motor,Monthly,967.111448692153,49.6,0,0.9615384615384621,872.19
GS-003868,loyal,Motor,Monthly,1195.824634920635,31.5,0,0.9666170727171273,1084.15
GS-003869,price_sensitive,Home,Annual,573.02,12.0,1,0.7316260413452642,393.21
GS-003870,price_sensitive,Home,Monthly,365.3182710280374,7.9,0,0.5450425521448253,186.75
GS-003871,standard,Motor,Monthly,721.3668769230769,32.4,0,0.9291341574190161,628.64
GS-003872,standard,Pet,Monthly,713.9274626865671,12.0,1,0.9218210586139648,617.26
GS-003873,loyal,Motor,Monthly,1221.0314761431412,33.9,0,0.9666170727171273,1107.0
GS-003874,standard,Travel,Monthly,297.9017713133641,57.1,0,0.942307692307692,263.29
GS-003875,standard,Motor,Monthly,876.2877584493041,33.1,0,0.9291341574190161,763.65
GS-003876,standard,Motor,Monthly,543.3591818181818,48.0,1,0.942307692307692,480.23
GS-003877,loyal,Home,Annual,1377.2829638939672,39.0,0,0.9814241486068109,1267.79
GS-003878,standard,Motor,Monthly,641.4809838913455,52.4,0,0.942307692307692,566.95
GS-003879,loyal,Home,Monthly,1628.497009090909,9.3,0,0.9557021677662589,1459.74
GS-003880,standard,Motor,Monthly,791.2270550393138,46.2,0,0.9235855666491501,685.4
GS-003881,standard,Motor,Annual,804.38,58.6,0,0.942307692307692,710.92
GS-003882,standard,Travel,Monthly,739.2485029940119,12.0,1,0.9218210586139648,639.15
GS-003883,standard,Life,Monthly,403.3208931133429,22.9,0,0.9218210586139648,348.71
GS-003884,standard,Motor,Monthly,1171.2749776119404,55.7,0,0.942307692307692,1035.19
GS-003885,standard,Motor,Monthly,509.3788681152097,72.0,1,0.1,47.78
GS-003886,standard,Motor,Monthly,881.4316928864569,24.1,0,0.9291341574190161,768.13
GS-003887,standard,Pet,Annual,665.42151459854,37.9,0,0.9235855666491501,576.42
GS-003888,standard,Life,Monthly,501.391816005472,24.2,0,0.9291341574190161,436.94
GS-003889,standard,Motor,Monthly,424.3666403345725,53.8,0,0.942307692307692,375.06
GS-003890,standard,Motor,Monthly,481.72771881838077,45.8,0,0.9235855666491501,417.3
GS-003891,loyal,Home,Annual,1184.0265260036497,38.1,0,0.9814241486068109,1089.9
GS-003892,price_sensitive,Motor,Monthly,855.8516194029851,12.0,1,0.7316260413452642,587.29
GS-003893,standard,Home,Monthly,662.8905895522388,12.0,1,0.9218210586139648,573.13
GS-003894,loyal,Home,Annual,2210.94,3.0,0,0.9557021677662589,1981.83
GS-003895,price_sensitive,Motor,Monthly,286.3951339285714,36.0,1,0.1,26.86
GS-003896,standard,Home,Monthly,351.445,48.3,0,0.942307692307692,310.61
GS-003897,price_sensitive,Life,Annual,345.9943932481752,48.0,1,0.1,32.45
GS-003898,standard,Motor,Monthly,786.5449908759124,27.9,0,0.9291341574190161,685.44
GS-003899,loyal,Life,Monthly,1382.8493017524643,60.2,0,1.0,1297.01
GS-003900,loyal,Motor,Monthly,695.0351615384616,32.5,0,0.9666170727171273,630.13
GS-003901,price_sensitive,Pet,Monthly,516.7568189277899,30.5,0,0.7440728887727786,360.64
GS-003902,standard,Motor,Monthly,855.9780383211678,18.9,0,0.9218210586139648,740.08
GS-003903,standard,Home,Monthly,818.36886347391,46.1,0,0.9235855666491501,708.91
GS-003904,loyal,Home,Monthly,805.3625,48.7,0,0.9615384615384621,726.32
GS-003905,standard,Home,Monthly,514.7953432835822,12.0,1,0.9218210586139648,445.09
GS-003906,loyal,Life,Monthly,571.0642953350855,50.9,0,0.9615384615384621,515.01
GS-003907,standard,Home,Monthly,239.5,3.8,0,0.8455980328358912,189.95
GS-003908,standard,Home,Monthly,483.88756119402984,55.8,0,0.942307692307692,427.67
GS-003909,standard,Home,Monthly,986.8780633802818,49.8,0,0.942307692307692,872.21
GS-003910,price_sensitive,Pet,Annual,1084.622383561644,21.7,0,0.7316260413452642,744.28
GS-003911,price_sensitive,Motor,Monthly,238.26547904191614,12.0,1,0.7316260413452642,163.5
GS-003912,loyal,Motor,Annual,675.91,57.9,0,0.9615384615384621,609.57
GS-003913,standard,Motor,Monthly,676.5308313782991,56.8,0,0.942307692307692,597.93
GS-003914,price_sensitive,Motor,Monthly,509.0726882530121,11.9,1,0.5474671117219716,261.4
GS-003915,standard,Home,Monthly,588.6293319646242,52.2,0,0.942307692307692,520.24
GS-003916,price_sensitive,Home,Annual,833.38,12.0,1,0.7316260413452642,571.87
GS-003917,price_sensitive,Pet,Annual,523.8871395985401,48.0,1,0.1,49.14
GS-003918,price_sensitive,Motor,Monthly,367.21487623762374,10.2,0,0.5450425521448253,187.72
GS-003919,loyal,Motor,Monthly,1258.4620815098467,30.4,0,0.9666170727171273,1140.94
GS-003920,standard,Pet,Monthly,1165.9434179104478,12.0,1,0.9218210586139648,1008.07
GS-003921,standard,Life,Monthly,675.2641392215569,11.5,0,0.8455980328358912,535.56
GS-003922,standard,Life,Annual,1027.3118433652533,30.1,0,0.9291341574190161,895.26
GS-003923,standard,Motor,Monthly,805.4739929577465,36.0,1,0.9235855666491501,697.74
GS-003924,loyal,Travel,Annual,1300.06,12.0,1,0.9872773536895676,1203.84
GS-003925,price_sensitive,Motor,Annual,1486.74,10.3,0,0.5450425521448253,760.03
GS-003926,price_sensitive,Travel,Monthly,253.91860655737705,6.8,0,0.5450425521448253,129.81
GS-003927,loyal,Motor,Annual,1813.7314315068493,15.1,0,0.9872773536895676,1679.5
GS-003928,loyal,Travel,Annual,1597.541542407661,26.3,0,0.9666170727171273,1448.35
GS-003929,price_sensitive,Pet,Monthly,352.11812109375,21.9,0,0.7316260413452642,241.63
GS-003930,standard,Life,Monthly,849.0683234265734,48.0,1,0.942307692307692,750.42
GS-003931,price_sensitive,Life,Annual,975.98,12.0,1,0.7316260413452642,669.73
GS-003932,price_sensitive,Pet,Monthly,550.6248107142858,24.0,1,0.7440728887727786,384.27
GS-003933,standard,Pet,Annual,442.13,58.3,0,0.942307692307692,390.76
GS-003934,standard,Motor,Monthly,765.3241343283582,12.0,1,0.9218210586139648,661.7
GS-003935,standard,Motor,Monthly,721.4999775449102,12.0,1,0.9218210586139648,623.81
GS-003936,standard,Motor,Monthly,579.14,5.8,0,0.8455980328358912,459.32
GS-003937,standard,Motor,Annual,1353.311788674033,11.9,0,0.8477989003090736,1076.11
GS-003938,price_sensitive,Motor,Monthly,188.46,2.4,0,0.5450425521448253,96.34
GS-003939,price_sensitive,Home,Monthly,329.0996153846154,24.0,1,0.7440728887727786,229.67
GS-003940,standard,Motor,Monthly,1288.1343253968255,31.9,0,0.9291341574190161,1122.55
GS-003941,standard,Home,Monthly,815.9424107142858,12.0,1,0.9218210586139648,705.46
GS-003942,standard,Travel,Monthly,963.261681997372,25.4,0,0.9291341574190161,839.44
GS-003943,standard,Motor,Annual,1060.4983715753424,50.0,0,0.942307692307692,937.28
GS-003944,standard,Home,Monthly,816.6836901197604,12.0,1,0.9218210586139648,706.1
GS-003945,loyal,Motor,Monthly,1187.3917701492537,55.9,0,0.9615384615384621,1070.85
GS-003946,standard,Travel,Monthly,1269.6399206349206,31.3,0,0.9291341574190161,1106.44
GS-003947,standard,Motor,Monthly,910.098642857143,24.0,1,0.9291341574190161,793.11
GS-003948,standard,Home,Monthly,351.16023738872406,12.0,1,0.9218210586139648,303.61
GS-003949,standard,Life,Monthly,1165.552118263473,11.8,0,0.8455980328358912,924.41
GS-003950,standard,Life,Monthly,358.5818461538462,32.2,0,0.9291341574190161,312.49
GS-003951,price_sensitive,Travel,Monthly,602.8046631736527,12.0,1,0.7316260413452642,413.65
GS-003952,price_sensitive,Motor,Monthly,486.7201567164179,12.0,1,0.7316260413452642,333.99
GS-003953,standard,Home,Monthly,857.1910948905108,18.9,0,0.9218210586139648,741.13
GS-003954,loyal,Travel,Monthly,897.497669245648,34.5,0,0.9666170727171273,813.68
GS-003955,standard,Motor,Annual,758.3199999999999,54.8,0,0.942307692307692,670.21
GS-003956,loyal,Home,Monthly,1185.4082286995515,22.7,0,0.9872773536895676,1097.68
GS-003957,loyal,Life,Annual,2426.62,12.0,1,0.9872773536895676,2247.03
GS-003958,standard,Motor,Monthly,943.4284236234458,37.8,0,0.9235855666491501,817.25
GS-003959,loyal,Life,Annual,1235.3131051478642,60.8,0,1.0,1158.63
GS-003960,standard,Travel,Monthly,859.8575523952095,12.0,1,0.9218210586139648,743.43
GS-003961,standard,Motor,Monthly,883.1832485029939,12.0,1,0.9218210586139648,763.6
GS-003962,standard,Motor,Monthly,919.1677599687256,42.6,0,0.9235855666491501,796.23
GS-003963,price_sensitive,Travel,Monthly,280.64,2.6,0,0.5450425521448253,143.47
GS-003964,price_sensitive,Motor,Monthly,421.5138098802395,12.0,1,0.7316260413452642,289.25
GS-003965,price_sensitive,Motor,Monthly,444.0349701492537,12.0,1,0.7316260413452642,304.7
GS-003966,loyal,Home,Monthly,497.4,1.0,0,0.9557021677662589,445.86
GS-003967,standard,Pet,Monthly,740.4465401785715,12.0,1,0.9218210586139648,640.19
GS-003968,price_sensitive,Life,Monthly,153.45301408450703,36.0,1,0.1,14.39
GS-003969,price_sensitive,Travel,Monthly,476.30339285714285,12.0,1,0.7316260413452642,326.84
GS-003970,standard,Motor,Monthly,595.2031690140846,36.0,1,0.9235855666491501,515.6
GS-003971,loyal,Motor,Monthly,844.0290543386689,39.3,0,0.9814241486068109,776.93
GS-003972,price_sensitive,Home,Monthly,364.7032185628742,12.0,1,0.7316260413452642,250.26
GS-003973,standard,Travel,Annual,1467.64,12.0,1,0.9218210586139648,1268.92
GS-003974,loyal,Home,Monthly,1755.3765785968028,37.5,0,0.9814241486068109,1615.82
GS-003975,loyal,Motor,Annual,2221.88,2.9,0,0.9557021677662589,1991.64
GS-003976,standard,Travel,Monthly,530.7374014084508,35.4,0,0.9291341574190161,462.51
GS-003977,price_sensitive,Home,Annual,1024.42,12.0,1,0.7316260413452642,702.97
GS-003978,price_sensitive,Travel,Monthly,479.22980597014924,12.0,1,0.7316260413452642,328.85
GS-003979,standard,Motor,Monthly,504.1925956357759,72.0,1,0.1,47.29
GS-003980,price_sensitive,Home,Annual,797.76,12.0,1,0.7316260413452642,547.43
GS-003981,standard,Home,Monthly,744.6520746268657,12.0,1,0.9218210586139648,643.82
GS-003982,standard,Pet,Annual,395.8330223540146,37.8,0,0.9235855666491501,342.89
GS-003983,price_sensitive,Motor,Monthly,446.98967910447766,12.0,1,0.7316260413452642,306.73
GS-003984,price_sensitive,Pet,Monthly,687.9166616766468,12.0,1,0.7316260413452642,472.05
GS-003985,price_sensitive,Motor,Monthly,370.1491616766467,12.0,1,0.7316260413452642,254.0
GS-003986,standard,Motor,Monthly,1445.9708606557379,6.1,0,0.8455980328358912,1146.81
GS-003987,standard,Motor,Monthly,746.0316588785048,7.7,0,0.8455980328358912,591.68
GS-003988,loyal,Motor,Annual,957.6875,58.7,0,0.9615384615384621,863.69
GS-003989,standard,Pet,Monthly,999.6103697183098,14.5,0,0.9218210586139648,864.26
GS-003990,price_sensitive,Home,Monthly,305.9364573991031,22.7,0,0.7316260413452642,209.94
GS-003991,standard,Motor,Annual,1009.4163640510949,48.0,1,0.942307692307692,892.13
GS-003992,standard,Motor,Monthly,933.9807250341997,24.9,0,0.9291341574190161,813.92
GS-003993,standard,Home,Annual,1547.12,12.0,1,0.9218210586139648,1337.64
GS-003994,loyal,Travel,Monthly,1297.7261281337046,59.5,0,0.9615384615384621,1170.35
GS-003995,price_sensitive,Life,Monthly,222.1156119402985,12.0,1,0.7316260413452642,152.42
GS-003996,price_sensitive,Travel,Monthly,344.3596287128713,12.0,1,0.7316260413452642,236.3
GS-003997,standard,Travel,Monthly,470.10740034965033,47.6,0,0.9235855666491501,407.23
GS-003998,loyal,Home,Monthly,480.2584227381906,41.6,0,0.9814241486068109,442.08
GS-003999,standard,Motor,Monthly,647.2339029850746,12.0,1,0.9218210586139648,559.6
GS-004000,price_sensitive,Home,Annual,1230.04,12.0,1,0.7316260413452642,844.06
GS-004001,standard,Travel,Monthly,451.55398203592813,12.0,1,0.9218210586139648,390.41
GS-004002,loyal,Home,Monthly,1311.4989931945559,41.3,0,0.9814241486068109,1207.24
GS-004003,price_sensitive,Home,Monthly,520.4641822429907,12.0,1,0.7316260413452642,357.15
GS-004004,price_sensitive,Motor,Annual,740.24,12.0,1,0.7316260413452642,507.96
GS-004005,standard,Motor,Monthly,626.0698862679022,39.5,0,0.9235855666491501,542.33
GS-004006,loyal,Home,Annual,1940.4581712328768,21.6,0,0.9872773536895676,1796.85
GS-004007,standard,Home,Annual,815.285,52.3,0,0.942307692307692,720.56
GS-004008,price_sensitive,Motor,Monthly,273.1895725646123,33.5,0,0.7440728887727786,190.65
GS-004009,standard,Home,Annual,684.4885068493151,36.0,1,0.9235855666491501,592.94
GS-004010,standard,Motor,Monthly,710.9558102852204,38.3,0,0.9235855666491501,615.87
GS-004011,standard,Travel,Annual,810.1695308219178,36.0,1,0.9235855666491501,701.81
GS-004012,loyal,Pet,Monthly,766.1610853293413,11.6,0,0.9557021677662589,686.77
GS-004013,price_sensitive,Pet,Monthly,560.010175233645,7.2,0,0.5450425521448253,286.28
GS-004014,loyal,Travel,Monthly,712.7891910447762,55.7,0,0.9615384615384621,642.83
GS-004015,loyal,Home,Monthly,1005.0178819709702,43.0,0,0.9814241486068109,925.12
GS-004016,standard,Home,Annual,1653.8679890560875,33.2,0,0.9291341574190161,1441.27
GS-004017,standard,Pet,Annual,798.2212157846715,44.9,0,0.9235855666491501,691.46
GS-004018,price_sensitive,Motor,Monthly,394.18705985915494,14.4,0,0.7316260413452642,270.49
GS-004019,price_sensitive,Pet,Annual,393.102397260274,48.0,1,0.1,36.87
GS-004020,price_sensitive,Pet,Monthly,658.0941557223265,36.0,1,0.1,61.72
GS-004021,loyal,Life,Annual,1703.289162106703,28.7,0,0.9666170727171273,1544.22
GS-004022,standard,Life,Monthly,668.2846777421937,41.7,0,0.9235855666491501,578.9
GS-004023,price_sensitive,Motor,Monthly,524.499,13.5,0,0.7316260413452642,359.92
GS-004024,standard,Motor,Monthly,815.8158582089552,12.0,1,0.9218210586139648,705.35
GS-004025,standard,Motor,Annual,794.6625,52.6,0,0.942307692307692,702.33
GS-004026,loyal,Motor,Annual,2056.977924657534,19.7,0,0.9872773536895676,1904.74
GS-004027,standard,Home,Annual,1415.0685616438354,12.5,0,0.9218210586139648,1223.46
GS-004028,standard,Home,Annual,1967.0686149110807,29.5,0,0.9291341574190161,1714.21
GS-004029,standard,Travel,Monthly,1004.3404405594405,47.4,0,0.9235855666491501,870.01
GS-004030,standard,Motor,Monthly,458.93994545454547,9.6,0,0.8455980328358912,363.99
GS-004031,price_sensitive,Travel,Annual,1125.66,12.0,1,0.7316260413452642,772.44
GS-004032,price_sensitive,Motor,Monthly,501.584873358349,36.0,1,0.1,47.04
GS-004033,standard,Life,Monthly,615.8336363636364,38.0,0,0.9235855666491501,533.47
GS-004034,price_sensitive,Home,Monthly,301.58594955489616,12.0,1,0.7316260413452642,206.95
GS-004035,standard,Motor,Monthly,620.8484505988024,12.0,1,0.9218210586139648,536.78
GS-004036,standard,Home,Monthly,1078.6071651785714,12.0,1,0.9218210586139648,932.56
GS-004037,standard,Motor,Monthly,692.438155737705,6.2,0,0.8455980328358912,549.18
GS-004038,price_sensitive,Home,Annual,663.66,12.0,1,0.7316260413452642,455.41
GS-004039,standard,Home,Monthly,789.487016453996,48.9,0,0.942307692307692,697.76
GS-004040,standard,Motor,Monthly,311.1281425233645,7.9,0,0.8455980328358912,246.76
GS-004041,standard,Home,Monthly,954.7709923076924,32.8,0,0.9291341574190161,832.04
GS-004042,standard,Motor,Monthly,417.9739124487004,24.6,0,0.9291341574190161,364.25
GS-004043,standard,Travel,Monthly,349.99272151898737,13.8,0,0.9218210586139648,302.6
GS-004044,standard,Life,Annual,2451.62,12.0,1,0.9218210586139648,2119.66
GS-004045,standard,Motor,Annual,1792.1666712328768,14.5,0,0.9218210586139648,1549.5
GS-004046,standard,Life,Monthly,670.8336131386861,18.3,0,0.9218210586139648,580.0
GS-004047,standard,Home,Monthly,789.639880239521,11.2,0,0.8455980328358912,626.27
GS-004048,standard,Life,Monthly,677.8887358208956,55.7,0,0.942307692307692,599.13
GS-004049,standard,Motor,Monthly,666.4259663536776,72.0,1,0.1,62.51
GS-004050,standard,Motor,Monthly,670.0380803571429,57.6,0,0.942307692307692,592.19
GS-004051,standard,Motor,Monthly,533.1750923076924,32.7,0,0.9291341574190161,464.64
GS-004052,loyal,Travel,Monthly,1369.5170289541918,38.1,0,0.9814241486068109,1260.64
GS-004053,standard,Life,Monthly,586.7398078186596,50.6,0,0.942307692307692,518.57
GS-004054,price_sensitive,Home,Monthly,407.0736971830986,14.5,0,0.7316260413452642,279.34
GS-004055,price_sensitive,Home,Monthly,340.862230839416,18.5,0,0.7316260413452642,233.9
GS-004056,standard,Travel,Annual,1027.226901504788,29.3,0,0.9291341574190161,895.18
GS-004057,loyal,Pet,Monthly,1146.2717070895524,44.5,0,0.9814241486068109,1055.14
GS-004058,standard,Pet,Monthly,616.949240419708,36.2,0,0.9235855666491501,534.43
GS-004059,standard,Home,Monthly,560.4632390510949,27.6,0,0.9291341574190161,488.42
GS-004060,price_sensitive,Travel,Monthly,796.7699101796408,12.0,1,0.7316260413452642,546.75
GS-004061,standard,Home,Monthly,777.1630406771096,72.0,1,0.1,72.89
GS-004062,loyal,Motor,Monthly,1047.8600000000001,5.9,0,0.9557021677662589,939.28
GS-004063,standard,Motor,Annual,792.3784707009858,72.0,1,0.1,74.32
GS-004064,price_sensitive,Home,Monthly,298.7984715025907,19.1,0,0.7316260413452642,205.04
GS-004065,price_sensitive,Motor,Monthly,251.06,3.4,0,0.5450425521448253,128.34
GS-004066,price_sensitive,Motor,Monthly,618.4551146131806,23.9,1,0.7250996015936263,420.6
GS-004067,loyal,Home,Monthly,817.6976582278481,13.5,0,0.9872773536895676,757.18
GS-004068,price_sensitive,Motor,Annual,621.22,12.0,1,0.7316260413452642,426.29
GS-004069,loyal,Motor,Monthly,550.8209643665158,29.7,0,0.9666170727171273,499.38
GS-004070,standard,Home,Monthly,913.8575,48.2,0,0.942307692307692,807.68
GS-004071,price_sensitive,Travel,Monthly,499.8618880597015,33.0,0,0.7440728887727786,348.85
GS-004072,standard,Home,Monthly,512.5069004524887,29.9,0,0.9291341574190161,446.63
GS-004073,standard,Home,Monthly,659.247261904762,31.8,0,0.9291341574190161,574.51
GS-004074,standard,Home,Monthly,441.87673509075194,38.5,0,0.9235855666491501,382.78
GS-004075,standard,Home,Monthly,158.96,1.1,0,0.8455980328358912,126.07
GS-004076,loyal,Pet,Annual,864.8019246575343,15.2,0,0.9872773536895676,800.8
GS-004077,loyal,Motor,Annual,4104.98,9.8,0,0.9557021677662589,3679.6
GS-004078,standard,Home,Annual,1316.3570081967214,22.9,0,0.9218210586139648,1138.12
GS-004079,loyal,Life,Monthly,607.7595984455959,19.4,0,0.9872773536895676,562.78
GS-004080,price_sensitive,Motor,Monthly,408.14354698905106,48.0,1,0.1,38.28
GS-004081,standard,Home,Monthly,636.2407245632066,32.0,0,0.9291341574190161,554.46
GS-004082,standard,Home,Annual,1057.5120574817518,38.3,0,0.9235855666491501,916.07
GS-004083,price_sensitive,Life,Monthly,638.6983258928572,12.0,1,0.7316260413452642,438.28
GS-004084,standard,Motor,Monthly,713.3175000000001,16.9,0,0.9218210586139648,616.73
GS-004085,loyal,Motor,Monthly,980.6562591240875,18.3,0,0.9872773536895676,908.08
GS-004086,standard,Travel,Annual,955.9618932481751,43.5,0,0.9235855666491501,828.1
GS-004087,standard,Motor,Monthly,1842.9531403940885,20.6,0,0.9218210586139648,1593.41
GS-004088,standard,Motor,Monthly,632.7481970149254,55.9,0,0.942307692307692,559.23
GS-004089,standard,Motor,Monthly,941.7059746891651,37.5,0,0.9235855666491501,815.75
GS-004090,standard,Home,Annual,1035.4,1.5,0,0.8455980328358912,821.18
GS-004091,standard,Motor,Monthly,568.3106993736952,71.9,1,0.1,53.3
GS-004092,standard,Life,Monthly,640.715324472244,42.4,0,0.9235855666491501,555.02
GS-004093,loyal,Motor,Monthly,542.2013300492611,40.1,0,0.9814241486068109,499.1
GS-004094,price_sensitive,Motor,Annual,800.7357786885246,22.1,0,0.7316260413452642,549.47
GS-004095,standard,Life,Monthly,465.4892664092664,17.6,0,0.9218210586139648,402.46
GS-004096,loyal,Pet,Monthly,773.3823933566433,47.9,0,0.9719873779471303,705.05
GS-004097,price_sensitive,Life,Annual,799.54,12.0,1,0.7316260413452642,548.65
GS-004098,standard,Travel,Monthly,623.6943725361367,50.3,0,0.942307692307692,551.23
GS-004099,loyal,Life,Monthly,952.3593227848103,13.9,0,0.9872773536895676,881.88
GS-004100,loyal,Home,Annual,809.8485629562043,42.9,0,0.9814241486068109,745.47
GS-004101,standard,Motor,Monthly,423.70090298507466,12.0,1,0.9218210586139648,366.33
GS-004102,loyal,Motor,Monthly,374.9479470752089,59.6,0,0.9615384615384621,338.15
GS-004103,loyal,Home,Monthly,793.1612351831897,61.1,0,1.0,743.92
GS-004104,price_sensitive,Travel,Monthly,571.5528028169014,36.0,1,0.1,53.61
GS-004105,standard,Home,Monthly,551.585625,72.0,1,0.1,51.73
GS-004106,standard,Home,Monthly,638.1453881118881,48.0,1,0.942307692307692,564.0
GS-004107,standard,Home,Annual,642.9597540983607,22.7,0,0.9218210586139648,555.9
GS-004108,price_sensitive,Motor,Monthly,315.58285915492957,36.0,1,0.1,29.6
GS-004109,price_sensitive,Motor,Monthly,347.12923880597015,12.0,1,0.7316260413452642,238.2
GS-004110,price_sensitive,Motor,Annual,1611.6,12.0,1,0.7316260413452642,1105.89
GS-004111,price_sensitive,Motor,Monthly,453.36395357142857,24.0,1,0.7440728887727786,316.4
GS-004112,price_sensitive,Motor,Monthly,452.452798951049,48.0,1,0.1,42.44
GS-004113,loyal,Travel,Monthly,922.1820585937501,21.6,0,0.9872773536895676,853.93
GS-004114,standard,Home,Annual,1573.0944251824815,47.5,0,0.9235855666491501,1362.7
GS-004115,standard,Life,Annual,1010.7625,51.7,0,0.942307692307692,893.32
GS-004116,standard,Travel,Annual,2956.64,12.0,1,0.9218210586139648,2556.3
GS-004117,standard,Motor,Monthly,747.696534334764,24.0,1,0.9291341574190161,651.58
GS-004118,loyal,Motor,Monthly,991.0781292517008,58.6,0,0.9615384615384621,893.8
GS-004119,standard,Travel,Annual,480.68,51.1,0,0.942307692307692,424.83
GS-004120,standard,Pet,Monthly,929.0626501200961,41.9,0,0.9235855666491501,804.8
GS-004121,loyal,Motor,Monthly,496.5375273522976,45.7,0,0.9814241486068109,457.06
GS-004122,standard,Home,Monthly,637.8246268656717,12.0,1,0.9218210586139648,551.46
GS-004123,loyal,Motor,Monthly,1019.4358670886077,13.2,0,0.9872773536895676,943.99
GS-004124,standard,Motor,Annual,618.558676067908,72.0,1,0.1,58.02
GS-004125,standard,Home,Monthly,692.7774590163935,8.2,0,0.8455980328358912,549.45
GS-004126,price_sensitive,Life,Monthly,420.5172313432836,12.0,1,0.7316260413452642,288.56
GS-004127,loyal,Travel,Monthly,644.9625000000001,16.8,0,0.9872773536895676,597.23
GS-004128,loyal,Motor,Monthly,401.3166747104247,17.9,0,0.9872773536895676,371.62
GS-004129,standard,Motor,Monthly,858.4572540983607,6.4,0,0.8455980328358912,680.85
GS-004130,price_sensitive,Motor,Monthly,429.89050149700597,12.0,1,0.7316260413452642,294.99
GS-004131,standard,Travel,Monthly,1636.9613616071429,12.0,1,0.9218210586139648,1415.31
GS-004132,standard,Home,Monthly,937.8311641791045,12.0,1,0.9218210586139648,810.85
GS-004133,standard,Travel,Monthly,1074.2571259124088,27.9,0,0.9291341574190161,936.17
GS-004134,standard,Pet,Monthly,1059.3748461538462,32.4,0,0.9291341574190161,923.2
GS-004135,standard,Motor,Monthly,1403.2293495475112,29.5,0,0.9291341574190161,1222.85
GS-004136,loyal,Home,Annual,2479.28,3.0,0,0.9557021677662589,2222.37
GS-004137,standard,Motor,Monthly,802.2925819672132,6.6,0,0.8455980328358912,636.3
GS-004138,loyal,Home,Monthly,1659.7237405063292,13.1,0,0.9872773536895676,1536.89
GS-004139,standard,Travel,Monthly,512.683125,72.0,1,0.1,48.09
GS-004140,loyal,Motor,Monthly,1321.0675676982592,34.1,0,0.9666170727171273,1197.7
GS-004141,standard,Motor,Monthly,779.86011328125,21.1,0,0.9218210586139648,674.26
GS-004142,loyal,Motor,Annual,2342.1030821917807,17.5,0,0.9872773536895676,2168.76
GS-004143,price_sensitive,Motor,Monthly,443.78,5.9,0,0.5450425521448253,226.86
GS-004144,price_sensitive,Pet,Monthly,473.8318932481751,18.3,0,0.7316260413452642,325.15
GS-004145,loyal,Motor,Monthly,846.4717406749555,37.8,0,0.9814241486068109,779.18
GS-004146,price_sensitive,Life,Monthly,413.6292705223881,48.0,1,0.1,38.8
GS-004147,standard,Motor,Monthly,698.46,3.2,0,0.8455980328358912,553.95
GS-004148,standard,Life,Monthly,704.2210802238807,44.7,0,0.9235855666491501,610.03
GS-004149,price_sensitive,Pet,Monthly,347.66550898203593,12.0,1,0.7316260413452642,238.57
GS-004150,standard,Motor,Monthly,396.23827380952383,58.7,0,0.942307692307692,350.2
GS-004151,standard,Travel,Annual,599.7875,48.4,0,0.942307692307692,530.1
GS-004152,price_sensitive,Motor,Monthly,632.2528583916084,48.0,1,0.1,59.3
GS-004153,standard,Travel,Monthly,563.5020134730538,11.2,0,0.8455980328358912,446.92
GS-004154,loyal,Motor,Monthly,1556.251601277372,18.5,0,0.9872773536895676,1441.07
GS-004155,standard,Life,Monthly,580.1479103967168,24.3,0,0.9291341574190161,505.57
GS-004156,standard,Travel,Monthly,436.5221414170507,57.2,0,0.942307692307692,385.8
GS-004157,standard,Motor,Monthly,439.82641791044773,12.0,1,0.9218210586139648,380.27
GS-004158,standard,Life,Monthly,325.54086232604374,33.2,0,0.9291341574190161,283.69
GS-004159,price_sensitive,Life,Monthly,540.5231062767475,24.0,1,0.7440728887727786,377.22
GS-004160,standard,Pet,Monthly,620.7810591133004,20.8,0,0.9218210586139648,536.73
GS-004161,price_sensitive,Motor,Monthly,419.469697309417,47.9,1,0.1,39.34
GS-004162,loyal,Motor,Monthly,1514.7217922077923,38.0,0,0.9814241486068109,1394.3
GS-004163,standard,Motor,Annual,566.4922571819426,28.8,0,0.9291341574190161,493.67
GS-004164,standard,Home,Monthly,542.3225448430493,22.7,0,0.9218210586139648,468.89
GS-004165,loyal,Motor,Monthly,622.1294885496184,43.4,0,0.9814241486068109,572.67
GS-004166,loyal,Motor,Monthly,619.2620460766423,36.7,0,0.9814241486068109,570.03
GS-004167,standard,Life,Monthly,912.735799180328,12.0,1,0.9218210586139648,789.15
GS-004168,standard,Life,Annual,1492.2785909712723,25.1,0,0.9291341574190161,1300.46
GS-004169,loyal,Home,Monthly,913.0225934579441,7.4,0,0.9557021677662589,818.41
GS-004170,standard,Motor,Monthly,1086.1557570422535,14.6,0,0.9218210586139648,939.09
GS-004171,standard,Motor,Monthly,717.7176778733385,42.9,0,0.9235855666491501,621.72
GS-004172,price_sensitive,Life,Monthly,459.7039929577465,35.7,0,0.7440728887727786,320.82
GS-004173,standard,Motor,Monthly,598.6278251121076,22.8,0,0.9218210586139648,517.57
GS-004174,standard,Travel,Monthly,491.4490928571429,24.0,1,0.9291341574190161,428.28
GS-004175,standard,Motor,Monthly,1044.615,22.1,0,0.9218210586139648,903.17
GS-004176,standard,Travel,Monthly,533.3376080380294,38.9,0,0.9235855666491501,462.0
GS-004177,standard,Motor,Monthly,642.3342692307692,71.9,1,0.1,60.25
GS-004178,standard,Travel,Monthly,433.1165119760479,11.9,0,0.8477989003090736,344.4
GS-004179,price_sensitive,Motor,Annual,629.3007328767123,24.0,1,0.7440728887727786,439.18
GS-004180,standard,Home,Monthly,718.6618972602739,12.3,0,0.9218210586139648,621.35
GS-004181,loyal,Home,Monthly,1231.727357142857,24.0,1,0.9666170727171273,1116.7
GS-004182,standard,Home,Monthly,843.869689781022,27.5,0,0.9291341574190161,735.4
GS-004183,standard,Pet,Monthly,389.5362332521315,27.0,0,0.9291341574190161,339.46
GS-004184,standard,Motor,Monthly,778.5834120171673,24.0,1,0.9291341574190161,678.5
GS-004185,price_sensitive,Travel,Annual,1102.314493150685,17.6,0,0.7316260413452642,756.42
GS-004186,price_sensitive,Life,Monthly,233.6631534090909,26.9,0,0.7440728887727786,163.07
GS-004187,standard,Motor,Monthly,1035.137257489301,24.0,1,0.9291341574190161,902.08
GS-004188,standard,Home,Monthly,284.48,3.9,0,0.8455980328358912,225.62
GS-004189,loyal,Motor,Annual,912.6275,52.3,0,0.9615384615384621,823.05
GS-004190,price_sensitive,Travel,Monthly,229.94,4.6,0,0.5450425521448253,117.55
GS-004191,price_sensitive,Pet,Annual,787.2,12.0,1,0.7316260413452642,540.18
GS-004192,loyal,Home,Annual,1613.0975,57.6,0,0.9615384615384621,1454.77
GS-004193,standard,Home,Monthly,218.12,1.6,0,0.8455980328358912,172.99
GS-004194,standard,Motor,Annual,1066.6735626142597,39.0,0,0.9235855666491501,924.01
GS-004195,standard,Motor,Monthly,904.1083592375367,56.4,0,0.942307692307692,799.06
GS-004196,standard,Travel,Monthly,467.4791614255765,48.0,1,0.942307692307692,413.16
GS-004197,standard,Motor,Monthly,483.3961372422681,51.7,0,0.942307692307692,427.23
GS-004198,price_sensitive,Life,Monthly,336.20833802816907,36.0,1,0.1,31.53
GS-004199,standard,Home,Monthly,808.2550035663338,24.0,1,0.9291341574190161,704.36
GS-004200,price_sensitive,Life,Annual,878.8215205479452,14.8,0,0.7316260413452642,603.06
GS-004201,standard,Travel,Monthly,810.0357964285715,24.0,1,0.9291341574190161,705.91
GS-004202,loyal,Pet,Monthly,691.3176422155688,11.8,0,0.9557021677662589,619.68
GS-004203,price_sensitive,Motor,Monthly,781.5589062500001,12.0,1,0.7316260413452642,536.31
GS-004204,standard,Motor,Annual,1178.72,12.0,1,0.9218210586139648,1019.12
GS-004205,standard,Motor,Monthly,1056.3327488687783,29.6,0,0.9291341574190161,920.55
GS-004206,standard,Motor,Monthly,1120.1834576612905,57.6,0,0.942307692307692,990.03
GS-004207,price_sensitive,Motor,Annual,575.98,12.0,1,0.7316260413452642,395.24
GS-004208,standard,Pet,Monthly,746.8264195804196,48.0,1,0.942307692307692,660.05
GS-004209,loyal,Motor,Monthly,496.08,1.7,0,0.9557021677662589,444.67
GS-004210,price_sensitive,Pet,Annual,549.18,11.5,0,0.5450425521448253,280.75
GS-004211,price_sensitive,Home,Monthly,474.0617314004376,30.1,0,0.7440728887727786,330.84
GS-004212,standard,Travel,Monthly,663.2567949069003,72.0,1,0.1,62.21
GS-004213,price_sensitive,Travel,Monthly,136.98000000000002,12.0,1,0.7316260413452642,94.0
GS-004214,standard,Pet,Monthly,614.0900212585034,58.6,0,0.942307692307692,542.74
GS-004215,standard,Travel,Annual,604.1914534883721,32.3,0,0.9291341574190161,526.53
GS-004216,standard,Pet,Annual,825.1946669407895,71.9,1,0.1,77.4
GS-004217,standard,Home,Monthly,611.7777302631579,15.3,0,0.9218210586139648,528.94
GS-004218,price_sensitive,Travel,Annual,883.1444794520547,36.0,1,0.1,82.83
GS-004219,standard,Motor,Monthly,497.0696205007825,72.0,1,0.1,46.62
GS-004220,price_sensitive,Pet,Monthly,337.34926119402985,12.0,1,0.7316260413452642,231.49
GS-004221,standard,Motor,Monthly,745.4128520371694,46.2,0,0.9235855666491501,645.72
GS-004222,standard,Motor,Monthly,328.3650821167883,18.9,0,0.9218210586139648,283.9
GS-004223,standard,Home,Monthly,871.6938366336634,10.5,0,0.8455980328358912,691.35
GS-004224,loyal,Home,Annual,901.1132216142271,36.0,1,0.9814241486068109,829.48
GS-004225,standard,Motor,Monthly,833.3622972972973,17.6,0,0.9218210586139648,720.52
GS-004226,standard,Motor,Annual,346.84348028477547,72.0,1,0.1,32.53
GS-004227,standard,Motor,Monthly,657.6666958541816,46.0,0,0.9235855666491501,569.71
GS-004228,standard,Travel,Monthly,504.04499999999996,52.0,0,0.942307692307692,445.48
GS-004229,standard,Pet,Monthly,300.583966083151,30.4,0,0.9291341574190161,261.95
GS-004230,loyal,Motor,Annual,1349.7061764705884,30.1,0,0.9666170727171273,1223.66
GS-004231,standard,Pet,Monthly,912.7110010060362,49.2,0,0.942307692307692,806.67
GS-004232,price_sensitive,Home,Monthly,758.8419706498952,48.0,1,0.1,71.17
GS-004233,standard,Motor,Monthly,1270.5428025064823,38.8,0,0.9235855666491501,1100.61
GS-004234,standard,Life,Annual,974.7809329379562,39.4,0,0.9235855666491501,844.41
GS-004235,loyal,Home,Monthly,831.8632201516108,52.1,0,0.9615384615384621,750.22
GS-004236,standard,Life,Monthly,562.8993134328358,12.0,1,0.9218210586139648,486.68
GS-004237,price_sensitive,Home,Monthly,1205.533400900901,12.0,1,0.7316260413452642,827.25
GS-004238,standard,Home,Monthly,469.59108372456967,72.0,1,0.1,44.04
GS-004239,standard,Home,Monthly,482.3579681069959,47.9,0,0.9246702238031718,418.33
GS-004240,standard,Home,Monthly,440.76,12.0,1,0.9218210586139648,381.08
GS-004241,standard,Motor,Monthly,593.2724459567654,41.1,0,0.9235855666491501,513.92
GS-004242,price_sensitive,Motor,Monthly,461.22199766355146,12.0,1,0.7316260413452642,316.49
GS-004243,standard,Motor,Annual,626.591121751026,35.2,0,0.9291341574190161,546.05
GS-004244,price_sensitive,Life,Annual,1848.3951575342467,24.0,1,0.7440728887727786,1289.96
GS-004245,price_sensitive,Home,Monthly,512.3759831460674,48.0,1,0.1,48.06
GS-004246,standard,Pet,Monthly,222.24,1.5,0,0.8455980328358912,176.26
GS-004247,standard,Travel,Monthly,377.94,4.0,0,0.8455980328358912,299.75
GS-004248,standard,Motor,Monthly,1074.2452708747514,33.6,0,0.9291341574190161,936.16
GS-004249,standard,Home,Monthly,1124.7324195137978,50.9,0,0.942307692307692,994.05
GS-004250,standard,Home,Monthly,648.6278876244666,24.0,1,0.9291341574190161,565.25
GS-004251,standard,Motor,Monthly,163.18,1.5,0,0.8455980328358912,129.42
GS-004252,standard,Motor,Monthly,1243.1950476190477,31.1,0,0.9291341574190161,1083.39
GS-004253,standard,Home,Monthly,780.4861424332345,12.0,1,0.9218210586139648,674.81
GS-004254,standard,Motor,Annual,2233.54,1.9,0,0.8455980328358912,1771.43
GS-004255,standard,Motor,Monthly,519.6312442396314,57.6,0,0.942307692307692,459.26
GS-004256,standard,Motor,Monthly,713.3059925373134,12.0,1,0.9218210586139648,616.72
GS-004257,loyal,Motor,Monthly,524.4231240063593,62.1,0,1.0,491.87
GS-004258,price_sensitive,Life,Monthly,449.44412408759126,27.9,0,0.7440728887727786,313.66
GS-004259,standard,Pet,Monthly,407.40000000000003,72.0,1,0.1,38.21
GS-004260,standard,Motor,Annual,1036.4455916552668,26.9,0,0.9291341574190161,903.22
GS-004261,standard,Home,Annual,884.5745417236661,32.1,0,0.9291341574190161,770.87
GS-004262,loyal,Home,Annual,800.675,50.1,0,0.9615384615384621,722.09
GS-004263,loyal,Motor,Monthly,350.8150728383459,36.0,1,0.9814241486068109,322.93
GS-004264,loyal,Home,Annual,909.8125465498356,62.2,0,1.0,853.33
GS-004265,standard,Travel,Monthly,677.8018407750633,39.6,0,0.9235855666491501,587.15
GS-004266,standard,Life,Monthly,611.3138594890511,27.1,0,0.9291341574190161,532.73
GS-004267,price_sensitive,Life,Annual,915.9,12.0,1,0.7316260413452642,628.5
GS-004268,price_sensitive,Life,Monthly,668.3022237790232,48.0,1,0.1,62.68
GS-004269,price_sensitive,Pet,Monthly,565.3306791044776,12.0,1,0.7316260413452642,387.93
GS-004270,price_sensitive,Home,Annual,643.0098837209302,25.3,0,0.7440728887727786,448.75
GS-004271,standard,Motor,Monthly,749.503006849315,12.1,0,0.9218210586139648,648.02
GS-004272,standard,Pet,Monthly,875.798948692153,49.2,0,0.942307692307692,774.04
GS-004273,loyal,Home,Monthly,684.3363393903869,28.1,0,0.9666170727171273,620.43
GS-004274,standard,Home,Annual,425.80618385036496,47.3,0,0.9235855666491501,368.86
GS-004275,standard,Life,Monthly,845.9130122950821,8.3,0,0.8455980328358912,670.9
GS-004276,standard,Pet,Monthly,517.1564595619209,39.5,0,0.9235855666491501,447.99
GS-004277,standard,Motor,Monthly,715.3642613636364,26.6,0,0.9291341574190161,623.41
GS-004278,loyal,Motor,Annual,3072.6531164383564,19.7,0,0.9872773536895676,2845.25
GS-004279,loyal,Motor,Annual,3549.1231818181823,14.0,0,0.9872773536895676,3286.45
GS-004280,standard,Life,Monthly,855.3874038461538,47.5,0,0.9235855666491501,740.98
GS-004281,price_sensitive,Motor,Monthly,476.94065573770496,6.6,0,0.5450425521448253,243.82
GS-004282,standard,Life,Monthly,296.46000000000004,2.0,0,0.8455980328358912,235.12
GS-004283,standard,Motor,Annual,1379.3641232876712,36.0,1,0.9235855666491501,1194.88
GS-004284,standard,Pet,Monthly,858.33,48.3,0,0.942307692307692,758.6
GS-004285,loyal,Motor,Monthly,1235.2929447761194,55.1,0,0.9615384615384621,1114.05
GS-004286,price_sensitive,Motor,Monthly,357.8,2.9,0,0.5450425521448253,182.91
GS-004287,standard,Travel,Monthly,484.9417891682785,34.6,0,0.9291341574190161,422.61
GS-004288,standard,Motor,Annual,789.954305745554,26.1,0,0.9291341574190161,688.41
GS-004289,loyal,Motor,Monthly,928.2140163934426,6.8,0,0.9557021677662589,832.03
GS-004290,loyal,Motor,Annual,1520.62,7.2,0,0.9557021677662589,1363.05
GS-004291,loyal,Travel,Monthly,1370.2293750000001,64.1,0,1.0,1285.17
GS-004292,standard,Home,Annual,1020.0,2.1,0,0.8455980328358912,808.97
GS-004293,standard,Motor,Monthly,798.9575559440559,47.0,0,0.9235855666491501,692.1
GS-004294,loyal,Pet,Monthly,669.8747659042173,46.2,0,0.9814241486068109,616.62
GS-004295,price_sensitive,Motor,Annual,1438.76,12.0,1,0.7316260413452642,987.29
GS-004296,standard,Life,Monthly,387.12,3.1,0,0.8455980328358912,307.03
GS-004297,loyal,Motor,Monthly,1265.6590821428572,23.8,0,0.9872773536895676,1171.99
GS-004298,price_sensitive,Home,Monthly,335.61893317702226,28.9,0,0.7440728887727786,234.22
GS-004299,loyal,Travel,Annual,2466.588287671233,16.5,0,0.9872773536895676,2284.04
GS-004300,standard,Motor,Monthly,610.9378656716418,12.0,1,0.9218210586139648,528.22
GS-004301,price_sensitive,Home,Monthly,475.3265373134328,12.0,1,0.7316260413452642,326.17
GS-004302,price_sensitive,Home,Annual,549.96,12.0,1,0.7316260413452642,377.39
GS-004303,standard,Travel,Monthly,433.7168630136986,12.5,0,0.9218210586139648,374.99
GS-004304,standard,Home,Monthly,617.3801979780961,39.4,0,0.9235855666491501,534.81
GS-004305,loyal,Home,Monthly,1588.2179240766075,24.3,0,0.9666170727171273,1439.9
GS-004306,price_sensitive,Motor,Annual,1013.96,11.4,0,0.5450425521448253,518.34
GS-004307,standard,Motor,Annual,1539.46,4.4,0,0.8455980328358912,1220.95
GS-004308,loyal,Travel,Monthly,1004.1206359906215,28.2,0,0.9666170727171273,910.35
GS-004309,loyal,Motor,Monthly,145.12,1.2,0,0.9557021677662589,130.08
GS-004310,loyal,Pet,Monthly,478.64,3.3,0,0.9557021677662589,429.04
GS-004311,loyal,Pet,Monthly,1538.2793608287725,42.8,0,0.9814241486068109,1415.99
GS-004312,price_sensitive,Motor,Annual,498.0,12.0,1,0.7316260413452642,341.73
GS-004313,standard,Home,Monthly,734.5186970613656,38.3,0,0.9235855666491501,636.28
GS-004314,price_sensitive,Motor,Annual,309.2694388686131,48.0,1,0.1,29.01
GS-004315,standard,Home,Monthly,970.0469296875001,21.8,0,0.9218210586139648,838.7
GS-004316,price_sensitive,Motor,Monthly,61.480000000000004,12.0,1,0.7316260413452642,42.19
GS-004317,standard,Motor,Monthly,1052.475499502982,33.7,0,0.9291341574190161,917.19
GS-004318,standard,Motor,Monthly,1218.3607293035482,25.3,0,0.9291341574190161,1061.75
GS-004319,price_sensitive,Home,Monthly,886.1791981132075,48.0,1,0.1,83.12
GS-004320,price_sensitive,Home,Annual,789.9233653846154,35.9,1,0.7049180327868848,522.26
GS-004321,standard,Home,Monthly,430.0369672131148,6.7,0,0.8455980328358912,341.06
GS-004322,standard,Travel,Monthly,1033.027492063492,31.2,0,0.9291341574190161,900.24
GS-004323,price_sensitive,Travel,Annual,901.52,10.8,0,0.5450425521448253,460.86
GS-004324,standard,Motor,Monthly,800.6144914651494,24.0,1,0.9291341574190161,697.7
GS-004325,price_sensitive,Pet,Annual,1683.22,1.0,0,0.5450425521448253,860.48
GS-004326,standard,Home,Monthly,733.0681640625,21.5,0,0.9218210586139648,633.81
GS-004327,loyal,Pet,Monthly,1390.8912871287127,10.8,0,0.9557021677662589,1246.76
GS-004328,standard,Home,Monthly,489.63125373134324,12.0,1,0.9218210586139648,423.33
GS-004329,standard,Home,Monthly,793.6937014925373,12.0,1,0.9218210586139648,686.23
GS-004330,standard,Life,Monthly,500.496078358209,44.6,0,0.9235855666491501,433.56
GS-004331,loyal,Travel,Monthly,1353.4893664965987,58.8,0,0.9615384615384621,1220.64
GS-004332,standard,Travel,Monthly,696.270123094959,28.8,0,0.9291341574190161,606.77
GS-004333,standard,Motor,Monthly,698.7173435054773,72.0,1,0.1,65.53
GS-004334,standard,Pet,Monthly,478.26878571428574,24.0,1,0.9291341574190161,416.79
GS-004335,standard,Home,Monthly,408.5067974452555,27.3,0,0.9291341574190161,356.0
GS-004336,loyal,Motor,Monthly,532.2619253731343,44.6,0,0.9814241486068109,489.95
GS-004337,loyal,Motor,Annual,1989.13148630137,24.0,1,0.9666170727171273,1803.37
GS-004338,price_sensitive,Motor,Monthly,322.398256993007,48.0,1,0.1,30.24
GS-004339,price_sensitive,Home,Annual,1219.88,12.0,1,0.7316260413452642,837.09
GS-004340,standard,Motor,Monthly,623.563194254446,24.5,0,0.9291341574190161,543.41
GS-004341,loyal,Travel,Monthly,807.066332236842,15.1,0,0.9872773536895676,747.34
GS-004342,loyal,Pet,Monthly,654.4697655334115,28.4,0,0.9666170727171273,593.35
GS-004343,standard,Motor,Monthly,465.2805109489051,18.2,0,0.9218210586139648,402.28
GS-004344,loyal,Motor,Monthly,458.46180000000004,23.1,0,0.9872773536895676,424.53
GS-004345,standard,Home,Monthly,448.4715864332604,45.6,0,0.9235855666491501,388.49
GS-004346,standard,Motor,Annual,2464.46,3.5,0,0.8455980328358912,1954.58
GS-004347,standard,Motor,Annual,713.5317191780823,48.0,1,0.942307692307692,630.63
GS-004348,loyal,Home,Monthly,396.02,2.3,0,0.9557021677662589,354.98
GS-004349,loyal,Motor,Monthly,534.4880090497737,29.1,0,0.9666170727171273,484.57
GS-004350,loyal,Motor,Monthly,790.5389265734266,47.4,0,0.9814241486068109,727.69
GS-004351,loyal,Home,Monthly,596.915805984556,17.9,0,0.9872773536895676,552.74
GS-004352,price_sensitive,Travel,Monthly,506.5526865671642,12.0,1,0.7316260413452642,347.6
GS-004353,price_sensitive,Life,Monthly,265.22,2.2,0,0.5450425521448253,135.58
GS-004354,standard,Pet,Monthly,423.00105538922156,12.0,1,0.9218210586139648,365.73
GS-004355,loyal,Motor,Monthly,1130.5734809922683,51.5,0,0.9615384615384621,1019.61
GS-004356,standard,Pet,Annual,785.62,12.0,1,0.9218210586139648,679.24
GS-004357,price_sensitive,Travel,Monthly,429.50129104477605,12.0,1,0.7316260413452642,294.73
GS-004358,loyal,Motor,Annual,1738.769876880985,32.6,0,0.9666170727171273,1576.39
GS-004359,standard,Motor,Monthly,1461.8906342364533,40.9,0,0.9235855666491501,1266.37
GS-004360,standard,Motor,Monthly,371.133537371134,51.2,0,0.942307692307692,328.01
GS-004361,standard,Life,Monthly,966.118187599364,72.0,1,0.1,90.61
GS-004362,price_sensitive,Life,Annual,634.6556019151845,34.2,0,0.7440728887727786,442.92
GS-004363,standard,Motor,Monthly,705.3032014925373,12.0,1,0.9218210586139648,609.8
GS-004364,price_sensitive,Motor,Monthly,340.6843285714286,24.0,1,0.7440728887727786,237.76
GS-004365,standard,Pet,Monthly,917.5158449147187,52.0,0,0.942307692307692,810.91
GS-004366,price_sensitive,Travel,Monthly,672.896320093458,7.6,0,0.5450425521448253,343.99
GS-004367,loyal,Motor,Monthly,686.875533411489,28.1,0,0.9666170727171273,622.73
GS-004368,loyal,Home,Monthly,1218.99193647541,8.6,0,0.9557021677662589,1092.67
GS-004369,loyal,Home,Annual,614.9675,49.9,0,0.9615384615384621,554.61
GS-004370,standard,Home,Annual,1230.87248630137,18.9,0,0.9218210586139648,1064.21
GS-004371,price_sensitive,Travel,Monthly,401.4280440414508,19.3,0,0.7316260413452642,275.46
GS-004372,standard,Home,Annual,1630.990942622951,23.8,0,0.9218210586139648,1410.15
GS-004373,price_sensitive,Pet,Monthly,896.4591017964071,11.6,0,0.5450425521448253,458.28
GS-004374,standard,Home,Monthly,953.6674057492932,35.9,1,0.926048510999967,828.32
GS-004375,standard,Home,Annual,1202.3,9.4,0,0.8455980328358912,953.55
GS-004376,standard,Home,Monthly,490.47,72.0,1,0.1,46.0
GS-004377,standard,Life,Monthly,468.0230389221557,12.0,1,0.9218210586139648,404.65
GS-004378,loyal,Travel,Monthly,1109.7013524590163,6.9,0,0.9557021677662589,994.71
GS-004379,standard,Home,Annual,1079.5503626824816,44.3,0,0.9235855666491501,935.16
GS-004380,loyal,Motor,Monthly,902.8353857142857,24.0,1,0.9666170727171273,818.52
GS-004381,price_sensitive,Life,Monthly,421.372954928391,48.0,1,0.1,39.52
GS-004382,standard,Pet,Annual,931.2875683994528,31.5,0,0.9291341574190161,811.58
GS-004383,loyal,Home,Monthly,549.829592453917,57.5,0,0.9615384615384621,495.86
GS-004384,price_sensitive,Travel,Monthly,476.20783950617283,24.0,0,0.7440728887727786,332.34
GS-004385,loyal,Motor,Monthly,790.7115718562874,11.0,0,0.9557021677662589,708.77
GS-004386,loyal,Motor,Monthly,842.6964879649892,30.5,0,0.9666170727171273,764.0
GS-004387,loyal,Travel,Monthly,1086.5289344262296,6.1,0,0.9557021677662589,973.94
GS-004388,price_sensitive,Pet,Monthly,625.2061201780416,12.0,1,0.7316260413452642,429.02
GS-004389,standard,Motor,Monthly,675.5598582089552,12.0,1,0.9218210586139648,584.09
GS-004390,loyal,Home,Monthly,1229.5510363636363,9.6,0,0.9557021677662589,1102.14
GS-004391,loyal,Motor,Annual,1731.641585310219,43.4,0,0.9814241486068109,1593.98
GS-004392,price_sensitive,Home,Monthly,361.9470792079208,12.0,1,0.7316260413452642,248.37
GS-004393,standard,Travel,Monthly,1141.5431802864366,39.5,0,0.9235855666491501,988.86
GS-004394,standard,Travel,Monthly,199.6,1.7,0,0.8455980328358912,158.3
GS-004395,loyal,Motor,Monthly,914.5576823258871,50.7,0,0.9615384615384621,824.79
GS-004396,standard,Life,Monthly,442.86,4.5,0,0.8455980328358912,351.23
GS-004397,standard,Motor,Monthly,945.680840807175,22.2,0,0.9218210586139648,817.63
GS-004398,standard,Home,Monthly,626.5357887323944,35.5,0,0.9291341574190161,546.0
GS-004399,loyal,Pet,Monthly,548.1790181711607,28.5,0,0.9666170727171273,496.99
GS-004400,price_sensitive,Motor,Monthly,417.3651645569621,13.4,0,0.7316260413452642,286.4
GS-004401,standard,Motor,Monthly,390.40067118226597,40.0,0,0.9235855666491501,338.19
GS-004402,standard,Motor,Monthly,527.8612192118227,40.7,0,0.9235855666491501,457.26
GS-004403,standard,Travel,Annual,695.1741792065664,35.9,0,0.926048510999967,603.8
GS-004404,price_sensitive,Life,Annual,1342.4,12.0,1,0.7316260413452642,921.17
GS-004405,standard,Life,Monthly,907.2841104014599,54.2,0,0.942307692307692,801.87
GS-004406,loyal,Motor,Annual,1305.26,2.1,0,0.9557021677662589,1170.0
GS-004407,loyal,Travel,Monthly,1238.1208508211678,36.5,0,0.9814241486068109,1139.69
GS-004408,price_sensitive,Motor,Monthly,544.2396801505174,35.9,1,0.7049180327868848,359.83
GS-004409,standard,Life,Monthly,927.5995292439371,24.0,1,0.9291341574190161,808.36
GS-004410,standard,Home,Annual,1396.28,5.0,0,0.8455980328358912,1107.4
GS-004411,standard,Motor,Monthly,623.1708479212255,45.2,0,0.9235855666491501,539.82
GS-004412,standard,Motor,Monthly,359.4605149253731,12.0,1,0.9218210586139648,310.79
GS-004413,price_sensitive,Motor,Monthly,454.1894685628742,12.0,1,0.7316260413452642,311.67
GS-004414,price_sensitive,Travel,Annual,472.4016586867305,32.6,0,0.7440728887727786,329.68
GS-004415,standard,Motor,Monthly,641.2118808962264,14.0,0,0.9218210586139648,554.39
GS-004416,price_sensitive,Travel,Monthly,756.3075214285715,24.0,1,0.7440728887727786,527.81
GS-004417,loyal,Home,Monthly,1133.2629713114754,8.8,0,0.9557021677662589,1015.83
GS-004418,loyal,Motor,Monthly,837.8222604790419,11.5,0,0.9557021677662589,751.0
GS-004419,standard,Pet,Annual,819.6302012595838,72.0,1,0.1,76.88
GS-004420,standard,Motor,Annual,1144.0075,49.1,0,0.942307692307692,1011.09
GS-004421,standard,Travel,Monthly,714.4969844890511,18.2,0,0.9218210586139648,617.75
GS-004422,price_sensitive,Motor,Monthly,607.9949332344214,12.0,1,0.7316260413452642,417.21
GS-004423,standard,Life,Monthly,527.0261010362694,19.5,0,0.9218210586139648,455.67
GS-004424,price_sensitive,Motor,Monthly,534.1896188811189,48.0,1,0.1,50.1
GS-004425,loyal,Travel,Monthly,1539.7614933541831,42.6,0,0.9814241486068109,1417.35
GS-004426,price_sensitive,Life,Monthly,989.8588071428571,24.0,1,0.7440728887727786,690.81
GS-004427,price_sensitive,Home,Monthly,378.1918432835821,12.0,1,0.7316260413452642,259.52
GS-004428,standard,Home,Monthly,756.2502555396712,46.1,0,0.9235855666491501,655.1
GS-004429,price_sensitive,Motor,Monthly,902.7852818991099,12.0,1,0.7316260413452642,619.5
GS-004430,standard,Home,Monthly,374.0415754923414,45.9,0,0.9235855666491501,324.01
GS-004431,standard,Pet,Monthly,1118.6393199737188,50.8,0,0.942307692307692,988.67
GS-004432,price_sensitive,Home,Monthly,537.9641865671641,12.0,1,0.7316260413452642,369.16
GS-004433,standard,Home,Monthly,479.18831586826343,12.0,1,0.9218210586139648,414.3
GS-004434,price_sensitive,Motor,Monthly,465.35234421364987,12.0,1,0.7316260413452642,319.33
GS-004435,price_sensitive,Pet,Monthly,324.2195209580838,12.0,1,0.7316260413452642,222.48
GS-004436,standard,Motor,Monthly,842.8750050301811,49.6,0,0.942307692307692,744.94
GS-004437,standard,Motor,Monthly,572.42,4.6,0,0.8455980328358912,453.99
GS-004438,standard,Motor,Monthly,689.7358184606804,58.9,0,0.942307692307692,609.6
GS-004439,price_sensitive,Motor,Annual,2041.897602739726,24.0,1,0.7440728887727786,1425.01
GS-004440,standard,Motor,Annual,1682.32,12.0,1,0.9218210586139648,1454.53
GS-004441,standard,Motor,Monthly,620.4921977582067,41.1,0,0.9235855666491501,537.5
GS-004442,loyal,Pet,Annual,781.2402701778385,29.4,0,0.9666170727171273,708.28
GS-004443,standard,Motor,Monthly,520.4864678571429,23.1,0,0.9218210586139648,450.01
GS-004444,standard,Travel,Annual,2606.58,9.9,0,0.8455980328358912,2067.29
GS-004445,standard,Motor,Monthly,772.4986416083915,47.5,0,0.9235855666491501,669.18
GS-004446,price_sensitive,Travel,Monthly,590.6547103004293,23.9,1,0.7250996015936263,401.7
GS-004447,standard,Motor,Annual,2099.5720234806627,11.9,0,0.8477989003090736,1669.52
GS-004448,standard,Pet,Monthly,1147.7055616438356,12.6,0,0.9218210586139648,992.3
GS-004449,loyal,Pet,Monthly,454.7034089132135,42.5,0,0.9814241486068109,418.55
GS-004450,loyal,Motor,Annual,1327.3937102957284,63.4,0,1.0,1244.99
GS-004451,price_sensitive,Motor,Annual,805.6735465116279,25.2,0,0.7440728887727786,562.27
GS-004452,standard,Home,Monthly,353.9054476861167,49.6,0,0.942307692307692,312.79
GS-004453,standard,Pet,Monthly,409.1303259141494,72.0,1,0.1,38.37
GS-004454,standard,Travel,Monthly,923.745,48.8,0,0.942307692307692,816.42
GS-004455,standard,Travel,Monthly,997.96,5.5,0,0.8455980328358912,791.49
GS-004456,price_sensitive,Travel,Monthly,165.1,3.7,0,0.5450425521448253,84.4
GS-004457,price_sensitive,Home,Monthly,509.2928448275862,48.0,1,0.1,47.77
GS-004458,price_sensitive,Home,Monthly,339.4528517964071,12.0,1,0.7316260413452642,232.94
GS-004459,price_sensitive,Life,Monthly,606.9762875234521,36.0,1,0.1,56.93
GS-004460,standard,Motor,Monthly,695.126527093596,20.1,0,0.9218210586139648,601.0
GS-004461,loyal,Pet,Annual,1962.78,10.8,0,0.9557021677662589,1759.39
GS-004462,loyal,Home,Monthly,1147.1093932481751,54.1,0,0.9615384615384621,1034.52
GS-004463,loyal,Motor,Monthly,719.3,4.2,0,0.9557021677662589,644.76
GS-004464,price_sensitive,Home,Monthly,547.7851844262295,8.2,0,0.5450425521448253,280.03
GS-004465,standard,Home,Monthly,623.090254491018,11.3,0,0.8455980328358912,494.18
GS-004466,price_sensitive,Motor,Monthly,551.0900748502994,12.0,1,0.7316260413452642,378.16
GS-004467,standard,Pet,Monthly,458.1421395985401,36.5,0,0.9235855666491501,396.87
GS-004468,price_sensitive,Motor,Monthly,307.3006343283582,12.0,1,0.7316260413452642,210.87
GS-004469,price_sensitive,Home,Monthly,521.925895522388,12.0,1,0.7316260413452642,358.15
GS-004470,standard,Pet,Monthly,740.1290455665024,40.2,0,0.9235855666491501,641.14
GS-004471,standard,Motor,Annual,353.7925,49.8,0,0.942307692307692,312.69
GS-004472,price_sensitive,Home,Monthly,243.16,3.4,0,0.5450425521448253,124.31
GS-004473,standard,Life,Monthly,761.3104759299781,30.9,0,0.9291341574190161,663.45
GS-004474,price_sensitive,Home,Monthly,278.03999999999996,2.3,0,0.5450425521448253,142.14
GS-004475,loyal,Home,Monthly,1832.000513392857,12.0,1,0.9872773536895676,1696.41
GS-004476,price_sensitive,Motor,Monthly,451.21847336065576,12.0,1,0.7316260413452642,309.63
GS-004477,standard,Motor,Monthly,649.9425000000001,16.9,0,0.9218210586139648,561.94
GS-004478,standard,Motor,Annual,1962.9335547945204,18.6,0,0.9218210586139648,1697.15
GS-004479,standard,Life,Monthly,546.0200107296138,24.0,1,0.9291341574190161,475.83
GS-004480,price_sensitive,Home,Annual,1206.9,12.0,1,0.7316260413452642,828.19
GS-004481,price_sensitive,Home,Annual,560.1,12.0,1,0.7316260413452642,384.35
GS-004482,price_sensitive,Home,Annual,1931.94,12.0,1,0.7316260413452642,1325.71
GS-004483,standard,Motor,Monthly,431.0793811881188,10.4,0,0.8455980328358912,341.89
GS-004484,standard,Pet,Monthly,1270.9826457399104,22.2,0,0.9218210586139648,1098.89
GS-004485,price_sensitive,Life,Monthly,499.01461077844306,12.0,1,0.7316260413452642,342.43
GS-004486,price_sensitive,Pet,Monthly,542.3884120171674,24.0,1,0.7440728887727786,378.52
GS-004487,loyal,Motor,Monthly,676.5602756286266,34.7,0,0.9666170727171273,613.38
GS-004488,loyal,Home,Monthly,1934.6259469696968,26.3,0,0.9666170727171273,1753.96
GS-004489,price_sensitive,Pet,Monthly,424.4423059701493,12.0,1,0.7316260413452642,291.26
GS-004490,standard,Motor,Monthly,1085.486175263775,28.1,0,0.9291341574190161,945.95
GS-004491,loyal,Motor,Monthly,928.46,5.9,0,0.9557021677662589,832.25
GS-004492,price_sensitive,Pet,Monthly,366.53999999999996,1.6,0,0.5450425521448253,187.38
GS-004493,loyal,Travel,Monthly,1691.2056268656718,12.0,1,0.9872773536895676,1566.04
GS-004494,standard,Home,Monthly,1192.54,5.6,0,0.8455980328358912,945.81
GS-004495,loyal,Motor,Monthly,1447.63653418124,62.4,0,1.0,1357.77
GS-004496,loyal,Travel,Monthly,762.2004993556701,51.9,0,0.9615384615384621,687.39
GS-004497,standard,Home,Annual,1862.9875,52.7,0,0.942307692307692,1646.53
GS-004498,standard,Life,Annual,658.1775,56.8,0,0.942307692307692,581.71
GS-004499,standard,Travel,Monthly,649.6649820788531,55.0,0,0.942307692307692,574.18
GS-004500,loyal,Motor,Monthly,770.0141356673961,45.9,0,0.9814241486068109,708.8
GS-004501,standard,Home,Annual,1412.054482044199,23.9,1,0.9225049803057674,1221.76
GS-004502,standard,Motor,Monthly,1289.041619458128,40.5,0,0.9235855666491501,1116.64
GS-004503,standard,Motor,Monthly,678.8874492537313,55.4,0,0.942307692307692,600.01
GS-004504,standard,Motor,Monthly,1113.807686915888,7.5,0,0.8455980328358912,883.37
GS-004505,loyal,Motor,Monthly,1024.1763098802394,11.8,0,0.9557021677662589,918.05
GS-004506,standard,Motor,Monthly,400.63852636127916,38.9,0,0.9235855666491501,347.05
GS-004507,loyal,Motor,Monthly,1334.0368436293436,17.5,0,0.9872773536895676,1235.31
GS-004508,price_sensitive,Motor,Annual,546.864308219178,36.0,1,0.1,51.29
GS-004509,standard,Life,Monthly,412.9840194610779,12.0,1,0.9218210586139648,357.06
GS-004510,price_sensitive,Travel,Annual,1007.06,12.0,1,0.7316260413452642,691.05
GS-004511,standard,Motor,Monthly,443.1893869426751,31.0,0,0.9291341574190161,386.22
GS-004512,standard,Motor,Monthly,1524.9624925149699,22.0,0,0.9218210586139648,1318.48
GS-004513,standard,Motor,Annual,406.7675,57.5,0,0.942307692307692,359.51
GS-004514,loyal,Motor,Annual,2599.729417808219,20.2,0,0.9872773536895676,2407.32
GS-004515,price_sensitive,Life,Monthly,521.585748502994,12.0,1,0.7316260413452642,357.92
GS-004516,standard,Motor,Annual,984.5686998175182,48.0,1,0.942307692307692,870.17
GS-004517,standard,Pet,Annual,1154.3,12.0,1,0.9218210586139648,998.0
GS-004518,standard,Home,Annual,546.3125,60.0,1,0.1,51.24
GS-004519,standard,Life,Monthly,1056.7116003787878,26.9,0,0.9291341574190161,920.88
GS-004520,price_sensitive,Home,Monthly,482.01745798319325,47.9,1,0.1,45.21
GS-004521,loyal,Motor,Monthly,668.713125,64.3,0,1.0,627.2
GS-004522,standard,Life,Annual,610.9639393248175,37.5,0,0.9235855666491501,529.25
GS-004523,price_sensitive,Motor,Monthly,472.32074101796405,12.0,1,0.7316260413452642,324.11
GS-004524,standard,Pet,Annual,1180.8082191780823,21.3,0,0.9218210586139648,1020.92
GS-004525,standard,Life,Monthly,613.9903943661972,35.2,0,0.9291341574190161,535.07
GS-004526,price_sensitive,Home,Monthly,643.4087464285714,24.0,1,0.7440728887727786,449.02
GS-004527,standard,Home,Monthly,847.8649580712788,48.0,1,0.942307692307692,749.35
GS-004528,loyal,Motor,Monthly,956.603798076923,29.5,0,0.9666170727171273,867.27
GS-004529,standard,Home,Monthly,362.3882474226804,51.6,0,0.942307692307692,320.28
GS-004530,price_sensitive,Motor,Monthly,506.82264970059873,12.0,1,0.7316260413452642,347.79
GS-004531,standard,Pet,Monthly,849.1110034013607,58.0,0,0.942307692307692,750.45
GS-004532,loyal,Motor,Monthly,949.6474458041959,48.0,1,0.9615384615384621,856.44
GS-004533,price_sensitive,Motor,Monthly,344.3566783216783,48.0,1,0.1,32.3
GS-004534,loyal,Home,Monthly,540.8284685489635,46.3,0,0.9814241486068109,497.83
GS-004535,standard,Home,Annual,833.8492612859097,36.0,1,0.9235855666491501,722.32
GS-004536,loyal,Life,Annual,828.9273698630137,18.0,0,0.9872773536895676,767.58
GS-004537,standard,Home,Monthly,616.6275,48.4,0,0.942307692307692,544.98
GS-004538,standard,Motor,Monthly,620.5191666666667,31.5,0,0.9291341574190161,540.76
GS-004539,standard,Home,Monthly,437.2195999461207,72.0,1,0.1,41.01
GS-004540,price_sensitive,Home,Annual,793.12,6.6,0,0.5450425521448253,405.45
GS-004541,loyal,Motor,Monthly,1348.8302375565609,29.2,0,0.9666170727171273,1222.87
GS-004542,price_sensitive,Life,Monthly,403.88344875900725,48.0,1,0.1,37.88
GS-004543,loyal,Motor,Monthly,1226.245977453581,62.0,0,1.0,1150.12
GS-004544,standard,Home,Monthly,615.5280223880596,12.0,1,0.9218210586139648,532.18
GS-004545,standard,Life,Monthly,769.7671171171171,12.0,1,0.9218210586139648,665.54
GS-004546,price_sensitive,Motor,Monthly,242.69440868263473,12.0,1,0.7316260413452642,166.54
GS-004547,loyal,Life,Annual,992.5225,49.4,0,0.9615384615384621,895.11
GS-004548,standard,Motor,Monthly,526.6577910447761,12.0,1,0.9218210586139648,455.35
GS-004549,price_sensitive,Travel,Monthly,386.8462553648069,24.0,1,0.7440728887727786,269.97
GS-004550,standard,Travel,Annual,671.5767769160584,38.1,0,0.9235855666491501,581.75
GS-004551,price_sensitive,Travel,Monthly,132.88,1.0,0,0.5450425521448253,67.93
GS-004552,standard,Home,Monthly,452.02126112759646,12.0,1,0.9218210586139648,390.82
GS-004553,standard,Life,Monthly,862.0798155737705,8.3,0,0.8455980328358912,683.72
GS-004554,standard,Home,Monthly,640.9737006578947,15.2,0,0.9218210586139648,554.18
GS-004555,price_sensitive,Motor,Annual,665.7656917808218,19.8,0,0.7316260413452642,456.85
GS-004556,standard,Motor,Annual,968.943205479452,12.4,0,0.9218210586139648,837.75
GS-004557,standard,Motor,Monthly,472.32,4.9,0,0.8455980328358912,374.6
GS-004558,loyal,Pet,Monthly,908.475,16.5,0,0.9872773536895676,841.24
GS-004559,standard,Motor,Monthly,750.8862386877827,29.1,0,0.9291341574190161,654.36
GS-004560,price_sensitive,Home,Monthly,401.10302670623145,12.0,1,0.7316260413452642,275.24
GS-004561,standard,Motor,Annual,2619.94,12.0,1,0.9218210586139648,2265.19
GS-004562,standard,Travel,Monthly,533.5118840808591,52.9,0,0.942307692307692,471.52
GS-004563,standard,Motor,Monthly,1020.4237285100287,23.9,1,0.9225049803057674,882.91
GS-004564,standard,Home,Monthly,507.5719453125,21.2,0,0.9218210586139648,438.85
GS-004565,standard,Travel,Monthly,658.6675,53.0,0,0.942307692307692,582.14
GS-004566,standard,Home,Monthly,776.43589453125,21.4,0,0.9218210586139648,671.3
GS-004567,standard,Life,Monthly,465.8449375821288,25.2,0,0.9291341574190161,405.96
GS-004568,standard,Motor,Monthly,583.1108823529412,24.1,0,0.9291341574190161,508.16
GS-004569,loyal,Motor,Annual,486.3125,59.5,0,0.9615384615384621,438.58
GS-004570,loyal,Home,Monthly,716.835,16.1,0,0.9872773536895676,663.78
GS-004571,standard,Travel,Annual,588.445,53.8,0,0.942307692307692,520.07
GS-004572,standard,Pet,Annual,1189.9144520547943,21.4,0,0.9218210586139648,1028.8
GS-004573,standard,Travel,Monthly,1181.2205901287555,24.0,1,0.9291341574190161,1029.38
GS-004574,price_sensitive,Motor,Monthly,368.7697746331237,48.0,1,0.1,34.59
GS-004575,loyal,Motor,Annual,1819.0049589603284,28.2,0,0.9666170727171273,1649.13
GS-004576,price_sensitive,Life,Monthly,389.38920895522386,12.0,1,0.7316260413452642,267.2
GS-004577,standard,Motor,Monthly,385.69962574850297,11.9,1,0.8477989003090736,306.7
GS-004578,standard,Home,Monthly,780.3305357142857,24.0,1,0.9291341574190161,680.02
GS-004579,price_sensitive,Travel,Monthly,235.78,12.0,1,0.7316260413452642,161.79
GS-004580,standard,Pet,Monthly,964.442625,25.0,0,0.9291341574190161,840.47
GS-004581,loyal,Life,Monthly,1440.7666374434386,30.0,0,0.9666170727171273,1306.22
GS-004582,standard,Motor,Monthly,553.8458532934131,12.0,1,0.9218210586139648,478.85
GS-004583,standard,Home,Monthly,806.34,4.2,0,0.8455980328358912,639.51
GS-004584,standard,Home,Monthly,522.9232071428571,23.7,0,0.9218210586139648,452.12
GS-004585,price_sensitive,Motor,Monthly,454.0910479041916,12.0,1,0.7316260413452642,311.6
GS-004586,price_sensitive,Life,Annual,1021.3090479452056,17.9,0,0.7316260413452642,700.83
GS-004587,standard,Life,Annual,1250.4558904109588,21.5,0,0.9218210586139648,1081.14
GS-004588,standard,Home,Annual,2044.78,5.2,0,0.8455980328358912,1621.73
GS-004589,standard,Motor,Monthly,891.9091584158416,10.2,0,0.8455980328358912,707.38
GS-004590,loyal,Motor,Monthly,923.812651119403,44.7,0,0.9814241486068109,850.37
GS-004591,price_sensitive,Motor,Monthly,374.1922395104895,48.0,1,0.1,35.1
GS-004592,price_sensitive,Motor,Annual,1364.06,12.0,1,0.7316260413452642,936.03
GS-004593,standard,Motor,Monthly,487.3736881188119,10.4,0,0.8455980328358912,386.54
GS-004594,loyal,Travel,Monthly,1513.1107392857143,23.5,0,0.9872773536895676,1401.13
GS-004595,standard,Home,Monthly,658.69185,23.5,0,0.9218210586139648,569.5
GS-004596,standard,Motor,Annual,489.2617062043795,38.9,0,0.9235855666491501,423.82
GS-004597,loyal,Travel,Monthly,1258.4691479820626,22.1,0,0.9872773536895676,1165.33
GS-004598,standard,Home,Monthly,464.74101699882766,28.7,0,0.9291341574190161,405.0
GS-004599,price_sensitive,Travel,Annual,328.39477397260276,48.0,1,0.1,30.8
GS-004600,standard,Motor,Monthly,695.7028293413173,11.2,0,0.8455980328358912,551.77
GS-004601,loyal,Motor,Monthly,613.04,4.3,0,0.9557021677662589,549.51
GS-004602,standard,Motor,Monthly,584.16,6.0,0,0.8455980328358912,463.3
GS-004603,standard,Motor,Monthly,687.6432709580837,11.5,0,0.8455980328358912,545.37
GS-004604,standard,Motor,Monthly,902.3862125748503,12.0,1,0.9218210586139648,780.2
GS-004605,standard,Motor,Monthly,602.6079850746269,12.0,1,0.9218210586139648,521.01
GS-004606,price_sensitive,Motor,Monthly,497.6231417910448,12.0,1,0.7316260413452642,341.47
GS-004607,loyal,Travel,Monthly,675.2014929577465,36.0,1,0.9814241486068109,621.52
GS-004608,standard,Motor,Annual,1387.62,11.9,1,0.8477989003090736,1103.39
GS-004609,standard,Pet,Monthly,687.6280327868852,6.8,0,0.8455980328358912,545.36
GS-004610,standard,Pet,Annual,1376.0981121751026,27.6,0,0.9291341574190161,1199.21
GS-004611,standard,Pet,Monthly,469.76,5.6,0,0.8455980328358912,372.57
GS-004612,price_sensitive,Motor,Monthly,612.8207658643325,30.5,0,0.7440728887727786,427.68
GS-004613,standard,Home,Annual,899.2135655737704,23.3,0,0.9218210586139648,777.46
GS-004614,standard,Pet,Monthly,670.2588435114503,43.6,0,0.9235855666491501,580.61
GS-004615,standard,Motor,Annual,1460.2001824817519,48.0,1,0.942307692307692,1290.54
GS-004616,price_sensitive,Pet,Monthly,428.12,4.1,0,0.5450425521448253,218.86
GS-004617,loyal,Pet,Monthly,708.0525,48.8,0,0.9615384615384621,638.56
GS-004618,loyal,Pet,Annual,2077.9,12.0,1,0.9872773536895676,1924.12
GS-004619,standard,Life,Monthly,722.6262993421052,15.2,0,0.9218210586139648,624.78
GS-004620,price_sensitive,Motor,Monthly,409.64,3.3,0,0.5450425521448253,209.41
GS-004621,price_sensitive,Motor,Monthly,285.46000000000004,3.4,0,0.5450425521448253,145.93
GS-004622,standard,Motor,Monthly,430.78,3.8,0,0.8455980328358912,341.65
GS-004623,loyal,Motor,Monthly,648.74,2.9,0,0.9557021677662589,581.51
GS-004624,standard,Life,Monthly,789.5976277372263,27.2,0,0.9291341574190161,688.1
GS-004625,price_sensitive,Motor,Monthly,101.72,1.3,0,0.5450425521448253,52.0
GS-004626,price_sensitive,Motor,Monthly,918.5437835820895,12.0,1,0.7316260413452642,630.31
GS-004627,standard,Home,Monthly,941.3698367834394,71.9,1,0.1,88.29
GS-004628,loyal,Home,Annual,1757.02238372093,31.5,0,0.9666170727171273,1592.94
GS-004629,price_sensitive,Life,Annual,568.5,12.0,1,0.7316260413452642,390.11
GS-004630,standard,Motor,Annual,1015.34,3.1,0,0.8455980328358912,805.27
GS-004631,standard,Travel,Monthly,451.8785396518375,34.1,0,0.9291341574190161,393.79
GS-004632,price_sensitive,Pet,Monthly,374.0750523952096,12.0,1,0.7316260413452642,256.69
GS-004633,standard,Motor,Monthly,371.0107963320463,17.5,0,0.9218210586139648,320.77
GS-004634,loyal,Home,Monthly,1182.22,4.0,0,0.9557021677662589,1059.71
GS-004635,standard,Home,Monthly,506.9607296137339,24.0,1,0.9291341574190161,441.79
GS-004636,price_sensitive,Travel,Monthly,244.539161971831,36.0,1,0.1,22.94
GS-004637,standard,Life,Monthly,611.2482779605264,50.0,0,0.942307692307692,540.23
GS-004638,price_sensitive,Motor,Monthly,547.1423128742515,12.0,1,0.7316260413452642,375.45
GS-004639,standard,Motor,Monthly,402.40848046875004,21.9,0,0.9218210586139648,347.92
GS-004640,price_sensitive,Motor,Monthly,422.3121107784431,12.0,1,0.7316260413452642,289.79
GS-004641,loyal,Motor,Monthly,752.506951048951,47.3,0,0.9814241486068109,692.68
GS-004642,standard,Travel,Monthly,465.32000000000005,4.8,0,0.8455980328358912,369.05
GS-004643,standard,Home,Annual,658.8459554794521,36.0,1,0.9235855666491501,570.73
GS-004644,standard,Pet,Monthly,935.2040344311378,12.0,1,0.9218210586139648,808.57
GS-004645,standard,Motor,Monthly,328.5941641791045,12.0,1,0.9218210586139648,284.1
GS-004646,standard,Motor,Monthly,921.0,3.9,0,0.8455980328358912,730.45
GS-004647,loyal,Travel,Annual,1348.327120383037,25.2,0,0.9666170727171273,1222.41
GS-004648,standard,Home,Monthly,317.3292,32.7,0,0.9291341574190161,276.54
GS-004649,standard,Motor,Annual,1157.023060875513,35.6,0,0.9291341574190161,1008.3
GS-004650,loyal,Home,Monthly,884.4782025547445,27.3,0,0.9666170727171273,801.88
GS-004651,price_sensitive,Life,Monthly,319.4515868263473,12.0,1,0.7316260413452642,219.21
GS-004652,standard,Travel,Annual,847.53,56.8,0,0.942307692307692,749.06
GS-004653,price_sensitive,Home,Monthly,488.0789820359281,12.0,1,0.7316260413452642,334.92
GS-004654,standard,Pet,Monthly,170.66,2.6,0,0.8455980328358912,135.35
GS-004655,standard,Motor,Monthly,656.4704788897576,42.4,0,0.9235855666491501,568.67
GS-004656,standard,Home,Monthly,668.6707732664233,36.7,0,0.9235855666491501,579.24
GS-004657,loyal,Home,Monthly,1198.73707688588,34.8,0,0.9666170727171273,1086.79
GS-004658,loyal,Travel,Annual,1885.385,58.2,0,0.9615384615384621,1700.33
GS-004659,standard,Pet,Monthly,804.1067007434945,53.4,0,0.942307692307692,710.68
GS-004660,standard,Motor,Annual,1486.86,9.6,0,0.8455980328358912,1179.24
GS-004661,standard,Motor,Monthly,624.3842107664233,36.9,0,0.9235855666491501,540.87
GS-004662,standard,Motor,Annual,870.7,12.0,1,0.9218210586139648,752.8
GS-004663,price_sensitive,Travel,Annual,469.0,12.0,1,0.7316260413452642,321.83
GS-004664,price_sensitive,Life,Monthly,480.47872005988023,12.0,1,0.7316260413452642,329.71
GS-004665,standard,Home,Annual,610.4218109589041,71.9,1,0.1,57.25
GS-004666,loyal,Motor,Annual,2527.6400753424655,36.0,1,0.9814241486068109,2326.69
GS-004667,standard,Motor,Monthly,426.9390895522388,12.0,1,0.9218210586139648,369.13
GS-004668,standard,Motor,Monthly,673.7027676056339,35.2,0,0.9291341574190161,587.1
GS-004669,standard,Life,Monthly,649.850619402985,12.0,1,0.9218210586139648,561.86
GS-004670,loyal,Home,Monthly,994.2449624731952,46.6,0,0.9814241486068109,915.2
GS-004671,standard,Motor,Monthly,544.2154488416988,17.6,0,0.9218210586139648,470.53
GS-004672,loyal,Home,Monthly,620.31,48.0,0,0.9615384615384621,559.43
GS-004673,standard,Motor,Monthly,339.0,3.4,0,0.8455980328358912,268.86
GS-004674,standard,Travel,Monthly,350.2760345838218,28.7,0,0.9291341574190161,305.25
GS-004675,standard,Motor,Annual,587.56,5.3,0,0.8455980328358912,466.0
GS-004676,loyal,Home,Annual,1217.031987004104,31.1,0,0.9666170727171273,1103.38
GS-004677,loyal,Motor,Monthly,747.96,5.2,0,0.9557021677662589,670.45
GS-004678,standard,Life,Monthly,296.98,1.6,0,0.8455980328358912,235.54
GS-004679,loyal,Pet,Annual,764.252299270073,42.0,0,0.9814241486068109,703.49
GS-004680,standard,Pet,Monthly,1410.8680746268656,12.0,1,0.9218210586139648,1219.83
GS-004681,loyal,Travel,Monthly,1188.9037438423645,20.2,0,0.9872773536895676,1100.91
GS-004682,price_sensitive,Motor,Annual,402.94,12.0,1,0.7316260413452642,276.5
GS-004683,standard,Pet,Annual,2763.5753073770493,22.5,0,0.9218210586139648,2389.38
GS-004684,price_sensitive,Home,Monthly,454.8895992366412,48.0,1,0.1,42.67
GS-004685,loyal,Home,Annual,764.6,55.3,0,0.9615384615384621,689.55
GS-004686,price_sensitive,Motor,Monthly,550.1144890510949,18.2,0,0.7316260413452642,377.49
GS-004687,standard,Travel,Monthly,990.74,12.0,1,0.9218210586139648,856.59
GS-004688,loyal,Pet,Monthly,772.7597663551402,7.3,0,0.9557021677662589,692.68
GS-004689,loyal,Pet,Annual,1282.3807527372262,42.7,0,0.9814241486068109,1180.43
GS-004690,price_sensitive,Motor,Annual,608.86,12.0,1,0.7316260413452642,417.81
GS-004691,loyal,Travel,Monthly,599.5635850556439,62.4,0,1.0,562.34
GS-004692,standard,Motor,Monthly,575.7608532934131,12.0,1,0.9218210586139648,497.8
GS-004693,standard,Pet,Monthly,660.9171492537313,12.0,1,0.9218210586139648,571.43
GS-004694,standard,Motor,Monthly,494.6902388059702,12.0,1,0.9218210586139648,427.71
GS-004695,loyal,Motor,Monthly,1497.4881060606058,26.9,0,0.9666170727171273,1357.64
GS-004696,price_sensitive,Travel,Annual,631.7223904109588,24.0,1,0.7440728887727786,440.87
GS-004697,standard,Motor,Monthly,721.3087835820895,12.0,1,0.9218210586139648,623.64
GS-004698,standard,Home,Monthly,1016.8520081967214,6.1,0,0.8455980328358912,806.47
GS-004699,price_sensitive,Home,Monthly,448.1198360655738,6.9,0,0.5450425521448253,229.08
GS-004700,price_sensitive,Motor,Monthly,579.8901056338028,36.0,1,0.1,54.39
GS-004701,standard,Pet,Annual,1345.5889945280437,26.1,0,0.9291341574190161,1172.62
GS-004702,standard,Pet,Annual,2123.0625,51.1,0,0.942307692307692,1876.39
GS-004703,standard,Life,Monthly,661.6184475524476,47.3,0,0.9235855666491501,573.13
GS-004704,standard,Motor,Monthly,656.0505524642289,72.0,1,0.1,61.53
GS-004705,loyal,Home,Monthly,905.8090807174887,22.7,0,0.9872773536895676,838.77
GS-004706,standard,Motor,Annual,1046.51,51.4,0,0.942307692307692,924.92
GS-004707,loyal,Motor,Annual,2396.56,12.0,1,0.9872773536895676,2219.19
GS-004708,loyal,Life,Monthly,562.447813914027,29.8,0,0.9666170727171273,509.92
GS-004709,standard,Motor,Monthly,546.7062,24.0,1,0.9291341574190161,476.43
GS-004710,loyal,Home,Monthly,684.5849459567653,41.4,0,0.9814241486068109,630.16
GS-004711,standard,Home,Monthly,614.3248684210527,15.1,0,0.9218210586139648,531.14
GS-004712,price_sensitive,Life,Annual,827.479712328767,48.0,1,0.1,77.61
GS-004713,standard,Motor,Annual,1242.4,6.3,0,0.8455980328358912,985.35
GS-004714,loyal,Pet,Monthly,1227.3639536199094,29.8,0,0.9666170727171273,1112.74
GS-004715,loyal,Home,Monthly,1392.0846782178216,12.0,1,0.9872773536895676,1289.06
GS-004716,standard,Home,Annual,934.0793424657535,19.2,0,0.9218210586139648,807.6
GS-004717,price_sensitive,Motor,Monthly,1107.1558607784432,11.5,0,0.5450425521448253,565.99
GS-004718,standard,Life,Monthly,980.9854751131222,29.9,0,0.9291341574190161,854.89
GS-004719,loyal,Motor,Monthly,1039.8728038674033,11.9,0,0.9557021677662589,932.12
GS-004720,price_sensitive,Life,Monthly,417.53506923076924,32.6,0,0.7440728887727786,291.39
GS-004721,standard,Motor,Monthly,507.2382035928144,12.0,1,0.9218210586139648,438.56
GS-004722,price_sensitive,Home,Annual,796.88,12.0,1,0.7316260413452642,546.83
GS-004723,standard,Home,Monthly,771.2518745532524,46.8,0,0.9235855666491501,668.1
GS-004724,standard,Motor,Monthly,565.7,5.8,0,0.8455980328358912,448.66
GS-004725,loyal,Home,Annual,818.6465556569342,45.1,0,0.9814241486068109,753.56
GS-004726,loyal,Life,Monthly,1450.8209016393444,6.3,0,0.9557021677662589,1300.48
GS-004727,loyal,Motor,Monthly,1951.7908522727273,26.1,0,0.9666170727171273,1769.52
GS-004728,loyal,Home,Monthly,1166.4187904094829,61.3,0,1.0,1094.01
GS-004729,loyal,Motor,Annual,1805.74,1.0,0,0.9557021677662589,1618.62
GS-004730,price_sensitive,Travel,Monthly,241.57113214285718,24.0,1,0.7440728887727786,168.59
GS-004731,standard,Travel,Annual,1338.426102739726,18.3,0,0.9218210586139648,1157.2
GS-004732,price_sensitive,Pet,Monthly,661.8133158682635,12.0,1,0.7316260413452642,454.14
GS-004733,standard,Travel,Monthly,396.1275,16.2,0,0.9218210586139648,342.49
GS-004734,standard,Motor,Monthly,793.546268545994,12.0,1,0.9218210586139648,686.1
GS-004735,standard,Travel,Monthly,363.8897713491662,72.0,1,0.1,34.13
GS-004736,loyal,Travel,Monthly,769.9865465328467,54.1,0,0.9615384615384621,694.41
GS-004737,price_sensitive,Home,Monthly,457.9,4.6,0,0.5450425521448253,234.08
GS-004738,standard,Travel,Monthly,577.3376486013985,48.0,1,0.942307692307692,510.26
GS-004739,standard,Life,Annual,1302.7316712328768,17.9,0,0.9218210586139648,1126.34
GS-004740,standard,Motor,Monthly,627.1615074626866,12.0,1,0.9218210586139648,542.24
GS-004741,standard,Home,Monthly,396.825,48.2,0,0.942307692307692,350.72
GS-004742,price_sensitive,Motor,Monthly,602.64,16.0,0,0.7316260413452642,413.54
GS-004743,standard,Home,Monthly,556.2027,32.9,0,0.9291341574190161,484.71
GS-004744,price_sensitive,Motor,Monthly,338.5751317097415,33.6,0,0.7440728887727786,236.29
GS-004745,standard,Life,Annual,835.5819246575343,56.0,0,0.942307692307692,738.5
GS-004746,loyal,Home,Monthly,559.5958031088084,19.9,0,0.9872773536895676,518.18
GS-004747,loyal,Motor,Monthly,1376.8613846153848,32.2,0,0.9666170727171273,1248.28
GS-004748,standard,Home,Monthly,369.14666712328767,71.9,1,0.1,34.62
GS-004749,standard,Motor,Monthly,778.8111268656717,12.0,1,0.9218210586139648,673.36
GS-004750,loyal,Travel,Monthly,1938.8121220930232,17.0,0,0.9872773536895676,1795.32
GS-004751,loyal,Motor,Monthly,602.3847042253522,35.3,0,0.9666170727171273,546.13
GS-004752,standard,Home,Monthly,872.1451118290258,33.5,0,0.9291341574190161,760.04
GS-004753,price_sensitive,Home,Monthly,279.45911971830986,36.0,1,0.1,26.21
GS-004754,price_sensitive,Motor,Monthly,466.38026003649634,18.6,0,0.7316260413452642,320.03
GS-004755,loyal,Home,Annual,1600.12,6.8,0,0.9557021677662589,1434.31
GS-004756,standard,Motor,Monthly,662.7807297371303,72.0,1,0.1,62.16
GS-004757,loyal,Travel,Annual,889.4788150684932,36.0,1,0.9814241486068109,818.77
GS-004758,standard,Motor,Annual,2291.28,5.2,0,0.8455980328358912,1817.23
GS-004759,standard,Motor,Monthly,673.2,72.0,1,0.1,63.14
GS-004760,standard,Travel,Monthly,787.3865316455697,13.7,0,0.9218210586139648,680.77
GS-004761,price_sensitive,Home,Monthly,634.2115549215406,24.0,1,0.7440728887727786,442.61
GS-004762,standard,Motor,Monthly,427.8283004926108,20.7,0,0.9218210586139648,369.9
GS-004763,loyal,Motor,Monthly,1000.6913461538462,18.0,0,0.9872773536895676,926.63
GS-004764,loyal,Travel,Annual,1051.6339608433734,63.2,0,1.0,986.35
GS-004765,price_sensitive,Home,Monthly,568.9350000000001,16.1,0,0.7316260413452642,390.41
GS-004766,price_sensitive,Travel,Monthly,334.17501072961375,24.0,1,0.7440728887727786,233.22
GS-004767,price_sensitive,Pet,Monthly,551.6587275449101,12.0,1,0.7316260413452642,378.55
GS-004768,loyal,Travel,Monthly,1616.7838076923078,32.1,0,0.9666170727171273,1465.8
GS-004769,standard,Life,Monthly,1165.8314623552124,17.8,0,0.9218210586139648,1007.97
GS-004770,standard,Travel,Monthly,732.2325,16.9,0,0.9218210586139648,633.09
GS-004771,loyal,Home,Monthly,811.9781866197183,56.0,0,0.9615384615384621,732.28
GS-004772,price_sensitive,Home,Monthly,494.05802142857146,24.0,1,0.7440728887727786,344.79
GS-004773,standard,Home,Monthly,932.377429906542,7.3,0,0.8455980328358912,739.47
GS-004774,loyal,Travel,Annual,805.7061747262774,43.4,0,0.9814241486068109,741.65
GS-004775,loyal,Motor,Monthly,862.2297702407002,30.8,0,0.9666170727171273,781.71
GS-004776,loyal,Home,Monthly,575.0886971830986,14.0,0,0.9872773536895676,532.53
GS-004777,standard,Home,Annual,911.2163064295485,36.0,1,0.9235855666491501,789.34
GS-004778,standard,Motor,Annual,1170.5075,49.9,0,0.942307692307692,1034.51
GS-004779,standard,Pet,Monthly,762.9229615384615,32.1,0,0.9291341574190161,664.85
GS-004780,standard,Motor,Monthly,904.3624295774648,14.3,0,0.9218210586139648,781.91
GS-004781,standard,Home,Annual,1235.1681911496348,39.1,0,0.9235855666491501,1069.97
GS-004782,price_sensitive,Motor,Monthly,692.7792410714285,12.0,1,0.7316260413452642,475.39
GS-004783,loyal,Home,Monthly,1233.7513794845881,65.8,0,1.0,1157.16
GS-004784,standard,Motor,Annual,687.5281174698795,72.0,1,0.1,64.48
GS-004785,loyal,Travel,Monthly,955.9410223880597,12.0,1,0.9872773536895676,885.19
GS-004786,price_sensitive,Life,Annual,401.06,4.0,0,0.5450425521448253,205.03
GS-004787,standard,Travel,Annual,563.0482048357663,41.9,0,0.9235855666491501,487.74
GS-004788,price_sensitive,Motor,Monthly,1037.1198698630137,12.7,0,0.7316260413452642,711.68
GS-004789,price_sensitive,Travel,Annual,931.36,12.0,1,0.7316260413452642,639.11
GS-004790,standard,Home,Monthly,1025.126113138686,36.7,0,0.9235855666491501,888.02
GS-004791,standard,Home,Monthly,1291.192075729927,54.0,0,0.942307692307692,1141.17
GS-004792,loyal,Home,Monthly,782.3654999999999,12.0,1,0.9872773536895676,724.46
GS-004793,loyal,Motor,Monthly,1415.70480829421,63.8,0,1.0,1327.82
GS-004794,standard,Motor,Monthly,316.8439392857143,23.3,0,0.9218210586139648,273.94
GS-004795,standard,Life,Monthly,365.29762329931975,58.1,0,0.942307692307692,322.85
GS-004796,standard,Life,Monthly,931.225566502463,20.8,0,0.9218210586139648,805.14
GS-004797,price_sensitive,Motor,Monthly,518.96,3.1,0,0.5450425521448253,265.3
GS-004798,loyal,Travel,Monthly,1088.4640532081378,63.2,0,1.0,1020.9
GS-004799,standard,Motor,Monthly,718.5822183098592,49.4,0,0.942307692307692,635.09
GS-004800,standard,Motor,Monthly,737.5023642857144,23.1,0,0.9218210586139648,637.64
GS-004801,standard,Motor,Annual,2001.4499178082192,16.9,0,0.9218210586139648,1730.45
GS-004802,standard,Life,Monthly,1588.5488758741258,47.9,0,0.9246702238031718,1377.7
GS-004803,standard,Travel,Monthly,682.2353691392582,47.9,1,0.9246702238031718,591.68
GS-004804,standard,Pet,Monthly,1000.4689182692308,41.0,0,0.9235855666491501,866.66
GS-004805,standard,Pet,Annual,1215.6837295081968,23.6,0,0.9218210586139648,1051.08
GS-004806,standard,Motor,Annual,1465.2423654197078,38.2,0,0.9235855666491501,1269.27
GS-004807,price_sensitive,Motor,Annual,1371.52,2.5,0,0.5450425521448253,701.13
GS-004808,standard,Motor,Monthly,645.7551408450705,35.9,0,0.926048510999967,560.88
GS-004809,price_sensitive,Motor,Monthly,436.727714884696,48.0,1,0.1,40.96
GS-004810,price_sensitive,Home,Monthly,510.1238035714286,24.0,1,0.7440728887727786,356.01
GS-004811,price_sensitive,Travel,Monthly,592.7463836477988,48.0,1,0.1,55.6
GS-004812,loyal,Home,Monthly,1184.4895566502462,40.6,0,0.9814241486068109,1090.32
GS-004813,standard,Travel,Monthly,756.7878259052924,59.1,0,0.942307692307692,668.86
GS-004814,standard,Pet,Monthly,640.6227281021897,27.6,0,0.9291341574190161,558.27
GS-004815,standard,Home,Monthly,574.583416726233,46.7,0,0.9235855666491501,497.73
GS-004816,price_sensitive,Motor,Monthly,420.74831586826343,12.0,1,0.7316260413452642,288.72
GS-004817,standard,Home,Monthly,579.656604769351,42.6,0,0.9235855666491501,502.13
GS-004818,loyal,Home,Monthly,1299.9078251121075,22.4,0,0.9872773536895676,1203.7
GS-004819,price_sensitive,Home,Annual,825.46,11.1,0,0.5450425521448253,421.98
GS-004820,standard,Motor,Monthly,1314.2001197604789,12.0,1,0.9218210586139648,1136.25
GS-004821,price_sensitive,Home,Monthly,304.5973817345598,25.8,0,0.7440728887727786,212.57
GS-004822,price_sensitive,Motor,Monthly,582.0667611940298,12.0,1,0.7316260413452642,399.42
GS-004823,price_sensitive,Pet,Monthly,1138.5629865269461,12.0,1,0.7316260413452642,781.29
GS-004824,loyal,Life,Monthly,942.0188289806235,39.8,0,0.9814241486068109,867.13
GS-004825,price_sensitive,Home,Monthly,466.69792735042734,24.0,1,0.7440728887727786,325.7
GS-004826,price_sensitive,Motor,Monthly,414.5424925816024,12.0,1,0.7316260413452642,284.46
GS-004827,standard,Life,Monthly,528.8309160839161,47.2,0,0.9235855666491501,458.1
GS-004828,standard,Life,Monthly,503.4394041450778,19.9,0,0.9218210586139648,435.27
GS-004829,standard,Motor,Annual,1425.26,11.2,0,0.8455980328358912,1130.38
GS-004830,standard,Motor,Annual,850.96,8.2,0,0.8455980328358912,674.9
GS-004831,loyal,Travel,Monthly,1264.8265943555182,39.1,0,0.9814241486068109,1164.27
GS-004832,loyal,Home,Annual,1589.84,6.4,0,0.9557021677662589,1425.09
GS-004833,loyal,Home,Annual,2293.0795273972603,17.3,0,0.9872773536895676,2123.37
GS-004834,loyal,Home,Annual,930.6775,57.1,0,0.9615384615384621,839.33
GS-004835,price_sensitive,Motor,Annual,1353.743413132695,30.7,0,0.7440728887727786,944.75
GS-004836,loyal,Motor,Annual,1956.66,9.9,0,0.9557021677662589,1753.9
GS-004837,loyal,Home,Monthly,1130.754375,64.8,0,1.0,1060.56
GS-004838,standard,Pet,Annual,1971.44,12.0,1,0.9218210586139648,1704.5
GS-004839,standard,Life,Monthly,947.1501331967214,8.6,0,0.8455980328358912,751.19
GS-004840,standard,Motor,Monthly,382.88,1.1,0,0.8455980328358912,303.66
GS-004841,standard,Travel,Monthly,926.1978474903475,17.5,0,0.9218210586139648,800.79
GS-004842,loyal,Home,Monthly,690.6641454081633,58.5,0,0.9615384615384621,622.87
GS-004843,standard,Motor,Annual,937.5460948905107,38.0,0,0.9235855666491501,812.15
GS-004844,standard,Home,Monthly,753.1901363337714,50.7,0,0.942307692307692,665.68
GS-004845,standard,Travel,Monthly,544.8016821428571,24.0,1,0.9291341574190161,474.77
GS-004846,standard,Home,Monthly,359.8011885245902,8.1,0,0.8455980328358912,285.36
GS-004847,standard,Travel,Monthly,633.6230105633803,14.6,0,0.9218210586139648,547.83
GS-004848,price_sensitive,Travel,Monthly,245.0236976047904,11.6,0,0.5450425521448253,125.26
GS-004849,price_sensitive,Life,Annual,423.300088959854,48.0,1,0.1,39.7
GS-004850,loyal,Motor,Annual,3270.9,1.6,0,0.9557021677662589,2931.95
GS-004851,price_sensitive,Motor,Monthly,471.1615315315315,11.9,1,0.5474671117219716,241.93
GS-004852,standard,Pet,Monthly,877.8543701675259,51.1,0,0.942307692307692,775.86
GS-004853,loyal,Motor,Annual,1324.2141255144031,28.0,0,0.9666170727171273,1200.55
GS-004854,standard,Home,Monthly,1009.3571197813121,33.6,0,0.9291341574190161,879.61
GS-004855,price_sensitive,Life,Monthly,431.3084158415842,10.4,0,0.5450425521448253,220.49
GS-004856,standard,Motor,Monthly,997.1120664335664,47.5,0,0.9235855666491501,863.75
GS-004857,loyal,Travel,Annual,957.737107064622,61.7,0,1.0,898.28
GS-004858,loyal,Travel,Monthly,937.1127775310833,37.6,0,0.9814241486068109,862.61
GS-004859,standard,Motor,Monthly,683.5314745508981,12.0,1,0.9218210586139648,590.98
GS-004860,loyal,Pet,Monthly,586.6931419683258,29.9,0,0.9666170727171273,531.9
GS-004861,loyal,Travel,Monthly,1319.3210124434388,29.1,0,0.9666170727171273,1196.11
GS-004862,price_sensitive,Motor,Monthly,440.3012200598802,12.0,1,0.7316260413452642,302.14
GS-004863,price_sensitive,Home,Annual,459.20338436928705,47.9,1,0.1,43.07
GS-004864,price_sensitive,Pet,Monthly,529.6888208955223,12.0,1,0.7316260413452642,363.48
GS-004865,standard,Motor,Annual,1300.08,9.9,0,0.8455980328358912,1031.1
GS-004866,standard,Motor,Monthly,915.9172586872587,17.6,0,0.9218210586139648,791.9
GS-004867,standard,Motor,Annual,1674.68,6.2,0,0.8455980328358912,1328.2
GS-004868,loyal,Motor,Monthly,741.3646398305085,31.0,0,0.9666170727171273,672.13
GS-004869,loyal,Travel,Monthly,708.437893481717,62.2,0,1.0,664.46
GS-004870,loyal,Home,Annual,1042.6518647166363,38.0,0,0.9814241486068109,959.76
GS-004871,loyal,Pet,Monthly,887.8845177748519,49.9,0,0.9615384615384621,800.74
GS-004872,price_sensitive,Motor,Annual,575.44,6.2,0,0.5450425521448253,294.17
GS-004873,price_sensitive,Home,Monthly,287.8,12.0,1,0.7316260413452642,197.49
GS-004874,loyal,Life,Monthly,1467.5369509345796,7.8,0,0.9557021677662589,1315.46
GS-004875,loyal,Motor,Monthly,849.7883515731875,24.6,0,0.9666170727171273,770.43
GS-004876,price_sensitive,Motor,Monthly,955.339702970297,10.6,0,0.5450425521448253,488.38
GS-004877,price_sensitive,Travel,Monthly,337.2110479041916,12.0,1,0.7316260413452642,231.4
GS-004878,loyal,Travel,Monthly,1625.0341853932584,38.3,0,0.9814241486068109,1495.84
GS-004879,price_sensitive,Travel,Annual,513.573478112175,35.9,0,0.7049180327868848,339.55
GS-004880,standard,Life,Annual,1175.1356634746924,33.1,0,0.9291341574190161,1024.08
GS-004881,loyal,Home,Monthly,714.2845354477611,44.1,0,0.9814241486068109,657.5
GS-004882,standard,Motor,Monthly,119.08,1.6,0,0.8455980328358912,94.44
GS-004883,price_sensitive,Home,Annual,604.133506849315,36.0,1,0.1,56.66
GS-004884,loyal,Motor,Monthly,1476.6160778443113,12.0,1,0.9872773536895676,1367.33
GS-004885,standard,Travel,Annual,1229.8827303832115,42.0,0,0.9235855666491501,1065.39
GS-004886,price_sensitive,Home,Monthly,477.75130791912386,48.0,1,0.1,44.81
GS-004887,price_sensitive,Motor,Monthly,404.76241791044777,12.0,1,0.7316260413452642,277.75
GS-004888,standard,Motor,Monthly,377.53266169782717,72.0,1,0.1,35.41
GS-004889,loyal,Motor,Annual,3068.868422131148,22.4,0,0.9872773536895676,2841.74
GS-004890,standard,Pet,Monthly,422.26365875912404,54.9,0,0.942307692307692,373.2
GS-004891,standard,Motor,Monthly,711.2922908533185,58.9,0,0.942307692307692,628.65
GS-004892,price_sensitive,Pet,Monthly,311.1398727272727,9.5,0,0.5450425521448253,159.06
GS-004893,standard,Home,Monthly,425.27248358862147,30.2,0,0.9291341574190161,370.61
GS-004894,standard,Life,Monthly,546.1884738685344,72.0,1,0.1,51.23
GS-004895,standard,Life,Monthly,774.1082501744592,48.0,1,0.942307692307692,684.17
GS-004896,standard,Travel,Monthly,918.3310985915492,35.7,0,0.9291341574190161,800.29
GS-004897,loyal,Travel,Monthly,804.3264296407185,12.0,1,0.9872773536895676,744.8
GS-004898,standard,Motor,Annual,828.87,52.8,0,0.942307692307692,732.57
GS-004899,standard,Pet,Monthly,556.6341408450704,35.7,0,0.9291341574190161,485.08
GS-004900,price_sensitive,Motor,Monthly,594.5852571428571,24.0,1,0.7440728887727786,414.95
GS-004901,price_sensitive,Motor,Monthly,402.26060757684064,48.0,1,0.1,37.73
GS-004902,price_sensitive,Life,Monthly,383.80058450704223,36.0,1,0.1,36.0
GS-004903,standard,Travel,Monthly,659.4175,48.9,0,0.942307692307692,582.8
GS-004904,standard,Motor,Annual,523.9137198795181,72.0,1,0.1,49.14
GS-004905,standard,Motor,Monthly,542.447453271028,7.7,0,0.8455980328358912,430.22
GS-004906,loyal,Pet,Monthly,433.12,4.5,0,0.9557021677662589,388.24
GS-004907,price_sensitive,Motor,Monthly,330.7808982035928,11.2,0,0.5450425521448253,169.1
GS-004908,loyal,Motor,Monthly,709.1419855442177,58.0,0,0.9615384615384621,639.54
GS-004909,standard,Motor,Monthly,962.9538223880597,55.6,0,0.942307692307692,851.07
GS-004910,standard,Motor,Annual,840.5796545827633,26.5,0,0.9291341574190161,732.53
GS-004911,price_sensitive,Travel,Annual,967.36,12.0,1,0.7316260413452642,663.81
GS-004912,standard,Home,Monthly,677.0108400402415,49.9,0,0.942307692307692,598.35
GS-004913,standard,Home,Monthly,546.1937597014926,55.9,0,0.942307692307692,482.73
GS-004914,standard,Motor,Monthly,822.8913923076924,32.7,0,0.9291341574190161,717.11
GS-004915,loyal,Pet,Monthly,619.5301731793961,37.1,0,0.9814241486068109,570.28
GS-004916,loyal,Motor,Monthly,1026.1245935960592,20.7,0,0.9872773536895676,950.18
GS-004917,loyal,Home,Monthly,1275.8457200557102,59.1,0,0.9615384615384621,1150.62
GS-004918,price_sensitive,Motor,Monthly,449.70586077844314,12.0,1,0.7316260413452642,308.59
GS-004919,loyal,Motor,Monthly,519.1190635268346,60.0,0,1.0,486.89
GS-004920,standard,Motor,Monthly,1109.3538593974174,23.9,1,0.9225049803057674,959.86
GS-004921,standard,Motor,Annual,1261.78,1.1,0,0.8455980328358912,1000.73
GS-004922,loyal,Life,Monthly,1125.5986201780415,12.0,1,0.9872773536895676,1042.29
GS-004923,price_sensitive,Motor,Monthly,522.8214745508982,12.0,1,0.7316260413452642,358.76
GS-004924,standard,Motor,Monthly,555.2845064377683,24.0,1,0.9291341574190161,483.91
GS-004925,standard,Life,Monthly,1690.2029088785048,7.1,0,0.8455980328358912,1340.51
GS-004926,standard,Home,Monthly,693.36,3.0,0,0.8455980328358912,549.91
GS-004927,price_sensitive,Life,Monthly,367.9372747747748,11.9,1,0.5474671117219716,188.93
GS-004928,loyal,Motor,Annual,1392.5,8.7,0,0.9557021677662589,1248.2
GS-004929,price_sensitive,Home,Monthly,335.92440867279896,25.9,0,0.7440728887727786,234.44
GS-004930,standard,Home,Annual,474.20042749658,33.2,0,0.9291341574190161,413.25
GS-004931,loyal,Pet,Monthly,796.2690296052631,15.5,0,0.9872773536895676,737.34
GS-004932,standard,Pet,Monthly,850.1711641791045,12.0,1,0.9218210586139648,735.06
GS-004933,standard,Travel,Annual,1718.7785601915184,33.0,0,0.9291341574190161,1497.84
GS-004934,standard,Home,Monthly,664.6800000000001,16.5,0,0.9218210586139648,574.68
GS-004935,loyal,Travel,Annual,1252.6142107664232,43.5,0,0.9814241486068109,1153.03
GS-004936,standard,Life,Monthly,558.4822602739727,12.2,0,0.9218210586139648,482.86
GS-004937,standard,Pet,Monthly,869.9607266009851,40.6,0,0.9235855666491501,753.61
GS-004938,standard,Home,Monthly,891.0177631578947,15.0,0,0.9218210586139648,770.37
GS-004939,price_sensitive,Home,Monthly,282.16,12.0,1,0.7316260413452642,193.62
GS-004940,loyal,Travel,Monthly,1613.4883494208495,17.8,0,0.9872773536895676,1494.07
GS-004941,standard,Home,Monthly,516.0488140604468,25.9,0,0.9291341574190161,449.71
GS-004942,standard,Life,Monthly,567.394918032787,8.3,0,0.8455980328358912,450.0
GS-004943,price_sensitive,Motor,Annual,1452.96,11.5,0,0.5450425521448253,742.76
GS-004944,price_sensitive,Motor,Monthly,784.8282035928142,12.0,1,0.7316260413452642,538.56
GS-004945,standard,Motor,Monthly,513.1191796875,21.5,0,0.9218210586139648,443.64
GS-004946,loyal,Motor,Monthly,591.3774215246636,22.1,0,0.9872773536895676,547.61
GS-004947,standard,Motor,Monthly,862.2834194053208,72.0,1,0.1,80.88
GS-004948,standard,Motor,Annual,1635.0758515731875,26.6,0,0.9291341574190161,1424.9
GS-004949,standard,Travel,Monthly,515.54,5.9,0,0.8455980328358912,408.88
GS-004950,loyal,Motor,Monthly,967.366724137931,20.7,0,0.9872773536895676,895.77
GS-004951,price_sensitive,Motor,Monthly,335.21980909090905,9.8,0,0.5450425521448253,171.37
GS-004952,standard,Motor,Monthly,694.1367535714286,24.0,1,0.9291341574190161,604.91
GS-004953,standard,Home,Monthly,1026.3812976346915,25.3,0,0.9291341574190161,894.45
GS-004954,loyal,Home,Monthly,1000.3658283943967,61.5,0,1.0,938.27
GS-004955,standard,Pet,Annual,829.9706386861313,39.9,0,0.9235855666491501,718.96
GS-004956,price_sensitive,Home,Annual,725.8067876712328,15.2,0,0.7316260413452642,498.06
GS-004957,price_sensitive,Travel,Monthly,679.0357605633803,36.0,1,0.1,63.69
GS-004958,loyal,Home,Monthly,1906.817633802817,35.8,0,0.9666170727171273,1728.74
GS-004959,standard,Motor,Monthly,493.8528401094605,42.2,0,0.9235855666491501,427.8
GS-004960,price_sensitive,Home,Monthly,325.1136549295775,36.0,1,0.1,30.49
GS-004961,standard,Travel,Monthly,932.011479628306,46.3,0,0.9235855666491501,807.36
GS-004962,price_sensitive,Motor,Annual,736.54,3.6,0,0.5450425521448253,376.53
GS-004963,loyal,Motor,Monthly,920.3929298507462,55.6,0,0.9615384615384621,830.06
GS-004964,loyal,Motor,Monthly,892.8163731343283,33.0,0,0.9666170727171273,809.44
GS-004965,price_sensitive,Travel,Annual,846.5905403556773,27.6,0,0.7440728887727786,590.82
GS-004966,standard,Home,Monthly,742.9854160305343,43.2,0,0.9235855666491501,643.61
GS-004967,standard,Motor,Monthly,564.6900858369099,24.0,1,0.9291341574190161,492.1
GS-004968,standard,Motor,Monthly,543.2820359281437,11.8,0,0.8455980328358912,430.88
GS-004969,standard,Life,Annual,598.2568385036496,45.4,0,0.9235855666491501,518.24
GS-004970,loyal,Home,Monthly,1001.0557834877844,39.4,0,0.9814241486068109,921.47
GS-004971,standard,Home,Annual,2008.6,4.9,0,0.8455980328358912,1593.03
GS-004972,standard,Motor,Annual,1244.8529445964432,27.4,0,0.9291341574190161,1084.84
GS-004973,price_sensitive,Home,Monthly,318.4017664670659,12.0,1,0.7316260413452642,218.49
GS-004974,loyal,Pet,Monthly,597.2537157935888,42.4,0,0.9814241486068109,549.77
GS-004975,price_sensitive,Pet,Monthly,586.3030461538461,32.4,0,0.7440728887727786,409.17
GS-004976,standard,Life,Annual,1828.98,1.1,0,0.8455980328358912,1450.57
GS-004977,standard,Home,Monthly,935.0537183098592,36.0,1,0.9235855666491501,809.99
GS-004978,standard,Travel,Annual,772.3771122262773,40.1,0,0.9235855666491501,669.07
GS-004979,standard,Home,Monthly,1102.7050598802396,12.0,1,0.9218210586139648,953.4
GS-004980,price_sensitive,Motor,Monthly,443.64200489853044,47.9,1,0.1,41.61
GS-004981,standard,Motor,Monthly,680.2456422924901,25.0,0,0.9291341574190161,592.8
GS-004982,price_sensitive,Motor,Monthly,227.17408593750002,21.5,0,0.7316260413452642,155.89
GS-004983,standard,Travel,Monthly,560.0691321428571,24.0,1,0.9291341574190161,488.08
GS-004984,standard,Travel,Monthly,1049.642707253886,19.3,0,0.9218210586139648,907.52
GS-004985,price_sensitive,Motor,Monthly,278.11586854460097,21.0,0,0.7316260413452642,190.85
GS-004986,standard,Motor,Monthly,820.219238079897,51.7,0,0.942307692307692,724.92
GS-004987,loyal,Home,Annual,1042.5054812956203,48.0,1,0.9615384615384621,940.18
GS-004988,standard,Motor,Annual,1239.0756202081052,72.0,1,0.1,116.22
GS-004989,price_sensitive,Home,Annual,1119.78,12.0,1,0.7316260413452642,768.4
GS-004990,price_sensitive,Motor,Monthly,745.4459866468843,12.0,1,0.7316260413452642,511.53
GS-004991,price_sensitive,Motor,Annual,1058.9548150684932,24.0,1,0.7440728887727786,739.03
GS-004992,price_sensitive,Life,Monthly,434.2306981981982,12.0,1,0.7316260413452642,297.97
GS-004993,standard,Motor,Monthly,693.3028566333808,24.0,1,0.9291341574190161,604.18
GS-004994,price_sensitive,Motor,Annual,895.4,12.0,1,0.7316260413452642,614.43
GS-004995,standard,Home,Monthly,1044.0858995327103,7.2,0,0.8455980328358912,828.07
GS-004996,standard,Home,Annual,666.4725,50.2,0,0.942307692307692,589.04
GS-004997,standard,Motor,Monthly,278.4487723214286,12.0,1,0.9218210586139648,240.75
GS-004998,standard,Motor,Monthly,648.0125523952096,11.2,0,0.8455980328358912,513.94
GS-004999,loyal,Home,Monthly,968.7630821917809,12.1,0,0.9872773536895676,897.07
GS-005000,standard,Travel,Monthly,794.7278076923077,48.0,1,0.942307692307692,702.39
