customer_id,recency_days,frequency_tx,frequency_renewal,monetary_total,r_score,f_tx_score,f_renewal_score,m_score,rfm_score_tx,rfm_score_renewal,segment
GS-000001,84,36,2,2284.54,2,4,3,4,244,234,standard
GS-000002,15,35,2,881.3,4,4,3,2,442,432,price_sensitive
GS-000003,3,2,0,201.04,5,1,1,1,511,511,loyal
GS-000004,341,5,4,3575.33,2,2,5,5,225,255,standard
GS-000005,1275,12,0,528.74,1,2,1,2,122,112,price_sensitive
GS-000006,14,48,3,1905.96,4,5,4,4,454,444,standard
GS-000007,20,57,4,4727.33,3,5,5,5,355,355,loyal
GS-000008,118,48,3,3356.38,2,5,4,5,255,245,standard
GS-000009,571,48,3,1393.92,1,5,4,3,153,143,price_sensitive
GS-000010,313,4,3,2553.07,2,1,4,4,214,244,price_sensitive
GS-000011,123,2,1,1658.51,2,1,2,3,213,223,standard
GS-000012,17,40,3,1639.71,4,4,4,3,443,443,standard
GS-000013,8,12,0,257.72,5,2,1,1,521,511,price_sensitive
GS-000014,967,12,0,331.16,1,2,1,1,121,111,price_sensitive
GS-000015,539,48,3,3388.12,1,5,4,5,155,145,price_sensitive
GS-000016,13,42,3,2704.87,4,5,4,4,454,444,loyal
GS-000017,227,2,1,921.27,2,1,2,2,212,222,price_sensitive
GS-000018,1154,1,0,591.67,1,1,1,2,112,112,standard
GS-000019,744,1,0,767.55,1,1,1,2,112,112,standard
GS-000020,1062,1,0,642.85,1,1,1,2,112,112,standard
GS-000021,148,36,2,2898.47,2,4,3,5,245,235,standard
GS-000022,27,48,3,2977.09,3,5,4,5,355,345,standard
GS-000023,245,48,3,4668.53,2,5,4,5,255,245,loyal
GS-000024,2,4,0,606.69,5,1,1,2,512,512,loyal
GS-000025,18,2,0,142.98,4,1,1,1,411,411,loyal
GS-000026,21,66,5,6397.5,3,5,5,5,355,355,loyal
GS-000027,1419,12,0,569.67,1,2,1,2,122,112,loyal
GS-000028,801,24,1,775.01,1,3,2,2,132,122,price_sensitive
GS-000029,27,25,2,1721.0,3,4,3,4,344,334,standard
GS-000030,24,38,3,1992.49,3,4,4,4,344,344,standard
GS-000031,161,1,0,300.51,2,1,1,1,211,211,price_sensitive
GS-000032,838,12,0,251.35,1,2,1,1,121,111,price_sensitive
GS-000033,4,58,4,4329.03,5,5,5,5,555,555,standard
GS-000034,145,2,1,893.85,2,1,2,2,212,222,price_sensitive
GS-000035,7,26,2,1587.66,5,4,3,3,543,533,loyal
GS-000036,23,33,2,2041.89,3,4,3,4,344,334,standard
GS-000037,22,37,3,1201.2,3,4,4,3,343,343,loyal
GS-000038,8,6,0,394.55,5,2,1,1,521,511,standard
GS-000039,254,24,1,1282.9,2,3,2,3,233,223,standard
GS-000040,9,4,0,237.92,5,1,1,1,511,511,standard
GS-000041,27,25,2,1701.95,3,4,3,4,344,334,standard
GS-000042,26,10,0,621.19,3,2,1,2,322,312,standard
GS-000043,27,14,1,314.07,3,3,2,1,331,321,standard
GS-000044,13,10,0,977.3,4,2,1,2,422,412,loyal
GS-000045,124,12,0,490.17,2,2,1,1,221,211,price_sensitive
GS-000046,1,21,1,485.86,5,3,2,1,531,521,price_sensitive
GS-000047,28,33,2,2670.58,3,4,3,4,344,334,standard
GS-000048,112,24,1,643.29,2,3,2,2,232,222,price_sensitive
GS-000049,3,2,0,143.44,5,1,1,1,511,511,loyal
GS-000050,106,2,1,1933.15,2,1,2,4,214,224,standard
GS-000051,9,4,0,179.06,5,1,1,1,511,511,price_sensitive
GS-000052,351,1,0,631.21,2,1,1,2,212,212,standard
GS-000053,28,33,2,1467.68,3,4,3,3,343,333,price_sensitive
GS-000054,11,7,0,274.01,4,2,1,1,421,411,price_sensitive
GS-000055,126,2,1,1507.8,2,1,2,3,213,223,loyal
GS-000056,23,63,5,3252.27,3,5,5,5,355,355,standard
GS-000057,23,32,2,838.08,3,4,3,2,342,332,standard
GS-000058,1,43,3,1486.11,5,5,4,3,553,543,price_sensitive
GS-000059,1081,24,1,1093.81,1,3,2,3,133,123,price_sensitive
GS-000060,1,52,4,3661.34,5,5,5,5,555,555,standard
GS-000061,322,5,4,3767.94,2,2,5,5,225,255,standard
GS-000062,1402,1,0,439.91,1,1,1,1,111,111,price_sensitive
GS-000063,27,5,0,181.97,3,2,1,1,321,311,standard
GS-000064,147,2,1,2361.74,2,1,2,4,214,224,loyal
GS-000065,460,24,1,2353.63,1,3,2,4,134,124,loyal
GS-000066,22,8,0,246.53,3,2,1,1,321,311,standard
GS-000067,1546,1,0,630.54,1,1,1,2,112,112,price_sensitive
GS-000068,20,13,1,747.04,3,3,2,2,332,322,standard
GS-000069,329,4,3,4634.77,2,1,4,5,215,245,loyal
GS-000070,1,19,1,1038.73,5,3,2,3,533,523,standard
GS-000071,1,23,1,1422.45,5,3,2,3,533,523,price_sensitive
GS-000072,154,4,3,1121.71,2,1,4,3,213,243,standard
GS-000073,12,22,1,1331.43,4,3,2,3,433,423,loyal
GS-000074,234,3,2,2141.49,2,1,3,4,214,234,loyal
GS-000075,12,39,3,1258.55,4,4,4,3,443,443,standard
GS-000076,439,24,1,1006.05,1,3,2,3,133,123,loyal
GS-000077,1,3,0,51.87,5,1,1,1,511,511,price_sensitive
GS-000078,184,3,2,2064.88,2,1,3,4,214,234,standard
GS-000079,338,5,4,4508.25,2,2,5,5,225,255,loyal
GS-000080,47,1,0,1177.41,3,1,1,3,313,313,standard
GS-000081,215,48,3,2245.59,2,5,4,4,254,244,price_sensitive
GS-000082,21,12,0,1055.88,3,2,1,3,323,313,loyal
GS-000083,10,19,1,878.87,4,3,2,2,432,422,standard
GS-000084,340,3,2,2383.94,2,1,3,4,214,234,standard
GS-000085,259,3,2,2254.83,2,1,3,4,214,234,standard
GS-000086,25,11,0,368.59,3,2,1,1,321,311,price_sensitive
GS-000087,10,4,0,328.1,4,1,1,1,411,411,loyal
GS-000088,12,39,3,1730.09,4,4,4,4,444,444,standard
GS-000089,11,6,5,4386.26,4,2,5,5,425,455,standard
GS-000090,220,3,2,1816.0,2,1,3,4,214,234,standard
GS-000091,9,21,1,1552.7,5,3,2,3,533,523,standard
GS-000092,1,28,2,926.33,5,4,3,2,542,532,standard
GS-000093,17,15,1,1675.21,4,3,2,3,433,423,loyal
GS-000094,1238,12,0,1042.26,1,2,1,3,123,113,standard
GS-000095,560,12,0,557.8,1,2,1,2,122,112,standard
GS-000096,303,2,1,974.97,2,1,2,2,212,222,standard
GS-000097,20,30,2,1060.26,3,4,3,3,343,333,price_sensitive
GS-000098,1,29,2,1783.44,5,4,3,4,544,534,standard
GS-000099,2,21,1,1173.24,5,3,2,3,533,523,standard
GS-000100,12,6,0,222.83,4,2,1,1,421,411,price_sensitive
GS-000101,7,34,2,2284.28,5,4,3,4,544,534,standard
GS-000102,12,30,2,1190.27,4,4,3,3,443,433,standard
GS-000103,333,1,0,613.85,2,1,1,2,212,212,standard
GS-000104,1200,3,2,435.98,1,1,3,1,111,131,price_sensitive
GS-000105,2,19,1,1001.12,5,3,2,3,533,523,standard
GS-000106,1,46,3,3093.31,5,5,4,5,555,545,loyal
GS-000107,96,2,1,1533.43,2,1,2,3,213,223,standard
GS-000108,18,25,2,1351.43,4,4,3,3,443,433,loyal
GS-000109,25,4,0,281.16,3,1,1,1,311,311,standard
GS-000110,89,60,4,3560.23,2,5,5,5,255,255,loyal
GS-000111,319,4,3,1687.03,2,1,4,4,214,244,standard
GS-000112,19,48,3,3818.75,4,5,4,5,455,445,standard
GS-000113,5,66,5,3008.85,5,5,5,5,555,555,loyal
GS-000114,923,24,1,1038.38,1,3,2,3,133,123,price_sensitive
GS-000115,3,9,0,236.49,5,2,1,1,521,511,standard
GS-000116,6,9,0,363.97,5,2,1,1,521,511,standard
GS-000117,3,3,0,274.75,5,1,1,1,511,511,standard
GS-000118,740,2,1,1987.78,1,1,2,4,114,124,standard
GS-000119,463,24,1,934.03,1,3,2,2,132,122,price_sensitive
GS-000120,131,2,1,1312.57,2,1,2,3,213,223,price_sensitive
GS-000121,24,53,4,4870.67,3,5,5,5,355,355,loyal
GS-000122,28,11,0,615.17,3,2,1,2,322,312,price_sensitive
GS-000123,45,2,1,1428.55,3,1,2,3,313,323,standard
GS-000124,13,2,1,844.19,4,1,2,2,412,422,price_sensitive
GS-000125,134,5,4,4549.73,2,2,5,5,225,255,loyal
GS-000126,161,6,5,6354.95,2,2,5,5,225,255,loyal
GS-000127,28,48,3,5889.55,3,5,4,5,355,345,standard
GS-000128,1,6,0,523.44,5,2,1,1,521,511,loyal
GS-000129,18,40,3,2387.73,4,4,4,4,444,444,standard
GS-000130,1336,12,0,538.39,1,2,1,2,122,112,price_sensitive
GS-000131,1465,1,0,502.73,1,1,1,1,111,111,price_sensitive
GS-000132,27,48,3,2234.6,3,5,4,4,354,344,standard
GS-000133,6,44,3,2232.88,5,5,4,4,554,544,standard
GS-000134,6,2,0,70.79,5,1,1,1,511,511,price_sensitive
GS-000135,20,7,0,178.91,3,2,1,1,321,311,price_sensitive
GS-000136,1032,24,1,2320.65,1,3,2,4,134,124,loyal
GS-000137,178,4,3,2429.2,2,1,4,4,214,244,standard
GS-000138,441,12,0,398.9,1,2,1,1,121,111,price_sensitive
GS-000139,23,62,5,11277.74,3,5,5,5,355,355,loyal
GS-000140,24,31,2,950.33,3,4,3,2,342,332,price_sensitive
GS-000141,2,37,3,1425.56,5,4,4,3,543,543,loyal
GS-000142,172,2,1,1421.38,2,1,2,3,213,223,standard
GS-000143,19,34,2,1566.26,4,4,3,3,443,433,price_sensitive
GS-000144,11,34,2,2116.79,4,4,3,4,444,434,standard
GS-000145,55,2,1,1229.16,3,1,2,3,313,323,loyal
GS-000146,23,7,0,224.19,3,2,1,1,321,311,price_sensitive
GS-000147,21,42,3,2287.24,3,5,4,4,354,344,loyal
GS-000148,15,44,3,2015.18,4,5,4,4,454,444,standard
GS-000149,14,36,2,1108.54,4,4,3,3,443,433,standard
GS-000150,28,7,0,544.49,3,2,1,2,322,312,loyal
GS-000151,6,25,2,986.55,5,4,3,3,543,533,standard
GS-000152,22,22,1,376.85,3,3,2,1,331,321,price_sensitive
GS-000153,14,47,3,1043.84,4,5,4,3,453,443,price_sensitive
GS-000154,257,3,2,1405.13,2,1,3,3,213,233,standard
GS-000155,10,28,2,1391.06,4,4,3,3,443,433,standard
GS-000156,8,30,2,2492.44,5,4,3,4,544,534,standard
GS-000157,359,3,2,1156.06,2,1,3,3,213,233,standard
GS-000158,177,36,2,993.79,2,4,3,3,243,233,price_sensitive
GS-000159,861,1,0,415.9,1,1,1,1,111,111,price_sensitive
GS-000160,340,4,3,2043.23,2,1,4,4,214,244,standard
GS-000161,967,12,0,710.51,1,2,1,2,122,112,standard
GS-000162,14,20,1,1480.61,4,3,2,3,433,423,standard
GS-000163,12,59,4,3098.94,4,5,5,5,455,455,standard
GS-000164,9,37,3,1469.36,5,4,4,3,543,543,standard
GS-000165,21,18,1,1016.18,3,3,2,3,333,323,standard
GS-000166,95,1,0,534.25,2,1,1,2,212,212,standard
GS-000167,932,36,2,1619.98,1,4,3,3,143,133,standard
GS-000168,3,49,4,1146.81,5,5,5,3,553,553,standard
GS-000169,252,2,1,1655.12,2,1,2,3,213,223,standard
GS-000170,1,24,1,1334.05,5,3,2,3,533,523,standard
GS-000171,1,12,0,911.65,5,2,1,2,522,512,loyal
GS-000172,24,6,0,344.65,3,2,1,1,321,311,standard
GS-000173,5,6,0,156.94,5,2,1,1,521,511,price_sensitive
GS-000174,919,24,1,2178.92,1,3,2,4,134,124,standard
GS-000175,1,24,1,2128.76,5,3,2,4,534,524,standard
GS-000176,300,5,4,2215.56,2,2,5,4,224,254,standard
GS-000177,263,2,1,783.93,2,1,2,2,212,222,standard
GS-000178,955,12,0,1193.24,1,2,1,3,123,113,standard
GS-000179,7,34,2,1682.91,5,4,3,3,543,533,standard
GS-000180,397,4,3,1681.5,2,1,4,3,213,243,price_sensitive
GS-000181,21,11,0,498.64,3,2,1,1,321,311,standard
GS-000182,674,24,1,1248.54,1,3,2,3,133,123,standard
GS-000183,5,6,0,525.18,5,2,1,2,522,512,loyal
GS-000184,2,49,4,3869.17,5,5,5,5,555,555,standard
GS-000185,5,15,1,495.42,5,3,2,1,531,521,price_sensitive
GS-000186,1,39,3,2706.8,5,4,4,4,544,544,standard
GS-000187,19,31,2,1645.65,4,4,3,3,443,433,standard
GS-000188,23,66,5,3424.57,3,5,5,5,355,355,loyal
GS-000189,7,18,1,1178.61,5,3,2,3,533,523,loyal
GS-000190,108,60,4,3292.42,2,5,5,5,255,255,standard
GS-000191,15,64,5,2935.12,4,5,5,5,455,455,standard
GS-000192,9,19,1,1376.46,5,3,2,3,533,523,loyal
GS-000193,26,21,1,2071.23,3,3,2,4,334,324,loyal
GS-000194,227,3,2,1836.45,2,1,3,4,214,234,standard
GS-000195,304,12,0,683.53,2,2,1,2,222,212,standard
GS-000196,1283,24,1,724.12,1,3,2,2,132,122,price_sensitive
GS-000197,1,16,1,1434.61,5,3,2,3,533,523,loyal
GS-000198,136,5,4,4668.3,2,2,5,5,225,255,standard
GS-000199,8,25,2,990.37,5,4,3,3,543,533,standard
GS-000200,23,14,1,814.79,3,3,2,2,332,322,standard
GS-000201,1,39,3,2489.89,5,4,4,4,544,544,loyal
GS-000202,20,7,0,267.96,3,2,1,1,321,311,price_sensitive
GS-000203,1056,24,1,609.69,1,3,2,2,132,122,price_sensitive
GS-000204,304,24,1,1204.66,2,3,2,3,233,223,standard
GS-000205,199,1,0,698.99,2,1,1,2,212,212,standard
GS-000206,37,12,0,482.78,3,2,1,1,321,311,standard
GS-000207,390,12,0,1012.08,2,2,1,3,223,213,loyal
GS-000208,15,38,3,2722.15,4,4,4,4,444,444,loyal
GS-000209,12,25,2,1041.58,4,4,3,3,443,433,standard
GS-000210,18,32,2,2271.5,4,4,3,4,444,434,standard
GS-000211,7,63,5,2500.18,5,5,5,4,554,554,standard
GS-000212,896,24,1,983.43,1,3,2,2,132,122,price_sensitive
GS-000213,9,64,5,3268.06,5,5,5,5,555,555,standard
GS-000214,2,5,0,291.92,5,2,1,1,521,511,price_sensitive
GS-000215,26,27,2,1602.15,3,4,3,3,343,333,loyal
GS-000216,19,20,1,1324.78,4,3,2,3,433,423,loyal
GS-000217,1113,24,1,1180.75,1,4,2,3,143,123,price_sensitive
GS-000218,1462,12,0,246.06,1,2,1,1,121,111,price_sensitive
GS-000219,15,41,3,2851.31,4,4,4,4,444,444,loyal
GS-000220,115,1,0,1402.06,2,1,1,3,213,213,loyal
GS-000221,937,1,0,686.54,1,1,1,2,112,112,standard
GS-000222,319,3,2,2571.9,2,1,3,4,214,234,standard
GS-000223,159,4,3,1127.49,2,1,4,3,213,243,price_sensitive
GS-000224,1,22,1,1080.16,5,3,2,3,533,523,standard
GS-000225,477,1,0,354.95,1,1,1,1,111,111,standard
GS-000226,27,52,4,2576.19,3,5,5,4,354,354,standard
GS-000227,1,33,2,1040.61,5,4,3,3,543,533,standard
GS-000228,93,2,1,1485.36,2,1,2,3,213,223,standard
GS-000229,180,6,5,3281.36,2,2,5,5,225,255,standard
GS-000230,3,5,0,329.85,5,2,1,1,521,511,loyal
GS-000231,166,1,0,793.72,2,1,1,2,212,212,standard
GS-000232,20,6,0,238.11,3,2,1,1,321,311,standard
GS-000233,1,14,1,415.49,5,3,2,1,531,521,standard
GS-000234,123,4,3,6182.21,2,1,4,5,215,245,loyal
GS-000235,940,12,0,330.79,1,2,1,1,121,111,price_sensitive
GS-000236,25,58,4,2790.76,3,5,5,4,354,354,standard
GS-000237,22,27,2,1083.77,3,4,3,3,343,333,price_sensitive
GS-000238,580,24,1,1211.17,1,4,2,3,143,123,price_sensitive
GS-000239,9,23,1,926.76,5,3,2,2,532,522,price_sensitive
GS-000240,17,46,3,1407.54,4,5,4,3,453,443,price_sensitive
GS-000241,21,34,2,1401.43,3,4,3,3,343,333,standard
GS-000242,403,24,1,497.68,2,4,2,1,241,221,price_sensitive
GS-000243,13,23,1,1402.07,4,3,2,3,433,423,price_sensitive
GS-000244,20,60,4,2342.8,3,5,5,4,354,354,standard
GS-000245,18,27,2,1592.98,4,4,3,3,443,433,loyal
GS-000246,1225,12,0,470.76,1,2,1,1,121,111,price_sensitive
GS-000247,695,12,0,561.11,1,2,1,2,122,112,price_sensitive
GS-000248,9,13,1,209.14,5,3,2,1,531,521,price_sensitive
GS-000249,266,5,4,3662.91,2,2,5,5,225,255,loyal
GS-000250,24,11,0,265.64,3,2,1,1,321,311,price_sensitive
GS-000251,1240,12,0,878.22,1,2,1,2,122,112,loyal
GS-000252,123,2,1,943.71,2,1,2,2,212,222,standard
GS-000253,9,57,4,3223.92,5,5,5,5,555,555,loyal
GS-000254,732,36,2,1516.1,1,4,3,3,143,133,standard
GS-000255,1,5,0,398.06,5,2,1,1,521,511,standard
GS-000256,18,48,3,5960.11,4,5,4,5,455,445,loyal
GS-000257,27,31,2,2362.57,3,4,3,4,344,334,loyal
GS-000258,22,10,0,1025.74,3,2,1,3,323,313,standard
GS-000259,113,2,1,1416.5,2,1,2,3,213,223,standard
GS-000260,11,6,0,217.91,4,2,1,1,421,411,price_sensitive
GS-000261,6,59,4,5355.42,5,5,5,5,555,555,loyal
GS-000262,9,3,0,291.47,5,1,1,1,511,511,loyal
GS-000263,8,59,4,7202.34,5,5,5,5,555,555,loyal
GS-000264,956,12,0,952.45,1,2,1,2,122,112,standard
GS-000265,1,58,4,4254.9,5,5,5,5,555,555,loyal
GS-000266,4,57,4,3474.76,5,5,5,5,555,555,standard
GS-000267,970,3,2,891.29,1,1,3,2,112,132,price_sensitive
GS-000268,3,5,0,279.86,5,2,1,1,521,511,loyal
GS-000269,26,16,1,636.83,3,3,2,2,332,322,standard
GS-000270,11,50,4,3787.5,4,5,5,5,455,455,loyal
GS-000271,26,3,0,150.42,3,1,1,1,311,311,loyal
GS-000272,1,67,5,5308.5,5,5,5,5,555,555,standard
GS-000273,1,12,0,2235.54,5,2,1,4,524,514,loyal
GS-000274,179,24,1,846.21,2,4,2,2,242,222,price_sensitive
GS-000275,19,19,1,1335.84,4,3,2,3,433,423,standard
GS-000276,16,39,3,1369.19,4,4,4,3,443,443,standard
GS-000277,190,1,0,876.46,2,1,1,2,212,212,standard
GS-000278,20,24,1,2052.67,3,4,2,4,344,324,loyal
GS-000279,70,12,0,529.77,3,2,1,2,322,312,price_sensitive
GS-000280,17,51,4,5521.11,4,5,5,5,455,455,loyal
GS-000281,24,5,4,2985.22,3,2,5,5,325,355,standard
GS-000282,28,10,0,1196.59,3,2,1,3,323,313,loyal
GS-000283,1136,12,0,637.15,1,2,1,2,122,112,standard
GS-000284,490,36,2,1442.42,1,4,3,3,143,133,standard
GS-000285,288,5,4,2052.55,2,2,5,4,224,254,standard
GS-000286,19,9,0,524.07,4,2,1,2,422,412,standard
GS-000287,1364,1,0,580.57,1,1,1,2,112,112,standard
GS-000288,26,38,3,1766.45,3,4,4,4,344,344,standard
GS-000289,13,8,0,534.78,4,2,1,2,422,412,standard
GS-000290,14,14,1,419.61,4,3,2,1,431,421,price_sensitive
GS-000291,20,28,2,1079.92,3,4,3,3,343,333,standard
GS-000292,1312,1,0,735.97,1,1,1,2,112,112,price_sensitive
GS-000293,11,15,1,1021.48,4,3,2,3,433,423,loyal
GS-000294,734,1,0,244.59,1,1,1,1,111,111,price_sensitive
GS-000295,20,7,0,566.79,3,2,1,2,322,312,standard
GS-000296,1184,1,0,691.79,1,1,1,2,112,112,standard
GS-000297,56,36,2,2830.55,3,4,3,4,344,334,loyal
GS-000298,10,63,5,5362.51,4,5,5,5,455,455,standard
GS-000299,326,1,0,506.26,2,1,1,1,211,211,standard
GS-000300,4,12,0,450.59,5,2,1,1,521,511,standard
GS-000301,17,52,4,3042.13,4,5,5,5,455,455,standard
GS-000302,444,12,0,415.31,1,2,1,1,121,111,price_sensitive
GS-000303,1281,12,0,1178.61,1,2,1,3,123,113,standard
GS-000304,77,1,0,396.43,2,1,1,1,211,211,price_sensitive
GS-000305,1,32,2,2513.71,5,4,3,4,544,534,standard
GS-000306,26,38,3,2954.35,3,4,4,5,345,345,loyal
GS-000307,26,23,1,2060.73,3,3,2,4,334,324,loyal
GS-000308,16,24,1,1918.97,4,4,2,4,444,424,standard
GS-000309,21,15,1,1140.06,3,3,2,3,333,323,loyal
GS-000310,181,1,0,1364.45,2,1,1,3,213,213,standard
GS-000311,399,4,3,907.77,2,1,4,2,212,242,price_sensitive
GS-000312,24,27,2,1983.34,3,4,3,4,344,334,standard
GS-000313,135,2,1,1036.66,2,1,2,3,213,223,standard
GS-000314,3,31,2,1242.83,5,4,3,3,543,533,standard
GS-000315,13,3,0,164.71,4,1,1,1,411,411,standard
GS-000316,11,21,1,1485.6,4,3,2,3,433,423,standard
GS-000317,10,23,1,2468.89,4,3,2,4,434,424,loyal
GS-000318,19,42,3,3108.49,4,5,4,5,455,445,loyal
GS-000319,20,25,2,1422.59,3,4,3,3,343,333,standard
GS-000320,98,4,3,3254.79,2,1,4,5,215,245,standard
GS-000321,362,1,0,830.58,2,1,1,2,212,212,standard
GS-000322,25,35,2,933.05,3,4,3,2,342,332,price_sensitive
GS-000323,36,12,0,842.52,3,2,1,2,322,312,loyal
GS-000324,718,3,2,1362.97,1,1,3,3,113,133,price_sensitive
GS-000325,445,24,1,1810.42,1,4,2,4,144,124,standard
GS-000326,1,67,5,3035.77,5,5,5,5,555,555,loyal
GS-000327,1463,12,0,634.38,1,2,1,2,122,112,standard
GS-000328,847,36,2,3122.93,1,4,3,5,145,135,standard
GS-000329,241,1,0,628.27,2,1,1,2,212,212,standard
GS-000330,597,24,1,878.64,1,4,2,2,142,122,price_sensitive
GS-000331,13,43,3,3577.02,4,5,4,5,455,445,loyal
GS-000332,13,30,2,931.55,4,4,3,2,442,432,standard
GS-000333,329,3,2,2666.75,2,1,3,4,214,234,standard
GS-000334,24,49,4,2010.5,3,5,5,4,354,354,standard
GS-000335,19,9,0,397.36,4,2,1,1,421,411,standard
GS-000336,17,14,1,682.41,4,3,2,2,432,422,standard
GS-000337,1,33,2,1124.5,5,4,3,3,543,533,loyal
GS-000338,19,57,4,3925.2,4,5,5,5,455,455,loyal
GS-000339,550,48,3,1452.47,1,5,4,3,153,143,price_sensitive
GS-000340,32,2,1,1092.87,3,1,2,3,313,323,standard
GS-000341,346,48,3,3730.6,2,5,4,5,255,245,standard
GS-000342,22,23,1,1662.51,3,3,2,3,333,323,standard
GS-000343,13,64,5,2983.83,4,5,5,5,455,455,standard
GS-000344,450,4,3,1436.6,1,1,4,3,113,143,price_sensitive
GS-000345,15,6,5,4055.08,4,2,5,5,425,455,standard
GS-000346,21,8,0,256.46,3,2,1,1,321,311,price_sensitive
GS-000347,6,11,0,221.55,5,2,1,1,521,511,price_sensitive
GS-000348,262,2,1,936.71,2,1,2,2,212,222,standard
GS-000349,8,31,2,2056.42,5,4,3,4,544,534,standard
GS-000350,343,5,4,5412.39,2,2,5,5,225,255,loyal
GS-000351,50,1,0,184.08,3,1,1,1,311,311,price_sensitive
GS-000352,1,22,1,1205.26,5,3,2,3,533,523,loyal
GS-000353,143,5,4,5706.97,2,2,5,5,225,255,loyal
GS-000354,16,47,3,1592.02,4,5,4,3,453,443,standard
GS-000355,322,5,4,3149.87,2,2,5,5,225,255,standard
GS-000356,271,12,0,495.59,2,2,1,1,221,211,price_sensitive
GS-000357,1,18,1,830.08,5,3,2,2,532,522,loyal
GS-000358,427,2,1,1197.27,1,1,2,3,113,123,standard
GS-000359,13,44,3,2570.24,4,5,4,4,454,444,standard
GS-000360,3,59,4,6561.07,5,5,5,5,555,555,loyal
GS-000361,15,26,2,1598.27,4,4,3,3,443,433,standard
GS-000362,23,49,4,1952.22,3,5,5,4,354,354,standard
GS-000363,15,37,3,3578.27,4,4,4,5,445,445,standard
GS-000364,52,12,0,271.69,3,2,1,1,321,311,price_sensitive
GS-000365,1,12,0,565.05,5,2,1,2,522,512,loyal
GS-000366,25,6,0,362.47,3,2,1,1,321,311,standard
GS-000367,12,33,2,2605.48,4,4,3,4,444,434,loyal
GS-000368,157,4,3,4010.09,2,1,4,5,215,245,standard
GS-000369,618,12,0,369.84,1,2,1,1,121,111,price_sensitive
GS-000370,1569,1,0,275.52,1,1,1,1,111,111,price_sensitive
GS-000371,2,3,0,139.52,5,1,1,1,511,511,loyal
GS-000372,154,4,3,2721.04,2,1,4,4,214,244,standard
GS-000373,25,42,3,1712.38,3,5,4,4,354,344,standard
GS-000374,1,5,0,419.15,5,2,1,1,521,511,standard
GS-000375,10,9,0,642.89,4,2,1,2,422,412,standard
GS-000376,87,2,1,1374.26,2,1,2,3,213,223,loyal
GS-000377,11,23,1,1364.21,4,3,2,3,433,423,standard
GS-000378,22,42,3,3102.54,3,5,4,5,355,345,standard
GS-000379,28,19,1,1613.5,3,3,2,3,333,323,standard
GS-000380,2,50,4,4321.45,5,5,5,5,555,555,loyal
GS-000381,1,6,0,367.77,5,2,1,1,521,511,standard
GS-000382,1043,1,0,329.44,1,1,1,1,111,111,price_sensitive
GS-000383,5,50,4,3273.66,5,5,5,5,555,555,loyal
GS-000384,22,39,3,2355.08,3,4,4,4,344,344,standard
GS-000385,538,1,0,400.74,1,1,1,1,111,111,price_sensitive
GS-000386,1623,12,0,1330.47,1,2,1,3,123,113,standard
GS-000387,1,46,3,1994.83,5,5,4,4,554,544,standard
GS-000388,14,11,0,964.13,4,2,1,2,422,412,standard
GS-000389,192,5,4,3447.36,2,2,5,5,225,255,loyal
GS-000390,20,34,2,1951.65,3,4,3,4,344,334,loyal
GS-000391,2,51,4,2256.49,5,5,5,4,554,554,standard
GS-000392,2,11,0,545.5,5,2,1,2,522,512,price_sensitive
GS-000393,586,12,0,463.52,1,2,1,1,121,111,price_sensitive
GS-000394,22,61,5,4836.5,3,5,5,5,355,355,standard
GS-000395,13,2,0,54.96,4,1,1,1,411,411,price_sensitive
GS-000396,24,55,4,2867.81,3,5,5,4,354,354,standard
GS-000397,6,35,2,1843.14,5,4,3,4,544,534,standard
GS-000398,5,10,0,255.1,5,2,1,1,521,511,standard
GS-000399,1526,1,0,517.29,1,1,1,1,111,111,standard
GS-000400,11,51,4,3564.01,4,5,5,5,455,455,loyal
GS-000401,5,43,3,2572.56,5,5,4,4,554,544,standard
GS-000402,311,1,0,459.59,2,1,1,1,211,211,price_sensitive
GS-000403,302,3,2,1660.97,2,1,3,3,213,233,standard
GS-000404,7,52,4,3437.23,5,5,5,5,555,555,standard
GS-000405,3,28,2,1755.73,5,4,3,4,544,534,standard
GS-000406,567,4,3,1317.4,1,1,4,3,113,143,price_sensitive
GS-000407,500,1,0,751.09,1,1,1,2,112,112,standard
GS-000408,20,22,1,2088.33,3,3,2,4,334,324,standard
GS-000409,286,1,0,1120.81,2,1,1,3,213,213,standard
GS-000410,45,2,1,1801.71,3,1,2,4,314,324,loyal
GS-000411,10,15,1,662.03,4,3,2,2,432,422,standard
GS-000412,1311,12,0,257.9,1,2,1,1,121,111,price_sensitive
GS-000413,1084,2,1,3117.46,1,1,2,5,115,125,loyal
GS-000414,620,12,0,415.52,1,2,1,1,121,111,price_sensitive
GS-000415,10,13,1,483.89,4,3,2,1,431,421,standard
GS-000416,24,36,2,2784.32,3,4,3,4,344,334,loyal
GS-000417,8,4,0,132.88,5,1,1,1,511,511,price_sensitive
GS-000418,16,23,1,841.94,4,3,2,2,432,422,price_sensitive
GS-000419,447,36,2,1526.61,1,4,3,3,143,133,standard
GS-000420,603,12,0,394.21,1,2,1,1,121,111,loyal
GS-000421,936,36,2,1728.47,1,4,3,4,144,134,price_sensitive
GS-000422,189,3,2,2604.1,2,1,3,4,214,234,loyal
GS-000423,1,11,0,210.6,5,2,1,1,521,511,price_sensitive
GS-000424,560,12,0,520.99,1,2,1,1,121,111,price_sensitive
GS-000425,817,36,2,1224.05,1,4,3,3,143,133,standard
GS-000426,9,33,2,1480.38,5,4,3,3,543,533,loyal
GS-000427,5,25,2,1356.45,5,4,3,3,543,533,standard
GS-000428,12,49,4,3889.92,4,5,5,5,455,455,loyal
GS-000429,17,57,4,3480.19,4,5,5,5,455,455,loyal
GS-000430,25,21,1,693.35,3,3,2,2,332,322,price_sensitive
GS-000431,19,27,2,1966.77,4,4,3,4,444,434,standard
GS-000432,11,7,0,230.3,4,2,1,1,421,411,standard
GS-000433,201,12,0,352.46,2,2,1,1,221,211,price_sensitive
GS-000434,415,2,1,637.22,1,1,2,2,112,122,price_sensitive
GS-000435,769,36,2,3144.29,1,4,3,5,145,135,standard
GS-000436,734,2,1,894.32,1,1,2,2,112,122,standard
GS-000437,17,35,2,2605.66,4,4,3,4,444,434,standard
GS-000438,11,3,2,1620.24,4,1,3,3,413,433,loyal
GS-000439,209,12,0,700.62,2,2,1,2,222,212,standard
GS-000440,534,36,2,1654.2,1,4,3,3,143,133,price_sensitive
GS-000441,27,21,1,1116.78,3,3,2,3,333,323,standard
GS-000442,26,15,1,837.15,3,3,2,2,332,322,standard
GS-000443,211,1,0,1333.27,2,1,1,3,213,213,standard
GS-000444,9,37,3,1338.4,5,4,4,3,543,543,standard
GS-000445,229,4,3,1955.8,2,1,4,4,214,244,standard
GS-000446,1334,12,0,422.54,1,2,1,1,121,111,standard
GS-000447,3,25,2,2389.94,5,4,3,4,544,534,standard
GS-000448,1080,24,1,1303.43,1,4,2,3,143,123,price_sensitive
GS-000449,1,52,4,5520.21,5,5,5,5,555,555,loyal
GS-000450,5,62,5,3237.37,5,5,5,5,555,555,standard
GS-000451,12,56,4,6630.19,4,5,5,5,455,455,loyal
GS-000452,1,7,0,470.99,5,2,1,1,521,511,standard
GS-000453,217,48,3,2596.75,2,5,4,4,254,244,standard
GS-000454,1,60,4,2507.92,5,5,5,4,554,554,standard
GS-000455,5,2,0,47.1,5,1,1,1,511,511,price_sensitive
GS-000456,293,4,3,4386.76,2,1,4,5,215,245,loyal
GS-000457,24,42,3,3239.09,3,5,4,5,355,345,loyal
GS-000458,63,2,1,1183.08,3,1,2,3,313,323,standard
GS-000459,217,5,4,1005.04,2,2,5,3,223,253,standard
GS-000460,357,12,0,282.15,2,2,1,1,221,211,price_sensitive
GS-000461,11,8,0,285.58,4,2,1,1,421,411,price_sensitive
GS-000462,12,61,5,2695.44,4,5,5,4,454,454,standard
GS-000463,1483,12,0,474.55,1,2,1,1,121,111,price_sensitive
GS-000464,593,3,2,2000.01,1,1,3,4,114,134,standard
GS-000465,11,47,3,1960.95,4,5,4,4,454,444,standard
GS-000466,17,42,3,1023.05,4,5,4,3,453,443,price_sensitive
GS-000467,13,9,0,865.92,4,2,1,2,422,412,standard
GS-000468,447,48,3,1337.9,1,5,4,3,153,143,price_sensitive
GS-000469,19,15,1,1060.59,4,3,2,3,433,423,standard
GS-000470,7,44,3,2653.94,5,5,4,4,554,544,standard
GS-000471,387,24,1,920.09,2,4,2,2,242,222,price_sensitive
GS-000472,260,3,2,1404.84,2,1,3,3,213,233,standard
GS-000473,6,31,2,2339.65,5,4,3,4,544,534,standard
GS-000474,1228,3,2,2504.05,1,1,3,4,114,134,standard
GS-000475,24,34,2,2050.81,3,4,3,4,344,334,loyal
GS-000476,25,15,1,790.72,3,3,2,2,332,322,standard
GS-000477,2,37,3,2907.69,5,4,4,5,545,545,standard
GS-000478,821,1,0,676.01,1,1,1,2,112,112,price_sensitive
GS-000479,880,24,1,767.51,1,4,2,2,142,122,price_sensitive
GS-000480,11,42,3,2460.47,4,5,4,4,454,444,standard
GS-000481,97,3,2,1981.21,2,1,3,4,214,234,loyal
GS-000482,123,1,0,712.49,2,1,1,2,212,212,price_sensitive
GS-000483,5,23,1,2016.73,5,3,2,4,534,524,standard
GS-000484,13,3,2,1723.44,4,1,3,4,414,434,price_sensitive
GS-000485,27,11,0,328.49,3,2,1,1,321,311,price_sensitive
GS-000486,854,36,2,1814.19,1,4,3,4,144,134,standard
GS-000487,788,12,0,690.32,1,2,1,2,122,112,price_sensitive
GS-000488,1645,2,1,687.43,1,1,2,2,112,122,price_sensitive
GS-000489,7,16,1,974.22,5,3,2,2,532,522,standard
GS-000490,2,37,3,1382.53,5,4,4,3,543,543,standard
GS-000491,929,1,0,485.78,1,1,1,1,111,111,price_sensitive
GS-000492,341,1,0,1595.96,2,1,1,3,213,213,loyal
GS-000493,505,3,2,2529.88,1,1,3,4,114,134,standard
GS-000494,123,2,1,667.97,2,1,2,2,212,222,price_sensitive
GS-000495,14,44,3,1924.9,4,5,4,4,454,444,loyal
GS-000496,359,1,0,530.59,2,1,1,2,212,212,loyal
GS-000497,17,3,0,139.3,4,1,1,1,411,411,price_sensitive
GS-000498,499,24,1,633.4,1,4,2,2,142,122,price_sensitive
GS-000499,28,49,4,2568.3,3,5,5,4,354,354,loyal
GS-000500,192,1,0,334.66,2,1,1,1,211,211,price_sensitive
GS-000501,650,4,3,1545.7,1,1,4,3,113,143,price_sensitive
GS-000502,112,5,4,3762.22,2,2,5,5,225,255,standard
GS-000503,521,12,0,295.05,1,2,1,1,121,111,price_sensitive
GS-000504,21,35,2,1003.92,3,4,3,3,343,333,price_sensitive
GS-000505,1122,2,1,526.13,1,1,2,2,112,122,price_sensitive
GS-000506,708,1,0,779.22,1,1,1,2,112,112,standard
GS-000507,16,46,3,4257.94,4,5,4,5,455,445,loyal
GS-000508,16,42,3,2582.9,4,5,4,4,454,444,standard
GS-000509,24,16,1,852.53,3,3,2,2,332,322,standard
GS-000510,12,31,2,801.63,4,4,3,2,442,432,standard
GS-000511,14,14,1,610.31,4,3,2,2,432,422,loyal
GS-000512,711,36,2,1814.97,1,4,3,4,144,134,standard
GS-000513,20,10,0,305.83,3,2,1,1,321,311,standard
GS-000514,265,4,3,6881.71,2,1,4,5,215,245,loyal
GS-000515,123,5,4,2480.7,2,2,5,4,224,254,loyal
GS-000516,47,3,2,558.62,3,1,3,2,312,332,price_sensitive
GS-000517,346,3,2,2922.6,2,1,3,5,215,235,loyal
GS-000518,500,4,3,3123.62,1,1,4,5,115,145,price_sensitive
GS-000519,1,39,3,4480.99,5,4,4,5,545,545,standard
GS-000520,736,12,0,187.09,1,2,1,1,121,111,price_sensitive
GS-000521,18,11,0,715.62,4,2,1,2,422,412,standard
GS-000522,21,36,2,1049.81,3,4,3,3,343,333,standard
GS-000523,1,38,3,2520.76,5,4,4,4,544,544,standard
GS-000524,460,48,3,1535.73,1,5,4,3,153,143,price_sensitive
GS-000525,1,63,5,2753.09,5,5,5,4,554,554,standard
GS-000526,10,51,4,3135.28,4,5,5,5,455,455,standard
GS-000527,129,2,1,1426.26,2,1,2,3,213,223,standard
GS-000528,11,16,1,884.43,4,3,2,2,432,422,loyal
GS-000529,4,4,0,105.22,5,1,1,1,511,511,standard
GS-000530,13,12,0,734.1,4,2,1,2,422,412,standard
GS-000531,161,12,0,641.92,2,2,1,2,222,212,price_sensitive
GS-000532,25,62,5,3020.84,3,5,5,5,355,355,standard
GS-000533,15,32,2,1812.83,4,4,3,4,444,434,loyal
GS-000534,40,2,1,1951.58,3,1,2,4,314,324,standard
GS-000535,98,3,2,3175.06,2,1,3,5,215,235,standard
GS-000536,23,52,4,2253.6,3,5,5,4,354,354,standard
GS-000537,27,15,1,798.75,3,3,2,2,332,322,standard
GS-000538,4,43,3,6634.0,5,5,4,5,555,545,loyal
GS-000539,1645,12,0,300.55,1,2,1,1,121,111,price_sensitive
GS-000540,10,29,2,1188.24,4,4,3,3,443,433,standard
GS-000541,20,16,1,548.58,3,3,2,2,332,322,price_sensitive
GS-000542,789,1,0,337.63,1,1,1,1,111,111,price_sensitive
GS-000543,12,34,2,829.35,4,4,3,2,442,432,price_sensitive
GS-000544,26,29,2,1591.91,3,4,3,3,343,333,price_sensitive
GS-000545,6,25,2,1556.0,5,4,3,3,543,533,loyal
GS-000546,1,3,0,212.63,5,1,1,1,511,511,standard
GS-000547,13,32,2,2017.94,4,4,3,4,444,434,loyal
GS-000548,18,16,1,538.84,4,3,2,2,432,422,price_sensitive
GS-000549,2,2,0,42.58,5,1,1,1,511,511,price_sensitive
GS-000550,14,57,4,1899.72,4,5,5,4,454,454,standard
GS-000551,1,40,3,1635.74,5,4,4,3,543,543,standard
GS-000552,1056,24,1,702.76,1,4,2,2,142,122,price_sensitive
GS-000553,4,32,2,1866.95,5,4,3,4,544,534,standard
GS-000554,198,5,4,3988.18,2,2,5,5,225,255,standard
GS-000555,15,16,1,699.55,4,3,2,2,432,422,loyal
GS-000556,15,37,3,2159.1,4,4,4,4,444,444,standard
GS-000557,1,14,1,503.03,5,3,2,1,531,521,price_sensitive
GS-000558,18,23,1,912.47,4,3,2,2,432,422,standard
GS-000559,6,50,4,1861.01,5,5,5,4,554,554,standard
GS-000560,11,31,2,1983.98,4,4,3,4,444,434,standard
GS-000561,688,12,0,595.99,1,2,1,2,122,112,standard
GS-000562,367,36,2,1972.51,2,4,3,4,244,234,standard
GS-000563,1,42,3,2323.07,5,5,4,4,554,544,standard
GS-000564,1553,1,0,579.82,1,1,1,2,112,112,standard
GS-000565,27,22,1,1513.65,3,3,2,3,333,323,standard
GS-000566,133,3,2,1748.5,2,1,3,4,214,234,standard
GS-000567,23,36,2,2653.67,3,4,3,4,344,334,loyal
GS-000568,9,58,4,4494.22,5,5,5,5,555,555,loyal
GS-000569,241,1,0,1003.07,2,1,1,3,213,213,loyal
GS-000570,18,59,4,2827.66,4,5,5,4,454,454,standard
GS-000571,9,20,1,1369.2,5,3,2,3,533,523,standard
GS-000572,24,31,2,782.01,3,4,3,2,342,332,price_sensitive
GS-000573,20,50,4,8087.81,3,5,5,5,355,355,loyal
GS-000574,1,19,1,732.29,5,3,2,2,532,522,standard
GS-000575,21,59,4,2480.75,3,5,5,4,354,354,standard
GS-000576,4,42,3,2980.67,5,5,4,5,555,545,loyal
GS-000577,18,15,1,949.86,4,3,2,2,432,422,loyal
GS-000578,270,2,1,1598.14,2,1,2,3,213,223,loyal
GS-000579,28,15,1,1245.56,3,3,2,3,333,323,loyal
GS-000580,1001,12,0,274.92,1,2,1,1,121,111,price_sensitive
GS-000581,24,5,0,366.31,3,2,1,1,321,311,standard
GS-000582,17,3,0,214.56,4,1,1,1,411,411,standard
GS-000583,12,31,2,3167.65,4,4,3,5,445,435,loyal
GS-000584,6,21,1,3015.21,5,3,2,5,535,525,loyal
GS-000585,793,24,1,1083.11,1,4,2,3,143,123,standard
GS-000586,15,2,0,86.87,4,1,1,1,411,411,standard
GS-000587,1,8,0,1067.53,5,2,1,3,523,513,standard
GS-000588,263,1,0,558.43,2,1,1,2,212,212,price_sensitive
GS-000589,23,19,1,765.72,3,3,2,2,332,322,standard
GS-000590,541,48,3,2368.27,1,5,4,4,154,144,price_sensitive
GS-000591,1,7,0,228.81,5,2,1,1,521,511,price_sensitive
GS-000592,946,12,0,577.46,1,2,1,2,122,112,price_sensitive
GS-000593,4,5,4,6084.09,5,2,5,5,525,555,loyal
GS-000594,337,4,3,1853.95,2,1,4,4,214,244,loyal
GS-000595,154,2,1,3208.71,2,1,2,5,215,225,standard
GS-000596,1,24,1,1835.95,5,4,2,4,544,524,standard
GS-000597,316,3,2,1196.12,2,1,3,3,213,233,standard
GS-000598,1493,12,0,650.25,1,2,1,2,122,112,standard
GS-000599,224,1,0,695.01,2,1,1,2,212,212,price_sensitive
GS-000600,1698,1,0,942.42,1,1,1,2,112,112,standard
GS-000601,14,40,3,1907.82,4,4,4,4,444,444,loyal
GS-000602,372,12,0,466.7,2,2,1,1,221,211,standard
GS-000603,23,16,1,1115.22,3,3,2,3,333,323,loyal
GS-000604,12,39,3,2679.17,4,4,4,4,444,444,loyal
GS-000605,26,43,3,1898.95,3,5,4,4,354,344,price_sensitive
GS-000606,13,27,2,1340.38,4,4,3,3,443,433,standard
GS-000607,23,17,1,800.05,3,3,2,2,332,322,standard
GS-000608,279,12,0,628.94,2,2,1,2,222,212,price_sensitive
GS-000609,1,42,3,1719.57,5,5,4,4,554,544,price_sensitive
GS-000610,776,12,0,238.95,1,2,1,1,121,111,price_sensitive
GS-000611,92,24,1,743.48,2,4,2,2,242,222,price_sensitive
GS-000612,2,25,2,484.84,5,4,3,1,541,531,price_sensitive
GS-000613,4,27,2,2541.19,5,4,3,4,544,534,loyal
GS-000614,9,15,1,560.02,5,3,2,2,532,522,loyal
GS-000615,7,21,1,1006.07,5,3,2,3,533,523,loyal
GS-000616,18,33,2,1652.79,4,4,3,3,443,433,loyal
GS-000617,24,5,0,464.27,3,2,1,1,321,311,loyal
GS-000618,18,9,0,367.26,4,2,1,1,421,411,price_sensitive
GS-000619,1,39,3,1733.26,5,4,4,4,544,544,standard
GS-000620,1393,1,0,913.43,1,1,1,2,112,112,standard
GS-000621,23,7,0,340.74,3,2,1,1,321,311,loyal
GS-000622,1446,1,0,890.4,1,1,1,2,112,112,standard
GS-000623,15,48,3,821.26,4,5,4,2,452,442,price_sensitive
GS-000624,20,56,4,1816.03,3,5,5,4,354,354,standard
GS-000625,457,48,3,4764.49,1,5,4,5,155,145,standard
GS-000626,7,12,0,948.0,5,2,1,2,522,512,price_sensitive
GS-000627,15,13,1,676.76,4,3,2,2,432,422,standard
GS-000628,22,20,1,918.84,3,3,2,2,332,322,standard
GS-000629,303,3,2,2342.9,2,1,3,4,214,234,standard
GS-000630,309,2,1,1822.43,2,1,2,4,214,224,standard
GS-000631,7,35,2,572.88,5,4,3,2,542,532,price_sensitive
GS-000632,12,52,4,5097.41,4,5,5,5,455,455,loyal
GS-000633,805,24,1,1180.97,1,4,2,3,143,123,standard
GS-000634,329,1,0,498.73,2,1,1,1,211,211,loyal
GS-000635,22,53,4,1543.6,3,5,5,3,353,353,standard
GS-000636,160,5,4,5046.98,2,2,5,5,225,255,loyal
GS-000637,3,10,0,852.92,5,2,1,2,522,512,standard
GS-000638,501,12,0,1247.42,1,2,1,3,123,113,standard
GS-000639,8,56,4,2472.36,5,5,5,4,554,554,standard
GS-000640,6,29,2,1658.55,5,4,3,3,543,533,standard
GS-000641,15,64,5,4450.57,4,5,5,5,455,455,standard
GS-000642,225,5,4,5382.13,2,2,5,5,225,255,loyal
GS-000643,26,15,1,1989.23,3,3,2,4,334,324,loyal
GS-000644,141,5,4,4353.8,2,2,5,5,225,255,standard
GS-000645,116,1,0,578.41,2,1,1,2,212,212,price_sensitive
GS-000646,995,3,2,1387.66,1,1,3,3,113,133,standard
GS-000647,15,34,2,1942.07,4,4,3,4,444,434,loyal
GS-000648,1320,2,1,1173.39,1,1,2,3,113,123,standard
GS-000649,534,2,1,2477.02,1,1,2,4,114,124,standard
GS-000650,13,34,2,3096.13,4,4,3,5,445,435,standard
GS-000651,17,35,2,1913.93,4,4,3,4,444,434,standard
GS-000652,1766,1,0,272.78,1,1,1,1,111,111,price_sensitive
GS-000653,260,12,0,271.06,2,2,1,1,221,211,price_sensitive
GS-000654,2,7,0,539.86,5,2,1,2,522,512,standard
GS-000655,27,18,1,969.24,3,3,2,2,332,322,standard
GS-000656,10,6,0,155.33,4,2,1,1,421,411,standard
GS-000657,8,48,3,2380.23,5,5,4,4,554,544,price_sensitive
GS-000658,5,11,0,895.35,5,2,1,2,522,512,loyal
GS-000659,17,23,1,3096.93,4,3,2,5,435,425,standard
GS-000660,9,63,5,4866.8,5,5,5,5,555,555,standard
GS-000661,15,48,3,1359.39,4,5,4,3,453,443,standard
GS-000662,538,12,0,1286.02,1,2,1,3,123,113,standard
GS-000663,581,12,0,360.59,1,2,1,1,121,111,price_sensitive
GS-000664,652,1,0,407.21,1,1,1,1,111,111,price_sensitive
GS-000665,13,58,4,4297.93,4,5,5,5,455,455,loyal
GS-000666,10,49,4,2062.44,4,5,5,4,454,454,loyal
GS-000667,1364,1,0,405.24,1,1,1,1,111,111,price_sensitive
GS-000668,562,12,0,638.14,1,2,1,2,122,112,standard
GS-000669,361,4,3,3715.9,2,1,4,5,215,245,loyal
GS-000670,1,6,0,173.82,5,2,1,1,521,511,standard
GS-000671,102,5,4,3325.11,2,2,5,5,225,255,standard
GS-000672,21,58,4,2796.68,3,5,5,4,354,354,standard
GS-000673,13,20,1,1094.26,4,3,2,3,433,423,standard
GS-000674,793,12,0,626.84,1,2,1,2,122,112,standard
GS-000675,1933,1,0,420.75,1,1,1,1,111,111,price_sensitive
GS-000676,15,58,4,2686.04,4,5,5,4,454,454,standard
GS-000677,299,5,4,4298.28,2,2,5,5,225,255,standard
GS-000678,4,54,4,3396.76,5,5,5,5,555,555,standard
GS-000679,24,7,0,335.24,3,2,1,1,321,311,loyal
GS-000680,712,12,0,342.02,1,2,1,1,121,111,price_sensitive
GS-000681,340,1,0,163.75,2,1,1,1,211,211,price_sensitive
GS-000682,321,12,0,1115.93,2,2,1,3,223,213,loyal
GS-000683,25,31,2,1564.58,3,4,3,3,343,333,loyal
GS-000684,6,65,5,2920.43,5,5,5,5,555,555,loyal
GS-000685,24,17,1,1322.82,3,3,2,3,333,323,standard
GS-000686,13,26,2,1804.54,4,4,3,4,444,434,loyal
GS-000687,8,22,1,653.48,5,3,2,2,532,522,loyal
GS-000688,307,12,0,402.76,2,2,1,1,221,211,standard
GS-000689,1,65,5,3865.34,5,5,5,5,555,555,standard
GS-000690,1250,24,1,1486.49,1,4,2,3,143,123,price_sensitive
GS-000691,6,15,1,957.09,5,3,2,2,532,522,loyal
GS-000692,9,43,3,3191.82,5,5,4,5,555,545,loyal
GS-000693,1418,1,0,556.75,1,1,1,2,112,112,loyal
GS-000694,9,11,0,817.97,5,2,1,2,522,512,standard
GS-000695,849,24,1,738.59,1,4,2,2,142,122,standard
GS-000696,1,46,3,4363.69,5,5,4,5,555,545,loyal
GS-000697,848,24,1,1344.76,1,4,2,3,143,123,price_sensitive
GS-000698,1,35,2,2561.67,5,4,3,4,544,534,loyal
GS-000699,10,61,5,4003.41,4,5,5,5,455,455,loyal
GS-000700,1101,1,0,469.22,1,1,1,1,111,111,price_sensitive
GS-000701,22,19,1,1506.04,3,3,2,3,333,323,loyal
GS-000702,139,4,3,4202.37,2,1,4,5,215,245,standard
GS-000703,17,58,4,3185.22,4,5,5,5,455,455,loyal
GS-000704,1653,12,0,269.73,1,2,1,1,121,111,price_sensitive
GS-000705,379,48,3,2158.0,2,5,4,4,254,244,price_sensitive
GS-000706,28,12,0,301.03,3,2,1,1,321,311,standard
GS-000707,1,4,0,302.28,5,1,1,1,511,511,standard
GS-000708,19,37,3,2929.32,4,4,4,5,445,445,loyal
GS-000709,1,3,0,236.89,5,1,1,1,511,511,standard
GS-000710,775,12,0,849.51,1,2,1,2,122,112,price_sensitive
GS-000711,423,12,0,478.47,1,2,1,1,121,111,price_sensitive
GS-000712,20,4,3,1671.7,3,1,4,3,313,343,standard
GS-000713,1,18,1,915.84,5,3,2,2,532,522,price_sensitive
GS-000714,9,16,1,2067.51,5,3,2,4,534,524,standard
GS-000715,1,36,2,1599.26,5,4,3,3,543,533,standard
GS-000716,24,3,0,100.17,3,1,1,1,311,311,standard
GS-000717,282,3,2,1563.16,2,1,3,3,213,233,price_sensitive
GS-000718,12,42,3,3172.92,4,5,4,5,455,445,loyal
GS-000719,820,4,3,1323.01,1,1,4,3,113,143,standard
GS-000720,19,12,0,705.37,4,2,1,2,422,412,standard
GS-000721,10,47,3,5493.7,4,5,4,5,455,445,loyal
GS-000722,1,4,0,212.56,5,1,1,1,511,511,standard
GS-000723,2,7,0,203.19,5,2,1,1,521,511,price_sensitive
GS-000724,345,1,0,573.51,2,1,1,2,212,212,standard
GS-000725,4,25,2,1046.12,5,4,3,3,543,533,standard
GS-000726,26,62,5,4476.53,3,5,5,5,355,355,loyal
GS-000727,13,14,1,730.76,4,3,2,2,432,422,loyal
GS-000728,54,6,5,9611.37,3,2,5,5,325,355,loyal
GS-000729,304,2,1,814.79,2,1,2,2,212,222,standard
GS-000730,276,12,0,1310.27,2,2,1,3,223,213,loyal
GS-000731,1241,12,0,1030.38,1,2,1,3,123,113,standard
GS-000732,401,48,3,3737.62,2,5,4,5,255,245,price_sensitive
GS-000733,241,24,1,625.71,2,4,2,2,242,222,price_sensitive
GS-000734,11,30,2,1218.88,4,4,3,3,443,433,standard
GS-000735,31,4,3,1779.8,3,1,4,4,314,344,standard
GS-000736,22,41,3,2606.61,3,4,4,4,344,344,loyal
GS-000737,97,1,0,617.58,2,1,1,2,212,212,price_sensitive
GS-000738,869,1,0,421.77,1,1,1,1,111,111,price_sensitive
GS-000739,25,17,1,1873.79,3,3,2,4,334,324,loyal
GS-000740,660,12,0,847.67,1,2,1,2,122,112,standard
GS-000741,703,24,1,775.83,1,4,2,2,142,122,price_sensitive
GS-000742,13,12,0,317.99,4,2,1,1,421,411,price_sensitive
GS-000743,1855,1,0,426.21,1,1,1,1,111,111,price_sensitive
GS-000744,1,51,4,2181.95,5,5,5,4,554,554,loyal
GS-000745,8,44,3,1348.25,5,5,4,3,553,543,standard
GS-000746,3,27,2,929.91,5,4,3,2,542,532,loyal
GS-000747,17,12,0,486.05,4,2,1,1,421,411,price_sensitive
GS-000748,270,5,4,3809.09,2,2,5,5,225,255,standard
GS-000749,8,22,1,926.78,5,3,2,2,532,522,standard
GS-000750,65,2,1,676.44,3,1,2,2,312,322,price_sensitive
GS-000751,22,7,0,523.21,3,2,1,1,321,311,standard
GS-000752,198,48,3,795.11,2,5,4,2,252,242,price_sensitive
GS-000753,14,19,1,866.34,4,3,2,2,432,422,standard
GS-000754,54,48,3,1717.45,3,5,4,4,354,344,price_sensitive
GS-000755,1,17,1,1000.92,5,3,2,3,533,523,standard
GS-000756,13,13,1,1271.88,4,3,2,3,433,423,standard
GS-000757,951,12,0,261.27,1,2,1,1,121,111,price_sensitive
GS-000758,12,38,3,3203.71,4,4,4,5,445,445,standard
GS-000759,3,29,2,737.95,5,4,3,2,542,532,price_sensitive
GS-000760,377,48,3,1828.94,2,5,4,4,254,244,price_sensitive
GS-000761,921,12,0,790.13,1,2,1,2,122,112,standard
GS-000762,23,40,3,3050.17,3,4,4,5,345,345,loyal
GS-000763,361,36,2,2051.05,2,4,3,4,244,234,standard
GS-000764,378,48,3,3138.66,2,5,4,5,255,245,loyal
GS-000765,1,2,0,83.6,5,1,1,1,511,511,standard
GS-000766,1027,2,1,1111.68,1,1,2,3,113,123,price_sensitive
GS-000767,8,8,0,453.81,5,2,1,1,521,511,standard
GS-000768,9,37,3,1781.9,5,4,4,4,544,544,price_sensitive
GS-000769,1235,12,0,300.59,1,2,1,1,121,111,price_sensitive
GS-000770,18,17,1,906.91,4,3,2,2,432,422,standard
GS-000771,10,8,0,536.2,4,2,1,2,422,412,loyal
GS-000772,1411,12,0,614.16,1,2,1,2,122,112,price_sensitive
GS-000773,834,4,3,1473.56,1,1,4,3,113,143,price_sensitive
GS-000774,488,12,0,416.1,1,2,1,1,121,111,standard
GS-000775,26,8,0,424.91,3,2,1,1,321,311,standard
GS-000776,17,18,1,1433.66,4,3,2,3,433,423,loyal
GS-000777,16,8,0,1926.67,4,2,1,4,424,414,standard
GS-000778,1035,12,0,598.22,1,2,1,2,122,112,standard
GS-000779,997,24,1,1165.54,1,4,2,3,143,123,standard
GS-000780,1212,24,1,1190.13,1,4,2,3,143,123,price_sensitive
GS-000781,1916,1,0,243.98,1,1,1,1,111,111,price_sensitive
GS-000782,12,10,0,425.55,4,2,1,1,421,411,price_sensitive
GS-000783,16,9,0,360.7,4,2,1,1,421,411,standard
GS-000784,12,44,3,2244.08,4,5,4,4,454,444,standard
GS-000785,51,1,0,713.8,3,1,1,2,312,312,standard
GS-000786,6,32,2,1559.96,5,4,3,3,543,533,standard
GS-000787,1,10,0,546.32,5,2,1,2,522,512,price_sensitive
GS-000788,52,3,2,1269.53,3,1,3,3,313,333,standard
GS-000789,10,65,5,3420.31,4,5,5,5,455,455,standard
GS-000790,24,29,2,1544.89,3,4,3,3,343,333,standard
GS-000791,17,49,4,1994.01,4,5,5,4,454,454,standard
GS-000792,138,4,3,2083.68,2,1,4,4,214,244,standard
GS-000793,13,25,2,1319.73,4,4,3,3,443,433,standard
GS-000794,1,62,5,3412.14,5,5,5,5,555,555,loyal
GS-000795,1628,12,0,841.62,1,2,1,2,122,112,loyal
GS-000796,537,12,0,684.45,1,2,1,2,122,112,price_sensitive
GS-000797,1,15,1,1434.45,5,3,2,3,533,523,loyal
GS-000798,1139,3,2,865.66,1,1,3,2,112,132,price_sensitive
GS-000799,9,18,1,1235.55,5,3,2,3,533,523,standard
GS-000800,22,22,1,1857.73,3,3,2,4,334,324,standard
GS-000801,109,4,3,3063.25,2,1,4,5,215,245,standard
GS-000802,25,33,2,1158.25,3,4,3,3,343,333,price_sensitive
GS-000803,41,36,2,917.53,3,4,3,2,342,332,price_sensitive
GS-000804,276,3,2,1078.15,2,1,3,3,213,233,standard
GS-000805,1,64,5,4262.44,5,5,5,5,555,555,loyal
GS-000806,1606,1,0,559.98,1,1,1,2,112,112,standard
GS-000807,328,5,4,7168.35,2,2,5,5,225,255,loyal
GS-000808,140,6,5,6724.23,2,2,5,5,225,255,loyal
GS-000809,1194,3,2,3051.41,1,1,3,5,115,135,standard
GS-000810,1,20,1,647.28,5,3,2,2,532,522,standard
GS-000811,720,3,2,637.08,1,1,3,2,112,132,price_sensitive
GS-000812,12,55,4,3404.7,4,5,5,5,455,455,standard
GS-000813,13,54,4,1932.76,4,5,5,4,454,454,standard
GS-000814,244,1,0,992.14,2,1,1,3,213,213,loyal
GS-000815,5,8,0,226.41,5,2,1,1,521,511,price_sensitive
GS-000816,180,1,0,766.04,2,1,1,2,212,212,standard
GS-000817,16,58,4,2613.06,4,5,5,4,454,454,loyal
GS-000818,18,65,5,4196.04,4,5,5,5,455,455,loyal
GS-000819,490,48,3,2665.49,1,5,4,4,154,144,price_sensitive
GS-000820,24,7,0,440.47,3,2,1,1,321,311,loyal
GS-000821,12,34,2,2015.5,4,4,3,4,444,434,standard
GS-000822,174,12,0,471.95,2,2,1,1,221,211,price_sensitive
GS-000823,62,6,5,4350.98,3,2,5,5,325,355,standard
GS-000824,23,47,3,1847.94,3,5,4,4,354,344,standard
GS-000825,23,55,4,3340.64,3,5,5,5,355,355,loyal
GS-000826,19,6,0,447.62,4,2,1,1,421,411,standard
GS-000827,643,12,0,332.1,1,2,1,1,121,111,price_sensitive
GS-000828,764,2,1,1012.25,1,1,2,3,113,123,standard
GS-000829,2,55,4,1596.6,5,5,5,3,553,553,standard
GS-000830,13,18,1,1135.65,4,3,2,3,433,423,loyal
GS-000831,24,23,1,921.42,3,3,2,2,332,322,standard
GS-000832,104,3,2,1957.75,2,1,3,4,214,234,price_sensitive
GS-000833,56,2,1,1430.77,3,1,2,3,313,323,loyal
GS-000834,13,52,4,3252.17,4,5,5,5,455,455,loyal
GS-000835,1,64,5,4313.03,5,5,5,5,555,555,standard
GS-000836,17,61,5,3931.56,4,5,5,5,455,455,loyal
GS-000837,1562,12,0,556.9,1,2,1,2,122,112,price_sensitive
GS-000838,18,35,2,1022.75,4,4,3,3,443,433,price_sensitive
GS-000839,181,5,4,5832.85,2,2,5,5,225,255,standard
GS-000840,211,12,0,701.87,2,2,1,2,222,212,loyal
GS-000841,934,12,0,632.67,1,2,1,2,122,112,standard
GS-000842,1116,12,0,794.37,1,2,1,2,122,112,standard
GS-000843,242,2,1,1895.28,2,1,2,4,214,224,standard
GS-000844,5,65,5,4280.68,5,5,5,5,555,555,standard
GS-000845,59,1,0,777.42,3,1,1,2,312,312,standard
GS-000846,2,45,3,2437.01,5,5,4,4,554,544,standard
GS-000847,6,39,3,1068.48,5,4,4,3,543,543,price_sensitive
GS-000848,1531,12,0,456.64,1,2,1,1,121,111,price_sensitive
GS-000849,1480,1,0,322.11,1,1,1,1,111,111,price_sensitive
GS-000850,296,4,3,2533.8,2,1,4,4,214,244,standard
GS-000851,11,13,1,593.79,4,3,2,2,432,422,standard
GS-000852,138,2,1,1832.71,2,1,2,4,214,224,standard
GS-000853,8,38,3,1458.22,5,4,4,3,543,543,standard
GS-000854,8,43,3,2827.75,5,5,4,4,554,544,standard
GS-000855,6,31,2,4135.52,5,4,3,5,545,535,loyal
GS-000856,1648,12,0,916.63,1,2,1,2,122,112,standard
GS-000857,433,36,2,1736.51,1,4,3,4,144,134,standard
GS-000858,265,48,3,1869.35,2,5,4,4,254,244,price_sensitive
GS-000859,8,58,4,3801.54,5,5,5,5,555,555,loyal
GS-000860,1,3,0,137.85,5,1,1,1,511,511,standard
GS-000861,51,4,3,3145.03,3,1,4,5,315,345,standard
GS-000862,5,39,3,3726.88,5,4,4,5,545,545,loyal
GS-000863,10,33,2,1664.23,4,4,3,3,443,433,standard
GS-000864,1,10,0,450.98,5,2,1,1,521,511,standard
GS-000865,1212,2,1,2233.82,1,1,2,4,114,124,loyal
GS-000866,25,10,0,668.98,3,2,1,2,322,312,loyal
GS-000867,755,1,0,377.16,1,1,1,1,111,111,price_sensitive
GS-000868,20,18,1,517.84,3,3,2,1,331,321,price_sensitive
GS-000869,27,9,0,575.66,3,2,1,2,322,312,standard
GS-000870,388,12,0,537.84,2,2,1,2,222,212,standard
GS-000871,5,62,5,6560.54,5,5,5,5,555,555,loyal
GS-000872,1,15,1,797.26,5,3,2,2,532,522,standard
GS-000873,62,5,4,1622.08,3,2,5,3,323,353,standard
GS-000874,28,21,1,2047.67,3,3,2,4,334,324,loyal
GS-000875,11,64,5,3958.11,4,5,5,5,455,455,loyal
GS-000876,1,23,1,1299.02,5,3,2,3,533,523,standard
GS-000877,255,5,4,5695.55,2,2,5,5,225,255,loyal
GS-000878,11,3,0,414.05,4,1,1,1,411,411,standard
GS-000879,848,24,1,1234.16,1,4,2,3,143,123,standard
GS-000880,16,24,1,1123.0,4,4,2,3,443,423,standard
GS-000881,11,42,3,3125.29,4,5,4,5,455,445,standard
GS-000882,229,5,4,6462.46,2,2,5,5,225,255,loyal
GS-000883,3,56,4,2265.07,5,5,5,4,554,554,standard
GS-000884,26,31,2,2032.24,3,4,3,4,344,334,loyal
GS-000885,27,55,4,3558.46,3,5,5,5,355,355,standard
GS-000886,10,24,1,1070.52,4,4,2,3,443,423,loyal
GS-000887,14,12,0,1007.01,4,2,1,3,423,413,loyal
GS-000888,18,8,0,1160.82,4,2,1,3,423,413,loyal
GS-000889,1,63,5,5951.89,5,5,5,5,555,555,loyal
GS-000890,25,23,1,1072.43,3,3,2,3,333,323,price_sensitive
GS-000891,179,3,2,1125.83,2,1,3,3,213,233,price_sensitive
GS-000892,952,12,0,698.64,1,2,1,2,122,112,price_sensitive
GS-000893,344,5,4,2865.39,2,2,5,4,224,254,standard
GS-000894,2,35,2,1364.55,5,4,3,3,543,533,loyal
GS-000895,28,59,4,3232.84,3,5,5,5,355,355,standard
GS-000896,20,54,4,1649.14,3,5,5,3,353,353,standard
GS-000897,61,1,0,339.22,3,1,1,1,311,311,price_sensitive
GS-000898,22,59,4,2202.47,3,5,5,4,354,354,standard
GS-000899,10,23,1,1361.27,4,3,2,3,433,423,standard
GS-000900,641,12,0,610.81,1,2,1,2,122,112,price_sensitive
GS-000901,875,12,0,424.52,1,2,1,1,121,111,price_sensitive
GS-000902,17,23,1,827.53,4,3,2,2,432,422,standard
GS-000903,1,2,0,158.38,5,1,1,1,511,511,standard
GS-000904,283,3,2,1974.92,2,1,3,4,214,234,standard
GS-000905,15,3,0,266.91,4,1,1,1,411,411,loyal
GS-000906,6,60,4,7094.76,5,5,5,5,555,555,loyal
GS-000907,834,36,2,2329.85,1,4,3,4,144,134,standard
GS-000908,328,2,1,1859.62,2,1,2,4,214,224,loyal
GS-000909,716,1,0,436.64,1,1,1,1,111,111,price_sensitive
GS-000910,1277,2,1,2591.17,1,1,2,4,114,124,standard
GS-000911,19,62,5,4880.58,4,5,5,5,455,455,loyal
GS-000912,185,3,2,3075.63,2,1,3,5,215,235,loyal
GS-000913,1,51,4,3739.09,5,5,5,5,555,555,loyal
GS-000914,79,1,0,291.95,2,1,1,1,211,211,price_sensitive
GS-000915,15,6,0,684.94,4,2,1,2,422,412,loyal
GS-000916,10,63,5,3644.8,4,5,5,5,455,455,loyal
GS-000917,21,6,0,347.05,3,2,1,1,321,311,loyal
GS-000918,1496,12,0,189.62,1,2,1,1,121,111,price_sensitive
GS-000919,770,1,0,287.65,1,1,1,1,111,111,price_sensitive
GS-000920,1,37,3,3924.61,5,4,4,5,545,545,loyal
GS-000921,19,9,0,416.91,4,2,1,1,421,411,standard
GS-000922,27,51,4,2053.25,3,5,5,4,354,354,loyal
GS-000923,286,3,2,1605.55,2,1,3,3,213,233,standard
GS-000924,289,4,3,1631.28,2,1,4,3,213,243,standard
GS-000925,1,13,1,571.98,5,3,2,2,532,522,standard
GS-000926,885,12,0,503.89,1,2,1,1,121,111,price_sensitive
GS-000927,328,1,0,1104.01,2,1,1,3,213,213,loyal
GS-000928,39,3,2,1964.71,3,1,3,4,314,334,standard
GS-000929,458,12,0,768.22,1,2,1,2,122,112,standard
GS-000930,17,48,3,5212.62,4,5,4,5,455,445,loyal
GS-000931,377,48,3,1266.53,2,5,4,3,253,243,price_sensitive
GS-000932,1255,2,1,1226.54,1,1,2,3,113,123,price_sensitive
GS-000933,25,2,0,71.43,3,1,1,1,311,311,price_sensitive
GS-000934,292,2,1,897.5,2,1,2,2,212,222,standard
GS-000935,9,58,4,2030.29,5,5,5,4,554,554,standard
GS-000936,1,25,2,1154.12,5,4,3,3,543,533,price_sensitive
GS-000937,1,47,3,1762.84,5,5,4,4,554,544,price_sensitive
GS-000938,1,27,2,1191.12,5,4,3,3,543,533,standard
GS-000939,315,4,3,1974.47,2,1,4,4,214,244,standard
GS-000940,1669,12,0,1069.55,1,2,1,3,123,113,standard
GS-000941,176,4,3,4132.17,2,1,4,5,215,245,price_sensitive
GS-000942,28,24,1,1425.51,3,4,2,3,343,323,standard
GS-000943,116,5,4,4099.95,2,2,5,5,225,255,standard
GS-000944,6,16,1,606.16,5,3,2,2,532,522,price_sensitive
GS-000945,3,28,2,1165.49,5,4,3,3,543,533,standard
GS-000946,28,10,0,447.57,3,2,1,1,321,311,standard
GS-000947,14,43,3,3838.13,4,5,4,5,455,445,loyal
GS-000948,24,2,0,72.66,3,1,1,1,311,311,standard
GS-000949,4,27,2,1421.96,5,4,3,3,543,533,standard
GS-000950,1464,12,0,579.86,1,2,1,2,122,112,standard
GS-000951,1577,12,0,575.32,1,2,1,2,122,112,price_sensitive
GS-000952,77,6,5,2355.34,2,2,5,4,224,254,standard
GS-000953,581,12,0,233.09,1,2,1,1,121,111,price_sensitive
GS-000954,17,53,4,2116.21,4,5,5,4,454,454,standard
GS-000955,26,38,3,4781.6,3,4,4,5,345,345,loyal
GS-000956,6,4,0,264.75,5,1,1,1,511,511,standard
GS-000957,7,7,0,558.55,5,2,1,2,522,512,loyal
GS-000958,750,1,0,239.99,1,1,1,1,111,111,price_sensitive
GS-000959,21,52,4,2736.01,3,5,5,4,354,354,standard
GS-000960,982,1,0,989.59,1,1,1,3,113,113,standard
GS-000961,15,45,3,1460.04,4,5,4,3,453,443,loyal
GS-000962,294,12,0,384.69,2,2,1,1,221,211,price_sensitive
GS-000963,20,39,3,2068.97,3,4,4,4,344,344,loyal
GS-000964,826,12,0,371.44,1,2,1,1,121,111,price_sensitive
GS-000965,8,25,2,1371.85,5,4,3,3,543,533,loyal
GS-000966,1341,12,0,904.5,1,2,1,2,122,112,standard
GS-000967,701,36,2,2357.6,1,4,3,4,144,134,price_sensitive
GS-000968,25,49,4,4759.93,3,5,5,5,355,355,loyal
GS-000969,4,22,1,905.03,5,3,2,2,532,522,standard
GS-000970,154,4,3,2178.5,2,1,4,4,214,244,price_sensitive
GS-000971,2,37,3,2294.59,5,4,4,4,544,544,loyal
GS-000972,13,53,4,4179.66,4,5,5,5,455,455,standard
GS-000973,8,9,0,469.81,5,2,1,1,521,511,loyal
GS-000974,22,52,4,4009.94,3,5,5,5,355,355,loyal
GS-000975,3,28,2,1154.79,5,4,3,3,543,533,standard
GS-000976,27,15,1,1094.99,3,3,2,3,333,323,loyal
GS-000977,62,3,2,3381.64,3,1,3,5,315,335,standard
GS-000978,7,22,1,2337.93,5,3,2,4,534,524,standard
GS-000979,19,44,3,2438.02,4,5,4,4,454,444,standard
GS-000980,15,43,3,1937.58,4,5,4,4,454,444,standard
GS-000981,14,37,3,4147.72,4,4,4,5,445,445,loyal
GS-000982,5,58,4,3396.1,5,5,5,5,555,555,standard
GS-000983,1631,12,0,409.93,1,2,1,1,121,111,price_sensitive
GS-000984,1097,12,0,651.58,1,2,1,2,122,112,price_sensitive
GS-000985,28,16,1,1486.63,3,3,2,3,333,323,loyal
GS-000986,134,4,3,1929.63,2,1,4,4,214,244,standard
GS-000987,930,12,0,639.24,1,2,1,2,122,112,loyal
GS-000988,1,4,0,209.25,5,1,1,1,511,511,standard
GS-000989,13,39,3,2797.29,4,4,4,4,444,444,standard
GS-000990,166,2,1,1297.64,2,1,2,3,213,223,loyal
GS-000991,343,2,1,726.93,2,1,2,2,212,222,price_sensitive
GS-000992,15,39,3,1639.61,4,4,4,3,443,443,loyal
GS-000993,11,58,4,3475.75,4,5,5,5,455,455,standard
GS-000994,5,4,0,323.4,5,1,1,1,511,511,standard
GS-000995,25,9,0,398.18,3,2,1,1,321,311,standard
GS-000996,5,7,0,490.57,5,2,1,1,521,511,standard
GS-000997,1,26,2,1697.81,5,4,3,4,544,534,loyal
GS-000998,26,12,0,472.52,3,2,1,1,321,311,standard
GS-000999,19,42,3,3513.92,4,5,4,5,455,445,standard
GS-001000,28,28,2,2099.07,3,4,3,4,344,334,loyal
GS-001001,5,66,5,2516.13,5,5,5,4,554,554,standard
GS-001002,4,56,4,4654.6,5,5,5,5,555,555,loyal
GS-001003,5,55,4,2189.1,5,5,5,4,554,554,standard
GS-001004,13,48,3,3858.37,4,5,4,5,455,445,standard
GS-001005,1,46,3,3182.13,5,5,4,5,555,545,loyal
GS-001006,19,59,4,3742.36,4,5,5,5,455,455,loyal
GS-001007,6,2,0,76.29,5,1,1,1,511,511,standard
GS-001008,7,51,4,2835.92,5,5,5,4,554,554,loyal
GS-001009,5,50,4,5528.85,5,5,5,5,555,555,loyal
GS-001010,28,13,1,482.45,3,3,2,1,331,321,standard
GS-001011,9,61,5,3874.11,5,5,5,5,555,555,standard
GS-001012,1,35,2,2384.18,5,4,3,4,544,534,standard
GS-001013,4,2,0,123.0,5,1,1,1,511,511,loyal
GS-001014,347,5,4,1795.71,2,2,5,4,224,254,standard
GS-001015,5,15,1,1119.85,5,3,2,3,533,523,loyal
GS-001016,28,20,1,804.92,3,3,2,2,332,322,standard
GS-001017,1315,1,0,193.19,1,1,1,1,111,111,price_sensitive
GS-001018,4,22,1,2218.18,5,3,2,4,534,524,loyal
GS-001019,342,1,0,325.74,2,1,1,1,211,211,standard
GS-001020,25,8,0,379.87,3,2,1,1,321,311,standard
GS-001021,22,42,3,6126.84,3,5,4,5,355,345,loyal
GS-001022,1652,12,0,689.29,1,2,1,2,122,112,price_sensitive
GS-001023,28,32,2,1915.47,3,4,3,4,344,334,standard
GS-001024,1287,12,0,345.55,1,2,1,1,121,111,price_sensitive
GS-001025,17,57,4,5914.33,4,5,5,5,455,455,loyal
GS-001026,3,30,2,2215.95,5,4,3,4,544,534,standard
GS-001027,8,11,0,405.87,5,2,1,1,521,511,price_sensitive
GS-001028,5,62,5,3106.06,5,5,5,5,555,555,loyal
GS-001029,128,5,4,4624.43,2,2,5,5,225,255,standard
GS-001030,24,21,1,1375.7,3,3,2,3,333,323,standard
GS-001031,50,1,0,498.36,3,1,1,1,311,311,loyal
GS-001032,12,6,0,172.06,4,2,1,1,421,411,price_sensitive
GS-001033,64,48,3,1910.24,3,5,4,4,354,344,standard
GS-001034,5,31,2,1010.51,5,4,3,3,543,533,standard
GS-001035,946,3,2,1357.64,1,1,3,3,113,133,price_sensitive
GS-001036,14,62,5,3635.78,4,5,5,5,455,455,standard
GS-001037,815,4,3,2031.57,1,1,4,4,114,144,price_sensitive
GS-001038,4,30,2,1794.21,5,4,3,4,544,534,loyal
GS-001039,1450,12,0,1055.14,1,2,1,3,123,113,standard
GS-001040,42,2,1,877.23,3,1,2,2,312,322,standard
GS-001041,826,12,0,1005.89,1,2,1,3,123,113,standard
GS-001042,16,50,4,1368.14,4,5,5,3,453,453,loyal
GS-001043,125,4,3,2898.32,2,1,4,5,215,245,standard
GS-001044,107,24,1,743.51,2,4,2,2,242,222,price_sensitive
GS-001045,696,24,1,1761.75,1,4,2,4,144,124,standard
GS-001046,13,17,1,857.12,4,3,2,2,432,422,standard
GS-001047,277,24,1,1882.66,2,4,2,4,244,224,standard
GS-001048,1,60,4,3768.12,5,5,5,5,555,555,standard
GS-001049,1672,12,0,425.52,1,2,1,1,121,111,price_sensitive
GS-001050,16,28,2,1958.67,4,4,3,4,444,434,standard
GS-001051,8,50,4,4060.72,5,5,5,5,555,555,loyal
GS-001052,12,34,2,1975.12,4,4,3,4,444,434,standard
GS-001053,7,47,3,3994.84,5,5,4,5,555,545,loyal
GS-001054,102,12,0,622.4,2,2,1,2,222,212,standard
GS-001055,12,54,4,9960.7,4,5,5,5,455,455,loyal
GS-001056,12,12,0,409.45,4,2,1,1,421,411,standard
GS-001057,122,1,0,642.5,2,1,1,2,212,212,loyal
GS-001058,268,2,1,1496.83,2,1,2,3,213,223,standard
GS-001059,1256,1,0,1022.2,1,1,1,3,113,113,loyal
GS-001060,1,12,0,374.62,5,2,1,1,521,511,price_sensitive
GS-001061,18,50,4,3040.76,4,5,5,5,455,455,loyal
GS-001062,469,1,0,588.32,1,1,1,2,112,112,price_sensitive
GS-001063,251,2,1,946.88,2,1,2,2,212,222,price_sensitive
GS-001064,1,53,4,7214.04,5,5,5,5,555,555,standard
GS-001065,4,60,4,3160.83,5,5,5,5,555,555,standard
GS-001066,9,22,1,1187.56,5,3,2,3,533,523,standard
GS-001067,70,6,5,9041.62,3,2,5,5,325,355,loyal
GS-001068,793,3,2,4158.63,1,1,3,5,115,135,loyal
GS-001069,28,7,0,359.36,3,2,1,1,321,311,standard
GS-001070,21,60,4,5166.35,3,5,5,5,355,355,loyal
GS-001071,11,24,1,922.6,4,4,2,2,442,422,standard
GS-001072,5,37,3,2423.61,5,4,4,4,544,544,standard
GS-001073,23,32,2,2266.66,3,4,3,4,344,334,loyal
GS-001074,21,45,3,1314.66,3,5,4,3,353,343,price_sensitive
GS-001075,1,22,1,1650.25,5,3,2,3,533,523,loyal
GS-001076,258,4,3,1144.21,2,1,4,3,213,243,price_sensitive
GS-001077,17,55,4,5532.46,4,5,5,5,455,455,loyal
GS-001078,12,30,2,1455.3,4,4,3,3,443,433,standard
GS-001079,56,1,0,496.97,3,1,1,1,311,311,standard
GS-001080,1,6,0,182.14,5,2,1,1,521,511,standard
GS-001081,1,59,4,7810.88,5,5,5,5,555,555,loyal
GS-001082,1945,1,0,449.09,1,1,1,1,111,111,standard
GS-001083,18,17,1,1300.36,4,3,2,3,433,423,loyal
GS-001084,3,12,0,817.82,5,2,1,2,522,512,price_sensitive
GS-001085,1,12,0,785.34,5,2,1,2,522,512,standard
GS-001086,1,2,1,1463.73,5,1,2,3,513,523,loyal
GS-001087,25,33,2,1493.64,3,4,3,3,343,333,loyal
GS-001088,26,35,2,2964.92,3,4,3,5,345,335,loyal
GS-001089,70,6,5,7865.93,3,2,5,5,325,355,loyal
GS-001090,99,6,5,3835.57,2,2,5,5,225,255,standard
GS-001091,7,16,1,783.39,5,3,2,2,532,522,price_sensitive
GS-001092,1998,1,0,504.97,1,1,1,1,111,111,price_sensitive
GS-001093,105,3,2,4306.88,2,1,3,5,215,235,loyal
GS-001094,1603,1,0,1008.87,1,1,1,3,113,113,standard
GS-001095,14,4,0,584.24,4,1,1,2,412,412,standard
GS-001096,15,2,0,127.44,4,1,1,1,411,411,standard
GS-001097,3,6,5,3295.26,5,2,5,5,525,555,standard
GS-001098,16,51,4,3129.7,4,5,5,5,455,455,standard
GS-001099,457,48,3,1114.35,1,5,4,3,153,143,price_sensitive
GS-001100,1,24,1,488.25,5,4,2,1,541,521,price_sensitive
GS-001101,11,24,1,2832.73,4,4,2,4,444,424,loyal
GS-001102,89,1,0,359.14,2,1,1,1,211,211,price_sensitive
GS-001103,897,36,2,2223.99,1,4,3,4,144,134,loyal
GS-001104,9,30,2,1121.59,5,4,3,3,543,533,price_sensitive
GS-001105,1523,12,0,267.41,1,2,1,1,121,111,standard
GS-001106,370,48,3,3517.25,2,5,4,5,255,245,standard
GS-001107,13,19,1,1022.28,4,3,2,3,433,423,loyal
GS-001108,4,11,0,506.8,5,2,1,1,521,511,price_sensitive
GS-001109,21,4,0,155.92,3,1,1,1,311,311,loyal
GS-001110,1275,24,1,645.83,1,4,2,2,142,122,price_sensitive
GS-001111,504,48,3,2988.67,1,5,4,5,155,145,standard
GS-001112,49,1,0,1372.73,3,1,1,3,313,313,loyal
GS-001113,14,20,1,869.51,4,3,2,2,432,422,price_sensitive
GS-001114,6,5,0,249.31,5,2,1,1,521,511,standard
GS-001115,1203,12,0,647.24,1,2,1,2,122,112,standard
GS-001116,15,10,0,909.7,4,2,1,2,422,412,loyal
GS-001117,20,25,2,1143.11,3,4,3,3,343,333,standard
GS-001118,283,24,1,703.21,2,4,2,2,242,222,price_sensitive
GS-001119,6,6,0,142.17,5,2,1,1,521,511,price_sensitive
GS-001120,6,27,2,2341.79,5,4,3,4,544,534,standard
GS-001121,16,16,1,723.83,4,3,2,2,432,422,standard
GS-001122,6,47,3,3688.87,5,5,4,5,555,545,loyal
GS-001123,1074,1,0,296.14,1,1,1,1,111,111,standard
GS-001124,65,6,5,3693.32,3,2,5,5,325,355,loyal
GS-001125,26,43,3,2309.4,3,5,4,4,354,344,standard
GS-001126,190,4,3,3202.74,2,2,4,5,225,245,loyal
GS-001127,16,36,2,2591.62,4,4,3,4,444,434,standard
GS-001128,798,36,2,963.93,1,4,3,2,142,132,price_sensitive
GS-001129,28,20,1,1971.91,3,3,2,4,334,324,loyal
GS-001130,522,24,1,1413.82,1,4,2,3,143,123,standard
GS-001131,780,2,1,872.35,1,1,2,2,112,122,price_sensitive
GS-001132,438,24,1,1390.03,1,4,2,3,143,123,standard
GS-001133,135,1,0,773.91,2,1,1,2,212,212,loyal
GS-001134,25,39,3,1036.62,3,4,4,3,343,343,price_sensitive
GS-001135,1,48,3,3521.43,5,5,4,5,555,545,loyal
GS-001136,33,1,0,543.25,3,1,1,2,312,312,standard
GS-001137,1,3,0,102.23,5,1,1,1,511,511,standard
GS-001138,44,3,2,2556.75,3,1,3,4,314,334,loyal
GS-001139,12,64,5,12163.52,4,5,5,5,455,455,loyal
GS-001140,117,3,2,3910.94,2,1,3,5,215,235,loyal
GS-001141,24,37,3,1336.23,3,4,4,3,343,343,standard
GS-001142,1,64,5,2942.89,5,5,5,5,555,555,standard
GS-001143,178,1,0,627.69,2,1,1,2,212,212,standard
GS-001144,454,12,0,264.24,1,2,1,1,121,111,price_sensitive
GS-001145,114,5,4,4111.27,2,2,5,5,225,255,standard
GS-001146,25,24,1,846.15,3,4,2,2,342,322,price_sensitive
GS-001147,537,48,3,2518.52,1,5,4,4,154,144,loyal
GS-001148,1175,12,0,461.42,1,2,1,1,121,111,price_sensitive
GS-001149,4,66,5,4659.64,5,5,5,5,555,555,loyal
GS-001150,1949,1,0,378.46,1,1,1,1,111,111,price_sensitive
GS-001151,191,3,2,1750.4,2,1,3,4,214,234,standard
GS-001152,1,46,3,2582.58,5,5,4,4,554,544,standard
GS-001153,748,3,2,1049.43,1,1,3,3,113,133,standard
GS-001154,61,1,0,497.33,3,1,1,1,311,311,price_sensitive
GS-001155,6,5,0,419.04,5,2,1,1,521,511,standard
GS-001156,184,4,3,2574.35,2,2,4,4,224,244,standard
GS-001157,12,30,2,2290.87,4,4,3,4,444,434,loyal
GS-001158,216,2,1,1347.71,2,1,2,3,213,223,loyal
GS-001159,3,62,5,7189.49,5,5,5,5,555,555,standard
GS-001160,20,33,2,1392.25,3,4,3,3,343,333,standard
GS-001161,1147,12,0,918.55,1,2,1,2,122,112,standard
GS-001162,32,5,4,4028.46,3,2,5,5,325,355,loyal
GS-001163,11,8,0,617.04,4,2,1,2,422,412,standard
GS-001164,335,5,4,5939.25,2,2,5,5,225,255,loyal
GS-001165,1138,1,0,485.85,1,1,1,1,111,111,price_sensitive
GS-001166,18,6,0,184.45,4,2,1,1,421,411,standard
GS-001167,1185,1,0,883.09,1,1,1,2,112,112,standard
GS-001168,9,24,1,1053.29,5,4,2,3,543,523,loyal
GS-001169,11,11,0,732.94,4,2,1,2,422,412,loyal
GS-001170,1460,1,0,617.86,1,1,1,2,112,112,price_sensitive
GS-001171,1159,12,0,428.06,1,2,1,1,121,111,price_sensitive
GS-001172,12,16,1,1311.15,4,3,2,3,433,423,loyal
GS-001173,1400,12,0,870.48,1,2,1,2,122,112,standard
GS-001174,1,13,1,633.03,5,3,2,2,532,522,standard
GS-001175,1131,24,1,1535.53,1,4,2,3,143,123,price_sensitive
GS-001176,54,2,1,1040.66,3,1,2,3,313,323,standard
GS-001177,20,31,2,2812.05,3,4,3,4,344,334,loyal
GS-001178,25,21,1,1181.56,3,3,2,3,333,323,price_sensitive
GS-001179,26,64,5,7574.76,3,5,5,5,355,355,standard
GS-001180,1365,1,0,474.28,1,1,1,1,111,111,price_sensitive
GS-001181,8,54,4,3873.43,5,5,5,5,555,555,loyal
GS-001182,26,17,1,884.47,3,3,2,2,332,322,standard
GS-001183,179,24,1,522.88,2,4,2,1,241,221,price_sensitive
GS-001184,76,4,3,1779.83,2,2,4,4,224,244,standard
GS-001185,116,4,3,2859.47,2,2,4,4,224,244,loyal
GS-001186,176,2,1,1077.98,2,1,2,3,213,223,standard
GS-001187,1,37,3,1120.41,5,4,4,3,543,543,price_sensitive
GS-001188,1,33,2,3409.82,5,4,3,5,545,535,standard
GS-001189,1,43,3,2833.43,5,5,4,4,554,544,loyal
GS-001190,383,48,3,2182.6,2,5,4,4,254,244,price_sensitive
GS-001191,9,41,3,1620.12,5,4,4,3,543,543,standard
GS-001192,1433,1,0,467.06,1,1,1,1,111,111,price_sensitive
GS-001193,4,46,3,2145.55,5,5,4,4,554,544,standard
GS-001194,20,16,1,1336.7,3,3,2,3,333,323,standard
GS-001195,732,3,2,1137.16,1,1,3,3,113,133,price_sensitive
GS-001196,1457,1,0,523.84,1,1,1,1,111,111,price_sensitive
GS-001197,17,3,0,410.93,4,1,1,1,411,411,loyal
GS-001198,20,17,1,1315.04,3,3,2,3,333,323,standard
GS-001199,208,12,0,661.04,2,2,1,2,222,212,standard
GS-001200,23,24,1,1617.15,3,4,2,3,343,323,loyal
GS-001201,24,48,3,1848.0,3,5,4,4,354,344,standard
GS-001202,177,1,0,920.24,2,1,1,2,212,212,loyal
GS-001203,14,53,4,2638.32,4,5,5,4,454,454,loyal
GS-001204,8,8,0,189.19,5,2,1,1,521,511,price_sensitive
GS-001205,1733,1,0,443.81,1,1,1,1,111,111,price_sensitive
GS-001206,1061,1,0,596.53,1,1,1,2,112,112,price_sensitive
GS-001207,25,18,1,648.47,3,3,2,2,332,322,standard
GS-001208,25,13,1,612.86,3,3,2,2,332,322,standard
GS-001209,44,48,3,2242.88,3,5,4,4,354,344,price_sensitive
GS-001210,96,3,2,1162.64,2,1,3,3,213,233,standard
GS-001211,534,24,1,1136.5,1,4,2,3,143,123,standard
GS-001212,7,3,0,175.31,5,1,1,1,511,511,price_sensitive
GS-001213,1295,24,1,1425.81,1,4,2,3,143,123,standard
GS-001214,24,18,1,817.02,3,3,2,2,332,322,price_sensitive
GS-001215,26,45,3,6177.97,3,5,4,5,355,345,standard
GS-001216,462,12,0,500.39,1,2,1,1,121,111,standard
GS-001217,12,12,0,509.72,4,2,1,1,421,411,loyal
GS-001218,72,12,0,397.76,3,2,1,1,321,311,price_sensitive
GS-001219,19,43,3,3782.78,4,5,4,5,455,445,standard
GS-001220,18,33,2,1519.89,4,4,3,3,443,433,standard
GS-001221,2,44,3,2369.47,5,5,4,4,554,544,standard
GS-001222,27,50,4,3842.39,3,5,5,5,355,355,standard
GS-001223,1,5,0,566.87,5,2,1,2,522,512,standard
GS-001224,12,45,3,2373.33,4,5,4,4,454,444,loyal
GS-001225,778,36,2,1227.13,1,4,3,3,143,133,price_sensitive
GS-001226,28,9,0,420.08,3,2,1,1,321,311,price_sensitive
GS-001227,26,17,1,1444.9,3,3,2,3,333,323,standard
GS-001228,14,26,2,1040.1,4,4,3,3,443,433,standard
GS-001229,27,12,0,630.68,3,2,1,2,322,312,standard
GS-001230,16,57,4,6740.21,4,5,5,5,455,455,loyal
GS-001231,171,2,1,608.21,2,1,2,2,212,222,price_sensitive
GS-001232,5,33,2,2830.42,5,4,3,4,544,534,loyal
GS-001233,14,6,0,593.46,4,2,1,2,422,412,loyal
GS-001234,138,6,5,7130.88,2,2,5,5,225,255,loyal
GS-001235,1661,12,0,1176.87,1,2,1,3,123,113,standard
GS-001236,292,4,3,4603.21,2,2,4,5,225,245,loyal
GS-001237,682,1,0,586.35,1,1,1,2,112,112,price_sensitive
GS-001238,525,12,0,826.96,1,2,1,2,122,112,standard
GS-001239,1,45,3,2983.9,5,5,4,5,555,545,loyal
GS-001240,314,24,1,575.62,2,4,2,2,242,222,price_sensitive
GS-001241,923,1,0,889.16,1,1,1,2,112,112,price_sensitive
GS-001242,22,20,1,1441.85,3,3,2,3,333,323,loyal
GS-001243,154,2,1,1452.04,2,1,2,3,213,223,loyal
GS-001244,15,29,2,2385.16,4,4,3,4,444,434,loyal
GS-001245,31,2,1,1699.96,3,1,2,4,314,324,loyal
GS-001246,19,12,0,336.78,4,2,1,1,421,411,price_sensitive
GS-001247,446,1,0,442.92,1,1,1,1,111,111,price_sensitive
GS-001248,359,3,2,1685.67,2,1,3,4,214,234,standard
GS-001249,13,44,3,2390.06,4,5,4,4,454,444,loyal
GS-001250,9,52,4,2031.07,5,5,5,4,554,554,standard
GS-001251,18,45,3,2432.65,4,5,4,4,454,444,standard
GS-001252,18,20,1,978.82,4,3,2,2,432,422,loyal
GS-001253,950,1,0,402.66,1,1,1,1,111,111,price_sensitive
GS-001254,1,44,3,2308.33,5,5,4,4,554,544,standard
GS-001255,1537,12,0,820.22,1,2,1,2,122,112,standard
GS-001256,7,18,1,1014.19,5,3,2,3,533,523,loyal
GS-001257,4,23,1,1233.85,5,3,2,3,533,523,standard
GS-001258,4,4,0,387.76,5,2,1,1,521,511,loyal
GS-001259,25,6,0,362.63,3,2,1,1,321,311,standard
GS-001260,1045,12,0,441.39,1,2,1,1,121,111,standard
GS-001261,25,28,2,1170.87,3,4,3,3,343,333,loyal
GS-001262,604,12,0,306.32,1,2,1,1,121,111,price_sensitive
GS-001263,14,28,2,1747.22,4,4,3,4,444,434,loyal
GS-001264,10,12,0,1025.13,4,2,1,3,423,413,loyal
GS-001265,138,5,4,4152.24,2,2,5,5,225,255,loyal
GS-001266,341,5,4,3448.33,2,2,5,5,225,255,standard
GS-001267,119,36,2,1716.25,2,4,3,4,244,234,standard
GS-001268,19,29,2,1522.5,4,4,3,3,443,433,standard
GS-001269,1,24,1,1032.55,5,4,2,3,543,523,standard
GS-001270,17,66,5,2696.91,4,5,5,4,454,454,standard
GS-001271,746,12,0,412.59,1,2,1,1,121,111,price_sensitive
GS-001272,1280,12,0,430.71,1,2,1,1,121,111,price_sensitive
GS-001273,7,51,4,2734.46,5,5,5,4,554,554,standard
GS-001274,96,3,2,3303.52,2,1,3,5,215,235,loyal
GS-001275,13,22,1,1446.47,4,3,2,3,433,423,loyal
GS-001276,1,64,5,3829.97,5,5,5,5,555,555,standard
GS-001277,463,24,1,1419.26,1,4,2,3,143,123,price_sensitive
GS-001278,207,1,0,464.71,2,1,1,1,211,211,standard
GS-001279,127,1,0,274.32,2,1,1,1,211,211,price_sensitive
GS-001280,1,66,5,3656.36,5,5,5,5,555,555,standard
GS-001281,23,7,0,320.75,3,2,1,1,321,311,standard
GS-001282,26,20,1,741.87,3,3,2,2,332,322,standard
GS-001283,17,9,0,356.03,4,2,1,1,421,411,price_sensitive
GS-001284,28,36,2,2999.96,3,4,3,5,345,335,standard
GS-001285,25,27,2,2558.74,3,4,3,4,344,334,loyal
GS-001286,23,21,1,3030.39,3,3,2,5,335,325,loyal
GS-001287,360,1,0,342.66,2,1,1,1,211,211,price_sensitive
GS-001288,20,20,1,884.34,3,3,2,2,332,322,price_sensitive
GS-001289,14,30,2,2328.54,4,4,3,4,444,434,standard
GS-001290,1227,2,1,973.71,1,1,2,2,112,122,price_sensitive
GS-001291,7,18,1,634.85,5,3,2,2,532,522,standard
GS-001292,340,4,3,1244.49,2,2,4,3,223,243,standard
GS-001293,235,2,1,1491.22,2,1,2,3,213,223,price_sensitive
GS-001294,18,49,4,2085.35,4,5,5,4,454,454,standard
GS-001295,3,38,3,1379.64,5,4,4,3,543,543,standard
GS-001296,14,39,3,2505.52,4,4,4,4,444,444,loyal
GS-001297,115,2,1,3071.7,2,1,2,5,215,225,loyal
GS-001298,20,48,3,3501.59,3,5,4,5,355,345,standard
GS-001299,373,1,0,989.25,2,1,1,3,213,213,price_sensitive
GS-001300,337,5,4,3727.73,2,2,5,5,225,255,standard
GS-001301,1,26,2,972.43,5,4,3,2,542,532,standard
GS-001302,25,47,3,1045.48,3,5,4,3,353,343,price_sensitive
GS-001303,22,12,0,865.23,3,2,1,2,322,312,standard
GS-001304,16,42,3,4637.69,4,5,4,5,455,445,standard
GS-001305,480,1,0,396.04,1,1,1,1,111,111,price_sensitive
GS-001306,5,40,3,1899.54,5,4,4,4,544,544,standard
GS-001307,463,24,1,710.28,1,4,2,2,142,122,standard
GS-001308,27,2,1,713.84,3,1,2,2,312,322,price_sensitive
GS-001309,3,45,3,2912.35,5,5,4,5,555,545,loyal
GS-001310,273,1,0,477.83,2,1,1,1,211,211,price_sensitive
GS-001311,647,24,1,745.48,1,4,2,2,142,122,price_sensitive
GS-001312,1,6,0,269.61,5,2,1,1,521,511,standard
GS-001313,92,5,4,4690.74,2,2,5,5,225,255,standard
GS-001314,1754,1,0,478.06,1,1,1,1,111,111,standard
GS-001315,15,37,3,2719.73,4,4,4,4,444,444,standard
GS-001316,12,46,3,1361.87,4,5,4,3,453,443,price_sensitive
GS-001317,27,19,1,1393.92,3,3,2,3,333,323,loyal
GS-001318,1377,1,0,702.79,1,1,1,2,112,112,price_sensitive
GS-001319,347,4,3,4583.55,2,2,4,5,225,245,standard
GS-001320,335,2,1,1020.37,2,1,2,3,213,223,standard
GS-001321,11,24,1,1124.42,4,4,2,3,443,423,standard
GS-001322,6,61,5,3784.24,5,5,5,5,555,555,standard
GS-001323,368,12,0,234.68,2,2,1,1,221,211,price_sensitive
GS-001324,826,12,0,1328.46,1,2,1,3,123,113,standard
GS-001325,13,47,3,1283.46,4,5,4,3,453,443,price_sensitive
GS-001326,125,5,4,2138.06,2,2,5,4,224,254,standard
GS-001327,5,8,0,165.74,5,2,1,1,521,511,standard
GS-001328,25,42,3,2772.37,3,5,4,4,354,344,standard
GS-001329,22,27,2,1760.98,3,4,3,4,344,334,standard
GS-001330,296,1,0,724.19,2,1,1,2,212,212,standard
GS-001331,220,5,4,3206.36,2,2,5,5,225,255,standard
GS-001332,25,11,0,386.98,3,2,1,1,321,311,standard
GS-001333,865,24,1,508.65,1,4,2,1,141,121,standard
GS-001334,10,57,4,3562.8,4,5,5,5,455,455,standard
GS-001335,26,26,2,1628.86,3,4,3,3,343,333,loyal
GS-001336,24,10,0,509.72,3,2,1,1,321,311,standard
GS-001337,1341,12,0,396.0,1,2,1,1,121,111,standard
GS-001338,1,8,0,521.46,5,2,1,1,521,511,standard
GS-001339,17,11,0,1111.49,4,2,1,3,423,413,standard
GS-001340,18,47,3,1550.25,4,5,4,3,453,443,standard
GS-001341,1,52,4,1705.6,5,5,5,4,554,554,standard
GS-001342,421,36,2,5240.69,1,4,3,5,145,135,loyal
GS-001343,32,12,0,508.84,3,2,1,1,321,311,price_sensitive
GS-001344,5,30,2,1823.33,5,4,3,4,544,534,standard
GS-001345,276,48,3,2594.65,2,5,4,4,254,244,standard
GS-001346,12,26,2,1236.7,4,4,3,3,443,433,loyal
GS-001347,14,6,0,403.78,4,2,1,1,421,411,standard
GS-001348,626,4,3,2447.69,1,2,4,4,124,144,price_sensitive
GS-001349,6,4,0,182.56,5,2,1,1,521,511,standard
GS-001350,821,1,0,662.28,1,1,1,2,112,112,standard
GS-001351,1,21,1,2078.03,5,3,2,4,534,524,loyal
GS-001352,201,48,3,2486.91,2,5,4,4,254,244,price_sensitive
GS-001353,4,3,0,59.58,5,1,1,1,511,511,price_sensitive
GS-001354,152,1,0,721.67,2,1,1,2,212,212,standard
GS-001355,127,4,3,3915.36,2,2,4,5,225,245,loyal
GS-001356,215,12,0,285.8,2,2,1,1,221,211,price_sensitive
GS-001357,762,12,0,296.11,1,2,1,1,121,111,price_sensitive
GS-001358,21,48,3,2049.95,3,5,4,4,354,344,loyal
GS-001359,4,6,0,462.34,5,2,1,1,521,511,standard
GS-001360,1193,2,1,863.12,1,1,2,2,112,122,price_sensitive
GS-001361,13,33,2,2327.86,4,4,3,4,444,434,standard
GS-001362,491,12,0,450.96,1,2,1,1,121,111,standard
GS-001363,25,56,4,6373.45,3,5,5,5,355,355,loyal
GS-001364,131,1,0,712.81,2,1,1,2,212,212,standard
GS-001365,24,6,0,136.06,3,2,1,1,321,311,price_sensitive
GS-001366,13,17,1,652.86,4,3,2,2,432,422,standard
GS-001367,24,50,4,3572.61,3,5,5,5,355,355,loyal
GS-001368,99,12,0,458.19,2,2,1,1,221,211,price_sensitive
GS-001369,284,2,1,585.03,2,1,2,2,212,222,price_sensitive
GS-001370,27,64,5,5365.04,3,5,5,5,355,355,loyal
GS-001371,6,4,3,2826.29,5,2,4,4,524,544,price_sensitive
GS-001372,1384,1,0,383.29,1,1,1,1,111,111,standard
GS-001373,1,35,2,1823.69,5,4,3,4,544,534,standard
GS-001374,10,45,3,1254.76,4,5,4,3,453,443,price_sensitive
GS-001375,1331,12,0,230.79,1,2,1,1,121,111,price_sensitive
GS-001376,19,11,0,466.08,4,2,1,1,421,411,standard
GS-001377,27,24,1,1459.06,3,4,2,3,343,323,standard
GS-001378,201,1,0,899.2,2,1,1,2,212,212,standard
GS-001379,5,56,4,4867.41,5,5,5,5,555,555,standard
GS-001380,991,12,0,372.28,1,2,1,1,121,111,price_sensitive
GS-001381,457,48,3,2066.03,1,5,4,4,154,144,price_sensitive
GS-001382,23,18,1,404.43,3,3,2,1,331,321,standard
GS-001383,670,12,0,487.51,1,2,1,1,121,111,standard
GS-001384,1158,24,1,1268.57,1,4,2,3,143,123,standard
GS-001385,1421,12,0,604.26,1,2,1,2,122,112,price_sensitive
GS-001386,24,33,2,2735.88,3,4,3,4,344,334,loyal
GS-001387,16,19,1,1078.11,4,3,2,3,433,423,standard
GS-001388,1057,1,0,452.23,1,1,1,1,111,111,standard
GS-001389,123,3,2,1378.21,2,1,3,3,213,233,standard
GS-001390,356,5,4,1646.43,2,2,5,3,223,253,standard
GS-001391,67,6,5,5362.45,3,2,5,5,325,355,standard
GS-001392,1,61,5,3103.3,5,5,5,5,555,555,standard
GS-001393,528,36,2,2372.64,1,4,3,4,144,134,loyal
GS-001394,12,32,2,2219.41,4,4,3,4,444,434,loyal
GS-001395,92,12,0,334.56,2,2,1,1,221,211,standard
GS-001396,1991,1,0,669.79,1,1,1,2,112,112,standard
GS-001397,7,4,0,99.53,5,2,1,1,521,511,price_sensitive
GS-001398,2,19,1,1577.52,5,3,2,3,533,523,loyal
GS-001399,1,17,1,984.96,5,3,2,2,532,522,standard
GS-001400,9,25,2,572.1,5,4,3,2,542,532,price_sensitive
GS-001401,526,12,0,616.18,1,2,1,2,122,112,standard
GS-001402,118,6,5,4865.11,2,2,5,5,225,255,standard
GS-001403,1066,12,0,390.69,1,2,1,1,121,111,price_sensitive
GS-001404,427,36,2,2409.69,1,4,3,4,144,134,price_sensitive
GS-001405,10,24,1,939.77,4,4,2,2,442,422,standard
GS-001406,25,3,2,1378.92,3,1,3,3,313,333,standard
GS-001407,488,36,2,2462.4,1,4,3,4,144,134,loyal
GS-001408,379,48,3,3377.17,2,5,4,5,255,245,standard
GS-001409,23,7,0,436.82,3,2,1,1,321,311,standard
GS-001410,4,25,2,1206.25,5,4,3,3,543,533,price_sensitive
GS-001411,1382,12,0,603.45,1,2,1,2,122,112,loyal
GS-001412,17,10,0,459.92,4,2,1,1,421,411,standard
GS-001413,3,47,3,3710.28,5,5,4,5,555,545,loyal
GS-001414,654,12,0,812.34,1,2,1,2,122,112,standard
GS-001415,18,3,0,71.59,4,1,1,1,411,411,price_sensitive
GS-001416,23,6,0,562.17,3,2,1,2,322,312,loyal
GS-001417,1035,12,0,515.33,1,2,1,1,121,111,price_sensitive
GS-001418,644,4,3,1609.81,1,2,4,3,123,143,price_sensitive
GS-001419,3,8,0,214.02,5,2,1,1,521,511,standard
GS-001420,6,58,4,8874.73,5,5,5,5,555,555,loyal
GS-001421,298,3,2,1532.1,2,1,3,3,213,233,standard
GS-001422,7,40,3,2809.61,5,4,4,4,544,544,standard
GS-001423,18,22,1,2921.88,4,3,2,5,435,425,loyal
GS-001424,173,5,4,4971.39,2,2,5,5,225,255,standard
GS-001425,14,40,3,1849.82,4,4,4,4,444,444,price_sensitive
GS-001426,31,12,0,588.51,3,2,1,2,322,312,price_sensitive
GS-001427,11,13,1,693.53,4,3,2,2,432,422,standard
GS-001428,8,26,2,1680.35,5,4,3,3,543,533,loyal
GS-001429,125,24,1,2366.83,2,4,2,4,244,224,standard
GS-001430,19,26,2,1269.5,4,4,3,3,443,433,price_sensitive
GS-001431,19,35,2,1040.72,4,4,3,3,443,433,price_sensitive
GS-001432,2,2,1,1924.11,5,1,2,4,514,524,standard
GS-001433,25,63,5,2795.82,3,5,5,4,354,354,loyal
GS-001434,676,24,1,1324.32,1,4,2,3,143,123,standard
GS-001435,2,7,0,158.79,5,2,1,1,521,511,price_sensitive
GS-001436,25,23,1,1375.34,3,3,2,3,333,323,loyal
GS-001437,14,25,2,2832.23,4,4,3,4,444,434,loyal
GS-001438,19,7,0,390.97,4,2,1,1,421,411,loyal
GS-001439,24,24,1,1929.64,3,4,2,4,344,324,standard
GS-001440,340,4,3,3019.39,2,2,4,5,225,245,standard
GS-001441,232,4,3,5627.68,2,2,4,5,225,245,standard
GS-001442,278,4,3,3337.12,2,2,4,5,225,245,loyal
GS-001443,1169,12,0,370.34,1,2,1,1,121,111,price_sensitive
GS-001444,8,59,4,1749.06,5,5,5,4,554,554,standard
GS-001445,1667,12,0,548.51,1,3,1,2,132,112,price_sensitive
GS-001446,5,32,2,1172.92,5,4,3,3,543,533,price_sensitive
GS-001447,322,4,3,7286.4,2,2,4,5,225,245,loyal
GS-001448,116,12,0,341.82,2,3,1,1,231,211,price_sensitive
GS-001449,3,63,5,2676.98,5,5,5,4,554,554,standard
GS-001450,21,5,4,6598.86,3,2,5,5,325,355,standard
GS-001451,978,12,0,694.13,1,3,1,2,132,112,price_sensitive
GS-001452,1281,24,1,1132.51,1,4,2,3,143,123,standard
GS-001453,1733,1,0,1132.49,1,1,1,3,113,113,standard
GS-001454,4,8,0,719.41,5,2,1,2,522,512,loyal
GS-001455,2,52,4,2562.8,5,5,5,4,554,554,loyal
GS-001456,27,5,0,216.81,3,2,1,1,321,311,standard
GS-001457,42,4,3,4374.99,3,2,4,5,325,345,standard
GS-001458,308,1,0,854.8,2,1,1,2,212,212,price_sensitive
GS-001459,133,5,4,5802.77,2,2,5,5,225,255,loyal
GS-001460,588,12,0,580.36,1,3,1,2,132,112,price_sensitive
GS-001461,356,12,0,1270.13,2,3,1,3,233,213,standard
GS-001462,21,24,1,824.47,3,4,2,2,342,322,standard
GS-001463,24,12,0,929.12,3,3,1,2,332,312,standard
GS-001464,10,5,4,1320.76,4,2,5,3,423,453,standard
GS-001465,193,3,2,2314.6,2,1,3,4,214,234,standard
GS-001466,5,9,0,494.39,5,2,1,1,521,511,standard
GS-001467,140,1,0,1078.06,2,1,1,3,213,213,loyal
GS-001468,796,12,0,787.99,1,3,1,2,132,112,standard
GS-001469,869,4,3,1996.29,1,2,4,4,124,144,price_sensitive
GS-001470,11,5,4,3392.87,4,2,5,5,425,455,loyal
GS-001471,26,51,4,4591.55,3,5,5,5,355,355,loyal
GS-001472,590,12,0,480.67,1,3,1,1,131,111,standard
GS-001473,1553,12,0,629.1,1,3,1,2,132,112,price_sensitive
GS-001474,22,27,2,2000.74,3,4,3,4,344,334,loyal
GS-001475,10,28,2,1816.82,4,4,3,4,444,434,loyal
GS-001476,18,66,5,6585.2,4,5,5,5,455,455,loyal
GS-001477,1128,1,0,480.81,1,1,1,1,111,111,standard
GS-001478,1422,12,0,274.95,1,3,1,1,131,111,price_sensitive
GS-001479,8,4,0,135.71,5,2,1,1,521,511,price_sensitive
GS-001480,184,5,4,3694.88,2,2,5,5,225,255,standard
GS-001481,98,1,0,895.4,2,1,1,2,212,212,loyal
GS-001482,21,64,5,3554.7,3,5,5,5,355,355,standard
GS-001483,541,4,3,1770.09,1,2,4,4,124,144,price_sensitive
GS-001484,10,2,0,83.82,4,1,1,1,411,411,standard
GS-001485,12,64,5,4038.42,4,5,5,5,455,455,standard
GS-001486,446,12,0,411.42,1,3,1,1,131,111,price_sensitive
GS-001487,1363,1,0,415.12,1,1,1,1,111,111,standard
GS-001488,1414,1,0,637.92,1,1,1,2,112,112,standard
GS-001489,503,36,2,1833.86,1,4,3,4,144,134,standard
GS-001490,7,33,2,1055.36,5,4,3,3,543,533,price_sensitive
GS-001491,1057,2,1,841.97,1,1,2,2,112,122,price_sensitive
GS-001492,13,33,2,1159.52,4,4,3,3,443,433,standard
GS-001493,174,12,0,1386.12,2,3,1,3,233,213,loyal
GS-001494,261,1,0,620.63,2,1,1,2,212,212,standard
GS-001495,1,32,2,1108.99,5,4,3,3,543,533,standard
GS-001496,1,22,1,960.19,5,3,2,2,532,522,standard
GS-001497,22,5,0,333.31,3,2,1,1,321,311,standard
GS-001498,10,52,4,4233.42,4,5,5,5,455,455,loyal
GS-001499,26,61,5,2286.29,3,5,5,4,354,354,standard
GS-001500,24,32,2,1987.68,3,4,3,4,344,334,loyal
GS-001501,26,28,2,2131.18,3,4,3,4,344,334,standard
GS-001502,26,4,0,184.57,3,2,1,1,321,311,standard
GS-001503,1,51,4,4099.15,5,5,5,5,555,555,standard
GS-001504,22,16,1,1158.8,3,3,2,3,333,323,standard
GS-001505,872,12,0,655.89,1,3,1,2,132,112,price_sensitive
GS-001506,1,36,2,1727.83,5,4,3,4,544,534,loyal
GS-001507,1,17,1,670.74,5,3,2,2,532,522,price_sensitive
GS-001508,1,24,1,1592.17,5,4,2,3,543,523,standard
GS-001509,25,65,5,2205.88,3,5,5,4,354,354,standard
GS-001510,509,3,2,505.28,1,1,3,1,111,131,price_sensitive
GS-001511,1169,12,0,895.2,1,3,1,2,132,112,standard
GS-001512,405,1,0,651.69,1,1,1,2,112,112,standard
GS-001513,1048,12,0,542.61,1,3,1,2,132,112,standard
GS-001514,118,12,0,333.58,2,3,1,1,231,211,price_sensitive
GS-001515,23,58,4,3214.96,3,5,5,5,355,355,standard
GS-001516,3,55,4,4417.56,5,5,5,5,555,555,standard
GS-001517,27,49,4,1747.62,3,5,5,4,354,354,standard
GS-001518,287,12,0,446.29,2,3,1,1,231,211,price_sensitive
GS-001519,282,3,2,762.03,2,1,3,2,212,232,price_sensitive
GS-001520,12,65,5,3761.97,4,5,5,5,455,455,standard
GS-001521,5,31,2,1789.15,5,4,3,4,544,534,standard
GS-001522,17,24,1,1456.28,4,4,2,3,443,423,loyal
GS-001523,335,4,3,2278.83,2,2,4,4,224,244,loyal
GS-001524,23,4,3,4751.4,3,2,4,5,325,345,loyal
GS-001525,260,1,0,382.18,2,1,1,1,211,211,standard
GS-001526,28,13,1,855.84,3,3,2,2,332,322,standard
GS-001527,286,2,1,1805.14,2,1,2,4,214,224,standard
GS-001528,24,27,2,2465.85,3,4,3,4,344,334,loyal
GS-001529,88,5,4,3985.46,2,2,5,5,225,255,standard
GS-001530,816,12,0,602.07,1,3,1,2,132,112,price_sensitive
GS-001531,521,24,1,1379.54,1,4,2,3,143,123,standard
GS-001532,3,66,5,3653.71,5,5,5,5,555,555,standard
GS-001533,595,12,0,588.36,1,3,1,2,132,112,standard
GS-001534,2,31,2,4469.7,5,4,3,5,545,535,loyal
GS-001535,215,4,3,2839.56,2,2,4,4,224,244,loyal
GS-001536,27,23,1,1372.71,3,3,2,3,333,323,standard
GS-001537,71,3,2,1824.17,3,1,3,4,314,334,standard
GS-001538,1599,12,0,398.67,1,3,1,1,131,111,price_sensitive
GS-001539,19,19,1,607.71,4,3,2,2,432,422,standard
GS-001540,3,10,0,333.36,5,2,1,1,521,511,standard
GS-001541,324,4,3,3340.4,2,2,4,5,225,245,standard
GS-001542,136,48,3,1707.33,2,5,4,4,254,244,standard
GS-001543,1448,2,1,911.76,1,1,2,2,112,122,price_sensitive
GS-001544,11,15,1,1196.9,4,3,2,3,433,423,loyal
GS-001545,1587,12,0,976.97,1,3,1,2,132,112,price_sensitive
GS-001546,1028,24,1,827.92,1,4,2,2,142,122,standard
GS-001547,9,40,3,1484.2,5,4,4,3,543,543,price_sensitive
GS-001548,479,2,1,873.11,1,1,2,2,112,122,standard
GS-001549,20,11,0,643.25,3,2,1,2,322,312,standard
GS-001550,1999,1,0,303.18,1,1,1,1,111,111,price_sensitive
GS-001551,13,9,0,742.13,4,2,1,2,422,412,loyal
GS-001552,14,5,0,236.46,4,2,1,1,421,411,standard
GS-001553,1,34,2,1721.42,5,4,3,4,544,534,standard
GS-001554,17,37,3,1710.85,4,4,4,4,444,444,standard
GS-001555,14,53,4,2482.08,4,5,5,4,454,454,loyal
GS-001556,4,49,4,3837.73,5,5,5,5,555,555,loyal
GS-001557,829,36,2,1004.71,1,4,3,3,143,133,standard
GS-001558,9,33,2,2043.64,5,4,3,4,544,534,standard
GS-001559,1527,12,0,809.3,1,3,1,2,132,112,standard
GS-001560,230,2,1,902.55,2,1,2,2,212,222,standard
GS-001561,7,13,1,1137.71,5,3,2,3,533,523,standard
GS-001562,22,3,0,172.55,3,1,1,1,311,311,loyal
GS-001563,303,1,0,540.21,2,1,1,2,212,212,standard
GS-001564,5,15,1,1685.51,5,3,2,3,533,523,loyal
GS-001565,28,56,4,2458.49,3,5,5,4,354,354,standard
GS-001566,23,38,3,1668.24,3,4,4,3,343,343,standard
GS-001567,19,24,1,3731.79,4,4,2,5,445,425,standard
GS-001568,21,55,4,5307.84,3,5,5,5,355,355,loyal
GS-001569,20,34,2,2125.11,3,4,3,4,344,334,price_sensitive
GS-001570,158,12,0,385.87,2,3,1,1,231,211,standard
GS-001571,175,4,3,1847.26,2,2,4,4,224,244,standard
GS-001572,24,63,5,4432.18,3,5,5,5,355,355,standard
GS-001573,7,20,1,660.07,5,3,2,2,532,522,loyal
GS-001574,7,12,0,444.03,5,3,1,1,531,511,standard
GS-001575,22,54,4,5415.75,3,5,5,5,355,355,standard
GS-001576,252,48,3,1431.99,2,5,4,3,253,243,price_sensitive
GS-001577,105,4,3,5173.66,2,2,4,5,225,245,loyal
GS-001578,26,9,0,595.87,3,2,1,2,322,312,standard
GS-001579,4,4,3,1993.9,5,2,4,4,524,544,standard
GS-001580,123,2,1,2430.06,2,1,2,4,214,224,loyal
GS-001581,11,35,2,2613.35,4,4,3,4,444,434,loyal
GS-001582,8,19,1,1271.92,5,3,2,3,533,523,standard
GS-001583,73,1,0,406.76,3,1,1,1,311,311,price_sensitive
GS-001584,17,46,3,5867.61,4,5,4,5,455,445,loyal
GS-001585,4,11,0,642.45,5,2,1,2,522,512,loyal
GS-001586,20,23,1,1099.28,3,3,2,3,333,323,standard
GS-001587,58,3,2,2663.77,3,1,3,4,314,334,standard
GS-001588,1278,1,0,435.81,1,1,1,1,111,111,price_sensitive
GS-001589,26,46,3,2822.12,3,5,4,4,354,344,standard
GS-001590,2,12,0,472.62,5,3,1,1,531,511,loyal
GS-001591,24,66,5,6248.0,3,5,5,5,355,355,loyal
GS-001592,24,23,1,1409.69,3,3,2,3,333,323,standard
GS-001593,21,63,5,4754.09,3,5,5,5,355,355,standard
GS-001594,18,41,3,2978.47,4,4,4,5,445,445,loyal
GS-001595,4,49,4,2005.02,5,5,5,4,554,554,loyal
GS-001596,7,25,2,4423.0,5,4,3,5,545,535,loyal
GS-001597,647,36,2,1346.66,1,4,3,3,143,133,standard
GS-001598,13,26,2,1479.25,4,4,3,3,443,433,standard
GS-001599,5,27,2,1237.14,5,4,3,3,543,533,loyal
GS-001600,1,27,2,722.07,5,4,3,2,542,532,loyal
GS-001601,15,19,1,669.21,4,3,2,2,432,422,standard
GS-001602,27,55,4,1682.5,3,5,5,3,353,353,standard
GS-001603,836,12,0,656.6,1,3,1,2,132,112,standard
GS-001604,159,1,0,937.28,2,1,1,2,212,212,loyal
GS-001605,184,3,2,1959.93,2,1,3,4,214,234,loyal
GS-001606,1400,12,0,261.37,1,3,1,1,131,111,price_sensitive
GS-001607,25,30,2,1272.73,3,4,3,3,343,333,price_sensitive
GS-001608,20,33,2,1091.32,3,4,3,3,343,333,standard
GS-001609,11,3,0,373.16,4,1,1,1,411,411,standard
GS-001610,5,55,4,4128.01,5,5,5,5,555,555,standard
GS-001611,1189,1,0,336.36,1,1,1,1,111,111,price_sensitive
GS-001612,5,29,2,3183.35,5,4,3,5,545,535,loyal
GS-001613,28,62,5,3449.74,3,5,5,5,355,355,loyal
GS-001614,28,30,2,2933.54,3,4,3,5,345,335,loyal
GS-001615,123,60,4,3183.69,2,5,5,5,255,255,standard
GS-001616,696,3,2,544.38,1,1,3,2,112,132,price_sensitive
GS-001617,249,5,4,2560.26,2,2,5,4,224,254,standard
GS-001618,10,5,0,216.6,4,2,1,1,421,411,standard
GS-001619,22,63,5,2571.35,3,5,5,4,354,354,standard
GS-001620,7,24,1,643.72,5,4,2,2,542,522,price_sensitive
GS-001621,701,24,1,438.09,1,4,2,1,141,121,price_sensitive
GS-001622,449,12,0,424.82,1,3,1,1,131,111,price_sensitive
GS-001623,6,61,5,2587.95,5,5,5,4,554,554,standard
GS-001624,17,7,0,612.46,4,2,1,2,422,412,loyal
GS-001625,648,12,0,734.58,1,3,1,2,132,112,standard
GS-001626,787,12,0,1030.12,1,3,1,3,133,113,loyal
GS-001627,20,3,0,172.11,3,1,1,1,311,311,loyal
GS-001628,1379,1,0,212.06,1,1,1,1,111,111,standard
GS-001629,182,1,0,435.13,2,1,1,1,211,211,price_sensitive
GS-001630,598,3,2,1638.6,1,1,3,3,113,133,price_sensitive
GS-001631,23,7,0,431.24,3,2,1,1,321,311,standard
GS-001632,15,38,3,2806.93,4,4,4,4,444,444,loyal
GS-001633,98,5,4,3530.1,2,2,5,5,225,255,standard
GS-001634,807,36,2,1245.43,1,4,3,3,143,133,price_sensitive
GS-001635,84,5,4,3774.88,2,2,5,5,225,255,standard
GS-001636,1,13,1,618.86,5,3,2,2,532,522,standard
GS-001637,103,5,4,3786.72,2,2,5,5,225,255,standard
GS-001638,355,2,1,1208.43,2,1,2,3,213,223,loyal
GS-001639,1758,1,0,330.4,1,1,1,1,111,111,price_sensitive
GS-001640,28,65,5,2771.44,3,5,5,4,354,354,standard
GS-001641,14,20,1,1407.09,4,3,2,3,433,423,standard
GS-001642,2,40,3,6334.08,5,4,4,5,545,545,standard
GS-001643,13,21,1,482.8,4,3,2,1,431,421,price_sensitive
GS-001644,1,13,1,1189.98,5,3,2,3,533,523,standard
GS-001645,26,13,1,1137.53,3,3,2,3,333,323,loyal
GS-001646,8,41,3,1644.55,5,4,4,3,543,543,standard
GS-001647,12,8,0,693.01,4,2,1,2,422,412,standard
GS-001648,161,2,1,679.2,2,1,2,2,212,222,price_sensitive
GS-001649,267,4,3,2523.54,2,2,4,4,224,244,standard
GS-001650,529,48,3,1077.4,1,5,4,3,153,143,price_sensitive
GS-001651,827,1,0,383.16,1,1,1,1,111,111,price_sensitive
GS-001652,23,45,3,2328.9,3,5,4,4,354,344,standard
GS-001653,9,52,4,3440.4,5,5,5,5,555,555,loyal
GS-001654,18,40,3,2934.7,4,4,4,5,445,445,standard
GS-001655,1934,1,0,559.03,1,1,1,2,112,112,standard
GS-001656,110,6,5,6838.24,2,2,5,5,225,255,loyal
GS-001657,1541,1,0,933.21,1,1,1,2,112,112,standard
GS-001658,128,3,2,2146.27,2,1,3,4,214,234,standard
GS-001659,11,20,1,1446.01,4,3,2,3,433,423,loyal
GS-001660,21,43,3,2040.73,3,5,4,4,354,344,standard
GS-001661,4,7,0,821.09,5,2,1,2,522,512,standard
GS-001662,27,42,3,2763.77,3,5,4,4,354,344,loyal
GS-001663,25,23,1,566.41,3,3,2,2,332,322,price_sensitive
GS-001664,162,5,4,5534.87,2,2,5,5,225,255,loyal
GS-001665,16,2,1,1903.62,4,1,2,4,414,424,standard
GS-001666,451,24,1,754.37,1,4,2,2,142,122,price_sensitive
GS-001667,11,37,3,1593.79,4,4,4,3,443,443,standard
GS-001668,24,2,0,92.7,3,1,1,1,311,311,standard
GS-001669,90,1,0,365.61,2,1,1,1,211,211,price_sensitive
GS-001670,12,15,1,1032.29,4,3,2,3,433,423,standard
GS-001671,190,2,1,1363.4,2,1,2,3,213,223,loyal
GS-001672,10,14,1,352.44,4,3,2,1,431,421,standard
GS-001673,353,1,0,1351.83,2,1,1,3,213,213,standard
GS-001674,11,23,1,1083.6,4,3,2,3,433,423,standard
GS-001675,3,66,5,2482.48,5,5,5,4,554,554,standard
GS-001676,64,1,0,664.77,3,1,1,2,312,312,standard
GS-001677,325,5,4,2107.8,2,2,5,4,224,254,loyal
GS-001678,617,1,0,205.58,1,1,1,1,111,111,standard
GS-001679,10,50,4,3296.46,4,5,5,5,455,455,loyal
GS-001680,993,24,1,697.43,1,4,2,2,142,122,price_sensitive
GS-001681,19,10,0,665.04,4,2,1,2,422,412,standard
GS-001682,1,22,1,326.1,5,3,2,1,531,521,price_sensitive
GS-001683,28,14,1,722.33,3,3,2,2,332,322,standard
GS-001684,14,36,2,2551.63,4,4,3,4,444,434,standard
GS-001685,23,10,0,492.42,3,2,1,1,321,311,standard
GS-001686,24,46,3,997.27,3,5,4,3,353,343,price_sensitive
GS-001687,308,4,3,3985.54,2,2,4,5,225,245,standard
GS-001688,427,4,3,1775.57,1,2,4,4,124,144,price_sensitive
GS-001689,330,5,4,4200.59,2,2,5,5,225,255,standard
GS-001690,22,41,3,1779.66,3,4,4,4,344,344,standard
GS-001691,955,12,0,719.82,1,3,1,2,132,112,standard
GS-001692,10,27,2,1998.92,4,4,3,4,444,434,standard
GS-001693,15,50,4,4042.74,4,5,5,5,455,455,standard
GS-001694,10,6,0,248.42,4,2,1,1,421,411,price_sensitive
GS-001695,21,56,4,6486.53,3,5,5,5,355,355,loyal
GS-001696,27,3,0,129.61,3,1,1,1,311,311,price_sensitive
GS-001697,3,29,2,1495.3,5,4,3,3,543,533,loyal
GS-001698,473,2,1,782.97,1,1,2,2,112,122,standard
GS-001699,19,6,5,5510.64,4,2,5,5,425,455,loyal
GS-001700,215,2,1,769.18,2,1,2,2,212,222,price_sensitive
GS-001701,53,2,1,1915.95,3,1,2,4,314,324,standard
GS-001702,12,11,0,499.68,4,2,1,1,421,411,standard
GS-001703,22,10,0,647.27,3,2,1,2,322,312,standard
GS-001704,114,5,4,5968.14,2,2,5,5,225,255,loyal
GS-001705,28,27,2,969.52,3,4,3,2,342,332,standard
GS-001706,23,54,4,4222.78,3,5,5,5,355,355,loyal
GS-001707,24,48,3,1827.22,3,5,4,4,354,344,standard
GS-001708,410,3,2,2229.35,1,1,3,4,114,134,standard
GS-001709,75,5,4,4809.91,3,2,5,5,325,355,standard
GS-001710,1,21,1,697.8,5,3,2,2,532,522,loyal
GS-001711,24,64,5,2770.6,3,5,5,4,354,354,standard
GS-001712,141,1,0,723.94,2,1,1,2,212,212,loyal
GS-001713,11,10,0,388.92,4,2,1,1,421,411,price_sensitive
GS-001714,427,36,2,1028.81,1,4,3,3,143,133,price_sensitive
GS-001715,12,12,0,1175.1,4,3,1,3,433,413,loyal
GS-001716,166,36,2,2187.23,2,4,3,4,244,234,standard
GS-001717,1635,12,0,768.45,1,3,1,2,132,112,standard
GS-001718,70,48,3,2236.01,3,5,4,4,354,344,price_sensitive
GS-001719,5,31,2,1858.3,5,4,3,4,544,534,standard
GS-001720,343,3,2,891.29,2,1,3,2,212,232,price_sensitive
GS-001721,24,10,0,368.61,3,2,1,1,321,311,price_sensitive
GS-001722,276,4,3,1874.58,2,2,4,4,224,244,price_sensitive
GS-001723,310,4,3,3499.18,2,2,4,5,225,245,price_sensitive
GS-001724,5,26,2,1000.53,5,4,3,3,543,533,price_sensitive
GS-001725,1360,2,1,746.72,1,1,2,2,112,122,price_sensitive
GS-001726,762,36,2,1653.63,1,4,3,3,143,133,standard
GS-001727,689,12,0,733.96,1,3,1,2,132,112,standard
GS-001728,6,66,5,6290.32,5,5,5,5,555,555,standard
GS-001729,355,3,2,1758.29,2,1,3,4,214,234,standard
GS-001730,1131,12,0,552.16,1,3,1,2,132,112,price_sensitive
GS-001731,467,24,1,961.95,1,4,2,2,142,122,price_sensitive
GS-001732,2,26,2,1990.59,5,4,3,4,544,534,loyal
GS-001733,23,4,0,201.72,3,2,1,1,321,311,price_sensitive
GS-001734,18,31,2,1569.56,4,4,3,3,443,433,standard
GS-001735,1,20,1,1719.21,5,3,2,4,534,524,standard
GS-001736,18,53,4,1620.0,4,5,5,3,453,453,standard
GS-001737,19,59,4,3496.04,4,5,5,5,455,455,standard
GS-001738,626,36,2,1230.9,1,4,3,3,143,133,standard
GS-001739,1,7,0,412.08,5,2,1,1,521,511,standard
GS-001740,9,19,1,513.03,5,3,2,1,531,521,price_sensitive
GS-001741,7,18,1,1608.58,5,3,2,3,533,523,loyal
GS-001742,476,24,1,1230.35,1,4,2,3,143,123,standard
GS-001743,158,5,4,5801.46,2,2,5,5,225,255,standard
GS-001744,226,1,0,944.8,2,1,1,2,212,212,loyal
GS-001745,13,34,2,3783.52,4,4,3,5,445,435,loyal
GS-001746,1,19,1,1590.99,5,3,2,3,533,523,loyal
GS-001747,834,4,3,1525.81,1,2,4,3,123,143,price_sensitive
GS-001748,16,13,1,981.17,4,3,2,2,432,422,standard
GS-001749,2,45,3,992.77,5,5,4,3,553,543,standard
GS-001750,462,24,1,1432.22,1,4,2,3,143,123,standard
GS-001751,26,46,3,1955.74,3,5,4,4,354,344,standard
GS-001752,200,12,0,547.68,2,3,1,2,232,212,standard
GS-001753,598,12,0,367.94,1,3,1,1,131,111,standard
GS-001754,112,36,2,1524.11,2,4,3,3,243,233,standard
GS-001755,26,12,0,295.18,3,3,1,1,331,311,price_sensitive
GS-001756,27,8,0,393.89,3,2,1,1,321,311,loyal
GS-001757,12,66,5,4467.9,4,5,5,5,455,455,standard
GS-001758,8,51,4,3214.57,5,5,5,5,555,555,standard
GS-001759,191,2,1,1595.02,2,1,2,3,213,223,loyal
GS-001760,26,24,1,643.97,3,4,2,2,342,322,standard
GS-001761,175,2,1,1908.03,2,1,2,4,214,224,loyal
GS-001762,14,15,1,1137.07,4,3,2,3,433,423,standard
GS-001763,132,1,0,561.18,2,1,1,2,212,212,loyal
GS-001764,28,43,3,2775.99,3,5,4,4,354,344,standard
GS-001765,45,24,1,718.0,3,4,2,2,342,322,standard
GS-001766,16,10,0,459.68,4,2,1,1,421,411,standard
GS-001767,20,49,4,2667.15,3,5,5,4,354,354,standard
GS-001768,1619,12,0,395.34,1,3,1,1,131,111,price_sensitive
GS-001769,13,54,4,6366.06,4,5,5,5,455,455,standard
GS-001770,216,36,2,2183.81,2,4,3,4,244,234,standard
GS-001771,11,16,1,1053.25,4,3,2,3,433,423,loyal
GS-001772,51,4,3,1484.52,3,2,4,3,323,343,price_sensitive
GS-001773,12,44,3,1366.94,4,5,4,3,453,443,standard
GS-001774,28,12,0,397.92,3,3,1,1,331,311,price_sensitive
GS-001775,566,12,0,366.13,1,3,1,1,131,111,price_sensitive
GS-001776,2,6,0,274.42,5,2,1,1,521,511,standard
GS-001777,174,3,2,2431.92,2,1,3,4,214,234,loyal
GS-001778,164,1,0,1544.37,2,1,1,3,213,213,loyal
GS-001779,356,48,3,1125.47,2,5,4,3,253,243,price_sensitive
GS-001780,231,2,1,877.75,2,1,2,2,212,222,standard
GS-001781,28,15,1,1174.47,3,3,2,3,333,323,standard
GS-001782,148,24,1,1072.8,2,4,2,3,243,223,standard
GS-001783,143,12,0,242.66,2,3,1,1,231,211,price_sensitive
GS-001784,332,1,0,255.35,2,1,1,1,211,211,price_sensitive
GS-001785,168,6,5,7586.95,2,2,5,5,225,255,loyal
GS-001786,312,3,2,3223.88,2,1,3,5,215,235,loyal
GS-001787,1,61,5,4728.67,5,5,5,5,555,555,standard
GS-001788,1,24,1,1498.18,5,4,2,3,543,523,loyal
GS-001789,1034,12,0,778.63,1,3,1,2,132,112,loyal
GS-001790,326,3,2,1897.51,2,1,3,4,214,234,standard
GS-001791,280,1,0,1035.95,2,1,1,3,213,213,loyal
GS-001792,10,27,2,1110.76,4,4,3,3,443,433,standard
GS-001793,24,48,3,2868.28,3,5,4,4,354,344,standard
GS-001794,26,6,0,520.96,3,2,1,1,321,311,standard
GS-001795,4,30,2,1728.06,5,4,3,4,544,534,standard
GS-001796,530,24,1,1378.34,1,4,2,3,143,123,standard
GS-001797,28,1,0,577.04,3,1,1,2,312,312,standard
GS-001798,92,4,3,2355.73,2,2,4,4,224,244,standard
GS-001799,5,22,1,769.92,5,3,2,2,532,522,price_sensitive
GS-001800,599,3,2,2232.75,1,1,3,4,114,134,standard
GS-001801,1,33,2,2655.11,5,4,3,4,544,534,standard
GS-001802,23,53,4,1179.71,3,5,5,3,353,353,standard
GS-001803,4,25,2,914.34,5,4,3,2,542,532,standard
GS-001804,72,12,0,761.95,3,3,1,2,332,312,price_sensitive
GS-001805,27,5,0,197.93,3,2,1,1,321,311,price_sensitive
GS-001806,22,11,0,603.37,3,2,1,2,322,312,standard
GS-001807,3,21,1,1397.97,5,3,2,3,533,523,standard
GS-001808,1067,24,1,960.06,1,4,2,2,142,122,price_sensitive
GS-001809,6,28,2,821.79,5,4,3,2,542,532,standard
GS-001810,14,46,3,2554.14,4,5,4,4,454,444,loyal
GS-001811,163,48,3,1920.94,2,5,4,4,254,244,price_sensitive
GS-001812,298,4,3,1806.07,2,2,4,4,224,244,price_sensitive
GS-001813,8,26,2,1436.66,5,4,3,3,543,533,loyal
GS-001814,184,4,3,5233.96,2,2,4,5,225,245,standard
GS-001815,21,5,0,205.69,3,2,1,1,321,311,standard
GS-001816,11,26,2,2198.43,4,4,3,4,444,434,loyal
GS-001817,357,4,3,2361.87,2,2,4,4,224,244,standard
GS-001818,28,21,1,1061.1,3,3,2,3,333,323,standard
GS-001819,1,19,1,1514.13,5,3,2,3,533,523,standard
GS-001820,343,12,0,925.6,2,3,1,2,232,212,standard
GS-001821,3,61,5,3197.43,5,5,5,5,555,555,standard
GS-001822,11,61,5,2699.2,4,5,5,4,454,454,standard
GS-001823,3,47,3,3427.39,5,5,4,5,555,545,standard
GS-001824,1601,12,0,585.75,1,3,1,2,132,112,standard
GS-001825,105,1,0,1420.08,2,1,1,3,213,213,standard
GS-001826,16,17,1,1403.04,4,3,2,3,433,423,loyal
GS-001827,1,22,1,1469.76,5,3,2,3,533,523,standard
GS-001828,43,6,5,3535.65,3,2,5,5,325,355,standard
GS-001829,7,42,3,2068.95,5,5,4,4,554,544,loyal
GS-001830,1492,12,0,474.12,1,3,1,1,131,111,standard
GS-001831,6,46,3,3183.11,5,5,4,5,555,545,loyal
GS-001832,25,32,2,2188.45,3,4,3,4,344,334,loyal
GS-001833,10,22,1,765.16,4,3,2,2,432,422,price_sensitive
GS-001834,23,39,3,1485.64,3,4,4,3,343,343,standard
GS-001835,6,3,0,194.03,5,1,1,1,511,511,loyal
GS-001836,14,5,0,214.07,4,2,1,1,421,411,standard
GS-001837,1134,1,0,595.91,1,1,1,2,112,112,price_sensitive
GS-001838,872,24,1,420.94,1,4,2,1,141,121,price_sensitive
GS-001839,19,33,2,3189.93,4,4,3,5,445,435,loyal
GS-001840,5,44,3,1509.96,5,5,4,3,553,543,standard
GS-001841,1,3,0,122.76,5,1,1,1,511,511,standard
GS-001842,1,9,0,529.95,5,2,1,2,522,512,standard
GS-001843,18,57,4,3701.67,4,5,5,5,455,455,loyal
GS-001844,538,12,0,885.84,1,3,1,2,132,112,standard
GS-001845,12,34,2,2817.73,4,4,3,4,444,434,standard
GS-001846,8,23,1,2680.99,5,3,2,4,534,524,loyal
GS-001847,25,63,5,5820.16,3,5,5,5,355,355,standard
GS-001848,123,4,3,3324.97,2,2,4,5,225,245,loyal
GS-001849,245,2,1,1448.98,2,1,2,3,213,223,loyal
GS-001850,26,7,0,350.4,3,2,1,1,321,311,standard
GS-001851,4,21,1,3120.97,5,3,3,5,535,535,standard
GS-001852,19,42,3,2334.97,4,5,4,4,454,444,standard
GS-001853,1281,12,0,197.73,1,3,1,1,131,111,price_sensitive
GS-001854,4,19,1,1705.09,5,3,3,4,534,534,loyal
GS-001855,1,31,2,1411.15,5,4,3,3,543,533,standard
GS-001856,23,64,5,3446.54,3,5,5,5,355,355,loyal
GS-001857,5,64,5,3251.25,5,5,5,5,555,555,standard
GS-001858,1072,12,0,373.23,1,3,1,1,131,111,standard
GS-001859,1,12,0,879.18,5,3,1,2,532,512,standard
GS-001860,1,55,4,3623.59,5,5,5,5,555,555,standard
GS-001861,225,2,1,1947.23,2,1,3,4,214,234,standard
GS-001862,22,18,1,609.19,3,3,3,2,332,332,standard
GS-001863,13,13,1,1047.63,4,3,3,3,433,433,standard
GS-001864,18,66,5,3361.92,4,5,5,5,455,455,standard
GS-001865,316,3,2,1618.7,2,1,3,3,213,233,standard
GS-001866,222,5,4,7162.48,2,2,5,5,225,255,loyal
GS-001867,317,1,0,593.27,2,1,1,2,212,212,standard
GS-001868,17,64,5,2526.79,4,5,5,4,454,454,standard
GS-001869,1,22,1,1515.0,5,3,3,3,533,533,loyal
GS-001870,76,1,0,478.93,2,1,1,1,211,211,standard
GS-001871,1,2,1,1228.76,5,1,3,3,513,533,standard
GS-001872,13,18,1,1377.83,4,3,3,3,433,433,standard
GS-001873,1735,1,0,430.74,1,1,1,1,111,111,standard
GS-001874,33,5,4,6336.68,3,2,5,5,325,355,loyal
GS-001875,7,14,1,498.21,5,3,3,1,531,531,standard
GS-001876,1390,12,0,230.75,1,3,1,1,131,111,price_sensitive
GS-001877,6,52,4,2398.82,5,5,5,4,554,554,standard
GS-001878,31,12,0,1008.42,3,3,1,3,333,313,price_sensitive
GS-001879,18,12,0,774.28,4,3,1,2,432,412,loyal
GS-001880,1029,24,1,828.84,1,4,3,2,142,132,price_sensitive
GS-001881,15,35,2,1337.96,4,4,3,3,443,433,loyal
GS-001882,14,66,5,8526.82,4,5,5,5,455,455,loyal
GS-001883,27,5,4,3385.39,3,2,5,5,325,355,standard
GS-001884,6,45,3,1914.41,5,5,4,4,554,544,price_sensitive
GS-001885,4,61,5,2873.4,5,5,5,5,555,555,standard
GS-001886,16,64,5,5491.35,4,5,5,5,455,455,loyal
GS-001887,4,14,1,732.61,5,3,3,2,532,532,standard
GS-001888,5,39,3,3993.46,5,4,4,5,545,545,loyal
GS-001889,24,65,5,4747.0,3,5,5,5,355,355,standard
GS-001890,7,49,4,2713.6,5,5,5,4,554,554,standard
GS-001891,230,4,3,2901.83,2,2,4,5,225,245,standard
GS-001892,342,12,0,1431.0,2,3,1,3,233,213,standard
GS-001893,23,2,1,2244.87,3,1,3,4,314,334,loyal
GS-001894,236,12,0,475.66,2,3,1,1,231,211,price_sensitive
GS-001895,23,16,1,429.1,3,3,3,1,331,331,price_sensitive
GS-001896,739,4,3,3826.94,1,2,4,5,125,145,price_sensitive
GS-001897,347,1,0,658.5,2,1,1,2,212,212,standard
GS-001898,23,53,4,2527.22,3,5,5,4,354,354,standard
GS-001899,134,60,4,3628.35,2,5,5,5,255,255,loyal
GS-001900,27,5,0,250.39,3,2,1,1,321,311,loyal
GS-001901,112,12,0,1068.86,2,3,1,3,233,213,standard
GS-001902,23,57,4,4334.93,3,5,5,5,355,355,standard
GS-001903,311,4,3,5798.01,2,2,4,5,225,245,loyal
GS-001904,19,27,2,3605.79,4,4,3,5,445,435,loyal
GS-001905,197,2,1,753.94,2,1,3,2,212,232,price_sensitive
GS-001906,11,34,2,2982.21,4,4,3,5,445,435,loyal
GS-001907,13,63,5,2558.32,4,5,5,4,454,454,standard
GS-001908,20,2,0,106.87,3,1,1,1,311,311,standard
GS-001909,18,5,0,344.43,4,2,1,1,421,411,standard
GS-001910,28,47,3,2059.53,3,5,4,4,354,344,standard
GS-001911,1260,12,0,860.98,1,3,1,2,132,112,standard
GS-001912,158,2,1,860.11,2,1,3,2,212,232,standard
GS-001913,1,5,0,149.06,5,2,1,1,521,511,standard
GS-001914,3,9,0,655.26,5,2,1,2,522,512,standard
GS-001915,24,13,1,355.96,3,3,3,1,331,331,standard
GS-001916,12,42,3,2735.71,4,5,4,4,454,444,loyal
GS-001917,739,12,0,1938.21,1,3,1,4,134,114,loyal
GS-001918,146,4,3,3350.94,2,2,4,5,225,245,loyal
GS-001919,26,8,0,357.04,3,2,1,1,321,311,standard
GS-001920,92,2,1,971.77,2,1,3,2,212,232,standard
GS-001921,327,3,2,3972.89,2,1,3,5,215,235,loyal
GS-001922,13,48,3,2908.88,4,5,4,5,455,445,loyal
GS-001923,17,52,4,2646.37,4,5,5,4,454,454,standard
GS-001924,360,3,2,4615.82,2,1,3,5,215,235,loyal
GS-001925,25,50,4,1794.46,3,5,5,4,354,354,standard
GS-001926,20,22,1,1780.1,3,3,3,4,334,334,loyal
GS-001927,316,12,0,370.4,2,3,1,1,231,211,price_sensitive
GS-001928,19,30,2,2426.91,4,4,3,4,444,434,standard
GS-001929,1,34,2,1309.63,5,4,3,3,543,533,standard
GS-001930,313,3,2,6129.78,2,1,3,5,215,235,loyal
GS-001931,732,4,3,1878.5,1,2,4,4,124,144,standard
GS-001932,298,4,3,3773.64,2,2,4,5,225,245,loyal
GS-001933,673,12,0,571.07,1,3,1,2,132,112,standard
GS-001934,1400,12,0,459.78,1,3,1,1,131,111,price_sensitive
GS-001935,215,4,3,2750.08,2,2,4,4,224,244,loyal
GS-001936,785,12,0,287.56,1,3,1,1,131,111,price_sensitive
GS-001937,10,6,5,3088.49,4,2,5,5,425,455,standard
GS-001938,158,2,1,1316.34,2,1,3,3,213,233,price_sensitive
GS-001939,35,5,4,4539.51,3,2,5,5,325,355,loyal
GS-001940,17,47,3,2007.04,4,5,4,4,454,444,standard
GS-001941,20,39,3,2705.62,3,4,4,4,344,344,standard
GS-001942,17,56,4,4077.06,4,5,5,5,455,455,standard
GS-001943,16,8,0,855.96,4,2,1,2,422,412,standard
GS-001944,80,2,1,1237.86,2,1,3,3,213,233,standard
GS-001945,1059,1,0,931.28,1,1,1,2,112,112,standard
GS-001946,23,19,1,584.61,3,3,3,2,332,332,price_sensitive
GS-001947,19,10,0,578.76,4,2,1,2,422,412,price_sensitive
GS-001948,8,32,2,3561.48,5,4,3,5,545,535,loyal
GS-001949,5,56,4,1902.07,5,5,5,4,554,554,standard
GS-001950,4,29,2,2795.15,5,4,3,4,544,534,standard
GS-001951,56,1,0,796.12,3,1,1,2,312,312,standard
GS-001952,1,62,5,3482.25,5,5,5,5,555,555,standard
GS-001953,9,13,1,431.47,5,3,3,1,531,531,price_sensitive
GS-001954,298,36,2,3048.15,2,4,3,5,245,235,loyal
GS-001955,11,42,3,988.42,4,5,4,3,453,443,price_sensitive
GS-001956,320,4,3,2263.62,2,2,4,4,224,244,standard
GS-001957,1398,12,0,238.94,1,3,1,1,131,111,price_sensitive
GS-001958,1420,2,1,1286.36,1,1,3,3,113,133,standard
GS-001959,1286,12,0,273.48,1,3,1,1,131,111,price_sensitive
GS-001960,1243,24,1,366.56,1,4,3,1,141,131,price_sensitive
GS-001961,22,6,0,641.37,3,2,1,2,322,312,loyal
GS-001962,2,42,3,851.17,5,5,4,2,552,542,standard
GS-001963,928,12,0,340.53,1,3,1,1,131,111,standard
GS-001964,4,50,4,2072.67,5,5,5,4,554,554,standard
GS-001965,21,52,4,4618.83,3,5,5,5,355,355,loyal
GS-001966,994,12,0,646.6,1,3,1,2,132,112,price_sensitive
GS-001967,8,10,0,227.57,5,2,1,1,521,511,standard
GS-001968,866,36,2,2042.16,1,4,3,4,144,134,standard
GS-001969,551,3,2,1138.13,1,1,3,3,113,133,price_sensitive
GS-001970,4,12,0,686.17,5,3,1,2,532,512,price_sensitive
GS-001971,23,51,4,4916.46,3,5,5,5,355,355,loyal
GS-001972,10,11,0,847.44,4,2,1,2,422,412,standard
GS-001973,140,1,0,1030.12,2,1,1,3,213,213,standard
GS-001974,24,4,0,157.85,3,2,1,1,321,311,price_sensitive
GS-001975,107,24,1,1995.11,2,4,3,4,244,234,standard
GS-001976,115,1,0,662.24,2,1,1,2,212,212,standard
GS-001977,16,26,2,946.51,4,4,3,2,442,432,standard
GS-001978,501,24,1,1761.4,1,4,3,4,144,134,standard
GS-001979,7,29,2,913.71,5,4,3,2,542,532,price_sensitive
GS-001980,135,6,5,3067.07,2,2,5,5,225,255,loyal
GS-001981,1,25,2,876.03,5,4,3,2,542,532,standard
GS-001982,28,13,1,784.93,3,3,3,2,332,332,standard
GS-001983,21,36,2,2358.09,3,4,3,4,344,334,standard
GS-001984,1672,12,0,521.55,1,3,1,1,131,111,standard
GS-001985,1023,1,0,529.75,1,1,1,2,112,112,standard
GS-001986,6,23,1,1025.25,5,3,3,3,533,533,standard
GS-001987,23,34,2,1748.81,3,4,3,4,344,334,standard
GS-001988,239,12,0,244.1,2,3,1,1,231,211,price_sensitive
GS-001989,1016,12,0,569.18,1,3,1,2,132,112,standard
GS-001990,216,12,0,360.06,2,3,1,1,231,211,price_sensitive
GS-001991,174,2,1,1432.77,2,1,3,3,213,233,standard
GS-001992,702,36,2,1044.68,1,4,3,3,143,133,price_sensitive
GS-001993,131,3,2,1891.63,2,1,3,4,214,234,loyal
GS-001994,16,15,1,504.3,4,3,3,1,431,431,standard
GS-001995,44,12,0,181.15,3,3,1,1,331,311,price_sensitive
GS-001996,196,2,1,926.26,2,1,3,2,212,232,price_sensitive
GS-001997,1562,1,0,669.3,1,1,1,2,112,112,standard
GS-001998,17,3,0,121.33,4,1,1,1,411,411,standard
GS-001999,307,1,0,518.48,2,1,1,1,211,211,loyal
GS-002000,156,2,1,1800.41,2,1,3,4,214,234,loyal
GS-002001,12,56,4,4077.66,4,5,5,5,455,455,loyal
GS-002002,231,5,4,5766.96,2,2,5,5,225,255,loyal
GS-002003,63,12,0,297.37,3,3,1,1,331,311,price_sensitive
GS-002004,611,12,0,706.91,1,3,1,2,132,112,standard
GS-002005,1517,12,0,498.2,1,3,1,1,131,111,price_sensitive
GS-002006,549,48,3,2704.97,1,5,4,4,154,144,standard
GS-002007,82,60,4,2089.95,2,5,5,4,254,254,standard
GS-002008,724,24,1,1500.07,1,4,3,3,143,133,standard
GS-002009,352,12,0,266.32,2,3,1,1,231,211,price_sensitive
GS-002010,17,48,3,1256.34,4,5,4,3,453,443,standard
GS-002011,26,38,3,2179.37,3,4,4,4,344,344,standard
GS-002012,7,31,2,2848.85,5,4,3,4,544,534,loyal
GS-002013,2,6,5,1758.46,5,2,5,4,524,554,standard
GS-002014,817,4,3,2378.48,1,2,4,4,124,144,price_sensitive
GS-002015,22,7,0,520.31,3,2,1,1,321,311,loyal
GS-002016,3,12,0,544.09,5,3,1,2,532,512,standard
GS-002017,706,12,0,462.13,1,3,1,1,131,111,price_sensitive
GS-002018,1349,1,0,600.61,1,1,1,2,112,112,standard
GS-002019,247,12,0,1025.35,2,3,1,3,233,213,standard
GS-002020,8,40,3,1902.61,5,4,4,4,544,544,loyal
GS-002021,330,5,4,5501.6,2,2,5,5,225,255,loyal
GS-002022,366,12,0,712.42,2,3,1,2,232,212,standard
GS-002023,1,57,4,2039.6,5,5,5,4,554,554,standard
GS-002024,66,6,5,5792.48,3,2,5,5,325,355,standard
GS-002025,28,5,0,304.13,3,2,1,1,321,311,standard
GS-002026,1225,1,0,449.74,1,1,1,1,111,111,price_sensitive
GS-002027,1038,12,0,430.51,1,3,1,1,131,111,price_sensitive
GS-002028,199,2,1,2020.63,2,1,3,4,214,234,standard
GS-002029,23,17,1,528.09,3,3,3,2,332,332,standard
GS-002030,335,48,3,1899.14,2,5,4,4,254,244,price_sensitive
GS-002031,55,6,5,4122.45,3,2,5,5,325,355,standard
GS-002032,319,1,0,628.94,2,1,1,2,212,212,standard
GS-002033,22,32,2,1790.25,3,4,3,4,344,334,loyal
GS-002034,179,5,4,4898.49,2,2,5,5,225,255,loyal
GS-002035,25,36,2,2508.23,3,4,3,4,344,334,standard
GS-002036,21,22,1,1089.1,3,3,3,3,333,333,price_sensitive
GS-002037,7,33,2,1891.46,5,4,3,4,544,534,standard
GS-002038,21,24,1,2183.56,3,4,3,4,344,334,standard
GS-002039,1243,12,0,497.11,1,3,1,1,131,111,price_sensitive
GS-002040,9,13,1,446.04,5,3,3,1,531,531,standard
GS-002041,1,37,3,1894.35,5,4,4,4,544,544,standard
GS-002042,278,12,0,380.0,2,3,1,1,231,211,price_sensitive
GS-002043,1285,12,0,415.63,1,3,1,1,131,111,price_sensitive
GS-002044,1337,12,0,438.34,1,3,1,1,131,111,price_sensitive
GS-002045,11,54,4,5979.75,4,5,5,5,455,455,loyal
GS-002046,198,5,4,6143.86,2,2,5,5,225,255,loyal
GS-002047,402,48,3,1958.44,2,5,4,4,254,244,price_sensitive
GS-002048,1765,1,0,1307.54,1,1,1,3,113,113,loyal
GS-002049,1618,2,1,1189.02,1,1,3,3,113,133,standard
GS-002050,62,24,1,443.12,3,4,3,1,341,331,price_sensitive
GS-002051,6,35,2,755.29,5,4,3,2,542,532,standard
GS-002052,25,57,4,3009.94,3,5,5,5,355,355,standard
GS-002053,1196,24,1,1159.34,1,4,3,3,143,133,standard
GS-002054,11,21,1,1121.2,4,3,3,3,433,433,standard
GS-002055,27,46,3,3186.81,3,5,4,5,355,345,loyal
GS-002056,574,12,0,345.49,1,3,1,1,131,111,standard
GS-002057,9,27,2,1782.02,5,4,3,4,544,534,loyal
GS-002058,297,12,0,487.33,2,3,1,1,231,211,price_sensitive
GS-002059,7,64,5,3291.56,5,5,5,5,555,555,standard
GS-002060,315,4,3,1107.64,2,2,4,3,223,243,price_sensitive
GS-002061,73,6,5,7864.24,3,2,5,5,325,355,loyal
GS-002062,1,16,1,561.99,5,3,3,2,532,532,standard
GS-002063,8,37,3,2493.71,5,4,4,4,544,544,standard
GS-002064,769,1,0,470.98,1,1,1,1,111,111,price_sensitive
GS-002065,10,7,0,160.32,4,2,1,1,421,411,price_sensitive
GS-002066,21,5,0,268.78,3,2,1,1,321,311,standard
GS-002067,1,8,0,310.38,5,2,1,1,521,511,price_sensitive
GS-002068,10,7,0,291.39,4,2,1,1,421,411,price_sensitive
GS-002069,8,38,3,2251.28,5,4,4,4,544,544,loyal
GS-002070,5,15,1,1261.42,5,3,3,3,533,533,standard
GS-002071,1341,12,0,742.92,1,3,1,2,132,112,price_sensitive
GS-002072,20,21,1,2823.85,3,3,3,4,334,334,loyal
GS-002073,45,60,4,4118.59,3,5,5,5,355,355,loyal
GS-002074,15,11,0,1149.21,4,2,1,3,423,413,standard
GS-002075,23,17,1,1044.66,3,3,3,3,333,333,standard
GS-002076,1330,1,0,575.35,1,1,1,2,112,112,standard
GS-002077,20,17,1,1096.55,3,3,3,3,333,333,standard
GS-002078,86,6,5,4028.75,2,2,5,5,225,255,standard
GS-002079,25,36,2,3430.49,3,4,3,5,345,335,loyal
GS-002080,21,57,4,4834.28,3,5,5,5,355,355,loyal
GS-002081,1267,24,1,783.13,1,4,3,2,142,132,standard
GS-002082,28,45,3,1418.36,3,5,4,3,353,343,price_sensitive
GS-002083,388,36,2,1925.39,2,4,3,4,244,234,standard
GS-002084,15,34,2,2425.32,4,4,3,4,444,434,loyal
GS-002085,6,62,5,3724.55,5,5,5,5,555,555,loyal
GS-002086,23,59,4,4641.25,3,5,5,5,355,355,standard
GS-002087,3,11,0,374.09,5,2,1,1,521,511,standard
GS-002088,399,48,3,557.97,2,5,4,2,252,242,price_sensitive
GS-002089,137,5,4,2038.74,2,2,5,4,224,254,standard
GS-002090,269,4,3,897.13,2,2,4,2,222,242,price_sensitive
GS-002091,116,1,0,712.25,2,1,1,2,212,212,standard
GS-002092,1,66,5,4499.2,5,5,5,5,555,555,loyal
GS-002093,92,12,0,308.89,2,3,1,1,231,211,price_sensitive
GS-002094,27,33,2,1753.36,3,4,3,4,344,334,standard
GS-002095,1637,12,0,352.35,1,3,1,1,131,111,price_sensitive
GS-002096,396,4,3,2829.32,2,2,4,4,224,244,price_sensitive
GS-002097,10,63,5,3053.11,4,5,5,5,455,455,standard
GS-002098,193,2,1,1310.74,2,1,3,3,213,233,standard
GS-002099,1381,12,0,455.48,1,3,1,1,131,111,price_sensitive
GS-002100,618,1,0,339.44,1,1,1,1,111,111,price_sensitive
GS-002101,8,22,1,978.61,5,3,3,2,532,532,standard
GS-002102,529,4,3,3027.23,1,2,4,5,125,145,price_sensitive
GS-002103,24,45,3,5165.5,3,5,4,5,355,345,loyal
GS-002104,1,26,2,1630.61,5,4,3,3,543,533,loyal
GS-002105,11,26,2,1584.25,4,4,3,3,443,433,price_sensitive
GS-002106,1,16,1,1556.1,5,3,3,3,533,533,loyal
GS-002107,12,33,2,2755.56,4,4,3,4,444,434,standard
GS-002108,330,3,2,1136.2,2,1,3,3,213,233,standard
GS-002109,17,38,3,2135.97,4,4,4,4,444,444,standard
GS-002110,241,4,3,6869.78,2,2,4,5,225,245,loyal
GS-002111,15,13,1,311.73,4,3,3,1,431,431,price_sensitive
GS-002112,1,25,2,702.57,5,4,3,2,542,532,price_sensitive
GS-002113,113,1,0,675.17,2,1,1,2,212,212,standard
GS-002114,1548,12,0,650.06,1,3,1,2,132,112,price_sensitive
GS-002115,7,16,1,1599.06,5,3,3,3,533,533,standard
GS-002116,28,23,1,1428.7,3,3,3,3,333,333,standard
GS-002117,807,12,0,415.49,1,3,1,1,131,111,standard
GS-002118,242,12,0,348.07,2,3,1,1,231,211,price_sensitive
GS-002119,6,62,5,4597.33,5,5,5,5,555,555,loyal
GS-002120,28,44,3,4388.46,3,5,4,5,355,345,loyal
GS-002121,6,45,3,1987.74,5,5,4,4,554,544,price_sensitive
GS-002122,7,61,5,5763.12,5,5,5,5,555,555,standard
GS-002123,27,5,0,280.11,3,2,1,1,321,311,standard
GS-002124,28,8,0,691.64,3,2,1,2,322,312,loyal
GS-002125,86,12,0,888.63,2,3,1,2,232,212,standard
GS-002126,16,45,3,2916.26,4,5,4,5,455,445,standard
GS-002127,24,36,2,1526.05,3,4,3,3,343,333,price_sensitive
GS-002128,14,5,0,251.26,4,2,1,1,421,411,standard
GS-002129,24,43,3,3048.77,3,5,4,5,355,345,standard
GS-002130,254,3,2,3722.96,2,1,3,5,215,235,loyal
GS-002131,9,8,0,179.21,5,2,1,1,521,511,price_sensitive
GS-002132,41,1,0,611.41,3,1,1,2,312,312,standard
GS-002133,77,36,2,1567.92,2,4,3,3,243,233,price_sensitive
GS-002134,3,48,3,3289.64,5,5,4,5,555,545,loyal
GS-002135,10,48,3,4788.44,4,5,4,5,455,445,loyal
GS-002136,26,12,0,343.03,3,3,1,1,331,311,standard
GS-002137,23,64,5,6685.01,3,5,5,5,355,355,loyal
GS-002138,4,14,1,1475.33,5,3,3,3,533,533,loyal
GS-002139,935,1,0,412.98,1,1,1,1,111,111,price_sensitive
GS-002140,20,63,5,3649.01,3,5,5,5,355,355,standard
GS-002141,22,13,1,642.92,3,3,3,2,332,332,loyal
GS-002142,9,39,3,1979.3,5,4,4,4,544,544,price_sensitive
GS-002143,14,53,4,1968.93,4,5,5,4,454,454,standard
GS-002144,181,12,0,545.9,2,3,1,2,232,212,price_sensitive
GS-002145,27,56,4,4996.74,3,5,5,5,355,355,standard
GS-002146,61,1,0,284.89,3,1,1,1,311,311,standard
GS-002147,1140,2,1,757.97,1,1,3,2,112,132,price_sensitive
GS-002148,15,45,3,1401.38,4,5,4,3,453,443,price_sensitive
GS-002149,193,24,1,1165.56,2,4,3,3,243,233,standard
GS-002150,75,5,4,5065.1,3,2,5,5,325,355,loyal
GS-002151,43,4,3,2624.75,3,2,4,4,324,344,standard
GS-002152,22,10,0,1073.83,3,2,1,3,323,313,loyal
GS-002153,13,60,4,5308.71,4,5,5,5,455,455,loyal
GS-002154,835,4,3,1420.07,1,2,4,3,123,143,price_sensitive
GS-002155,886,2,1,1522.4,1,1,3,3,113,133,standard
GS-002156,2,19,1,1261.93,5,3,3,3,533,533,loyal
GS-002157,420,36,2,694.63,1,4,3,2,142,132,price_sensitive
GS-002158,8,4,0,595.24,5,2,1,2,522,512,loyal
GS-002159,20,13,1,841.79,3,3,3,2,332,332,standard
GS-002160,22,42,3,2115.25,3,5,4,4,354,344,loyal
GS-002161,22,60,4,3995.14,3,5,5,5,355,355,standard
GS-002162,484,48,3,1104.27,1,5,4,3,153,143,price_sensitive
GS-002163,32,2,1,1174.63,3,1,3,3,313,333,price_sensitive
GS-002164,10,4,3,3607.68,4,2,4,5,425,445,loyal
GS-002165,11,55,4,3364.65,4,5,5,5,455,455,standard
GS-002166,13,4,0,135.76,4,2,1,1,421,411,price_sensitive
GS-002167,1,22,1,725.58,5,3,3,2,532,532,price_sensitive
GS-002168,1,6,0,229.31,5,2,1,1,521,511,loyal
GS-002169,17,19,1,1021.29,4,3,3,3,433,433,standard
GS-002170,26,22,1,1540.78,3,3,3,3,333,333,standard
GS-002171,1,42,3,3083.35,5,5,4,5,555,545,loyal
GS-002172,8,33,2,2514.45,5,4,3,4,544,534,loyal
GS-002173,386,12,0,566.05,2,3,1,2,232,212,price_sensitive
GS-002174,18,49,4,3001.26,4,5,5,5,455,455,loyal
GS-002175,14,37,3,2044.31,4,4,4,4,444,444,loyal
GS-002176,1391,12,0,204.12,1,3,1,1,131,111,price_sensitive
GS-002177,26,23,1,1599.74,3,3,3,3,333,333,standard
GS-002178,10,39,3,1998.87,4,4,4,4,444,444,standard
GS-002179,12,56,4,2945.47,4,5,5,5,455,455,standard
GS-002180,25,39,3,1314.11,3,4,4,3,343,343,standard
GS-002181,73,5,4,3050.35,3,2,5,5,325,355,loyal
GS-002182,5,11,0,612.25,5,2,1,2,522,512,loyal
GS-002183,11,46,3,1299.22,4,5,4,3,453,443,standard
GS-002184,5,18,1,684.28,5,3,3,2,532,532,loyal
GS-002185,303,24,1,1130.02,2,4,3,3,243,233,price_sensitive
GS-002186,1,4,0,249.19,5,2,1,1,521,511,loyal
GS-002187,20,36,2,1617.14,3,4,3,3,343,333,standard
GS-002188,1,65,5,3450.71,5,5,5,5,555,555,loyal
GS-002189,6,49,4,4851.22,5,5,5,5,555,555,loyal
GS-002190,26,43,3,4357.23,3,5,4,5,355,345,loyal
GS-002191,14,41,3,3083.96,4,4,4,5,445,445,standard
GS-002192,13,38,3,2815.95,4,4,4,4,444,444,loyal
GS-002193,7,21,1,2838.2,5,3,3,4,534,534,loyal
GS-002194,1288,24,1,682.05,1,4,3,2,142,132,price_sensitive
GS-002195,1270,2,1,876.42,1,1,3,2,112,132,price_sensitive
GS-002196,17,7,0,187.21,4,2,1,1,421,411,price_sensitive
GS-002197,15,24,1,1347.6,4,4,3,3,443,433,price_sensitive
GS-002198,115,1,0,517.55,2,1,1,1,211,211,standard
GS-002199,654,24,1,1088.78,1,4,3,3,143,133,price_sensitive
GS-002200,7,4,0,357.73,5,2,1,1,521,511,standard
GS-002201,10,6,0,183.75,4,2,1,1,421,411,standard
GS-002202,15,42,3,690.85,4,5,4,2,452,442,price_sensitive
GS-002203,25,5,0,671.1,3,2,1,2,322,312,loyal
GS-002204,19,52,4,2347.96,4,5,5,4,454,454,standard
GS-002205,155,48,3,2505.16,2,5,4,4,254,244,price_sensitive
GS-002206,13,38,3,1755.56,4,4,4,4,444,444,loyal
GS-002207,862,4,3,2458.29,1,2,4,4,124,144,price_sensitive
GS-002208,1266,24,1,1314.0,1,4,3,3,143,133,price_sensitive
GS-002209,246,4,3,3546.31,2,2,4,5,225,245,standard
GS-002210,12,25,2,743.21,4,4,3,2,442,432,price_sensitive
GS-002211,520,2,1,1017.07,1,1,3,3,113,133,standard
GS-002212,5,16,1,996.9,5,3,3,3,533,533,standard
GS-002213,171,1,0,593.19,2,1,1,2,212,212,price_sensitive
GS-002214,917,36,2,1985.2,1,4,3,4,144,134,price_sensitive
GS-002215,348,1,0,588.35,2,1,1,2,212,212,standard
GS-002216,963,12,0,743.42,1,3,1,2,132,112,standard
GS-002217,112,4,3,1056.3,2,2,4,3,223,243,price_sensitive
GS-002218,13,42,3,2284.56,4,5,4,4,454,444,loyal
GS-002219,290,1,0,721.24,2,1,1,2,212,212,standard
GS-002220,16,44,3,4638.25,4,5,4,5,455,445,standard
GS-002221,1,42,3,4242.42,5,5,4,5,555,545,loyal
GS-002222,10,52,4,2780.53,4,5,5,4,454,454,loyal
GS-002223,13,21,1,1011.37,4,3,3,3,433,433,standard
GS-002224,24,2,0,147.08,3,1,1,1,311,311,standard
GS-002225,18,56,4,4773.99,4,5,5,5,455,455,loyal
GS-002226,16,5,0,488.33,4,2,1,1,421,411,standard
GS-002227,218,12,0,655.0,2,3,1,2,232,212,loyal
GS-002228,967,12,0,485.31,1,3,1,1,131,111,price_sensitive
GS-002229,19,10,0,840.26,4,2,1,2,422,412,standard
GS-002230,1,46,3,2951.79,5,5,4,5,555,545,standard
GS-002231,995,12,0,1147.7,1,3,1,3,133,113,loyal
GS-002232,117,3,2,1052.47,2,1,3,3,213,233,standard
GS-002233,442,48,3,1622.93,1,5,4,3,153,143,price_sensitive
GS-002234,2,32,2,1458.81,5,4,3,3,543,533,price_sensitive
GS-002235,1842,1,0,277.72,1,1,1,1,111,111,price_sensitive
GS-002236,670,1,0,584.72,1,1,1,2,112,112,price_sensitive
GS-002237,18,52,4,5015.0,4,5,5,5,455,455,loyal
GS-002238,17,25,2,729.02,4,4,3,2,442,432,standard
GS-002239,26,28,2,1486.27,3,4,3,3,343,333,standard
GS-002240,1109,24,1,1033.46,1,4,3,3,143,133,price_sensitive
GS-002241,198,48,3,1736.8,2,5,4,4,254,244,price_sensitive
GS-002242,4,43,3,3384.66,5,5,4,5,555,545,standard
GS-002243,651,4,3,1204.66,1,2,4,3,123,143,price_sensitive
GS-002244,7,57,4,1836.49,5,5,5,4,554,554,standard
GS-002245,23,58,4,5055.6,3,5,5,5,355,355,loyal
GS-002246,482,5,4,3466.74,1,2,5,5,125,155,standard
GS-002247,11,18,1,1024.37,4,3,3,3,433,433,loyal
GS-002248,711,12,0,595.68,1,3,1,2,132,112,standard
GS-002249,199,4,3,2084.33,2,2,4,4,224,244,standard
GS-002250,132,2,1,877.44,2,1,3,2,212,232,standard
GS-002251,14,14,1,771.9,4,3,3,2,432,432,loyal
GS-002252,66,48,3,2327.41,3,5,4,4,354,344,price_sensitive
GS-002253,10,36,2,1797.96,4,4,3,4,444,434,standard
GS-002254,28,19,1,572.88,3,3,3,2,332,332,price_sensitive
GS-002255,20,12,0,812.99,3,3,1,2,332,312,standard
GS-002256,20,56,4,2739.49,3,5,5,4,354,354,loyal
GS-002257,92,2,1,864.37,2,1,3,2,212,232,price_sensitive
GS-002258,15,20,1,1076.12,4,3,3,3,433,433,standard
GS-002259,1553,12,0,614.6,1,3,1,2,132,112,standard
GS-002260,1336,12,0,762.47,1,3,1,2,132,112,standard
GS-002261,406,12,0,499.92,1,3,1,1,131,111,price_sensitive
GS-002262,1616,12,0,931.21,1,3,1,2,132,112,standard
GS-002263,4,6,5,8691.66,5,2,5,5,525,555,loyal
GS-002264,11,49,4,3468.6,4,5,5,5,455,455,standard
GS-002265,16,10,0,362.57,4,2,1,1,421,411,standard
GS-002266,16,39,3,2786.32,4,4,4,4,444,444,loyal
GS-002267,7,42,3,1689.44,5,5,4,4,554,544,price_sensitive
GS-002268,26,14,1,639.24,3,3,3,2,332,332,price_sensitive
GS-002269,510,48,3,2905.2,1,5,4,5,155,145,standard
GS-002270,19,15,1,1035.28,4,3,3,3,433,433,loyal
GS-002271,863,1,0,438.99,1,1,1,1,111,111,price_sensitive
GS-002272,6,44,3,4050.71,5,5,4,5,555,545,loyal
GS-002273,403,4,3,1445.23,2,2,4,3,223,243,price_sensitive
GS-002274,2,59,4,2202.37,5,5,5,4,554,554,standard
GS-002275,18,9,0,396.31,4,2,1,1,421,411,price_sensitive
GS-002276,1147,12,0,537.23,1,3,1,2,132,112,standard
GS-002277,174,3,2,1451.36,2,1,3,3,213,233,price_sensitive
GS-002278,75,2,1,1906.02,3,1,3,4,314,334,loyal
GS-002279,11,49,4,2191.83,4,5,5,4,454,454,standard
GS-002280,237,5,4,5202.68,2,2,5,5,225,255,standard
GS-002281,16,3,0,119.07,4,1,1,1,411,411,price_sensitive
GS-002282,1724,1,0,542.03,1,1,1,2,112,112,price_sensitive
GS-002283,142,12,0,425.15,2,3,1,1,231,211,price_sensitive
GS-002284,120,1,0,988.18,2,1,1,3,213,213,standard
GS-002285,1176,12,0,969.61,1,3,1,2,132,112,standard
GS-002286,6,58,4,2889.1,5,5,5,5,555,555,standard
GS-002287,445,48,3,1452.34,1,5,4,3,153,143,price_sensitive
GS-002288,24,58,4,3765.72,3,5,5,5,355,355,standard
GS-002289,1,31,2,1002.87,5,4,3,3,543,533,price_sensitive
GS-002290,9,42,3,1504.0,5,5,4,3,553,543,standard
GS-002291,237,1,0,641.58,2,1,1,2,212,212,standard
GS-002292,159,6,5,7508.98,2,2,5,5,225,255,loyal
GS-002293,17,28,2,531.8,4,4,3,2,442,432,standard
GS-002294,697,36,2,929.51,1,4,3,2,142,132,standard
GS-002295,1268,24,1,690.81,1,4,3,2,142,132,price_sensitive
GS-002296,2,5,0,140.57,5,2,1,1,521,511,price_sensitive
GS-002297,13,17,1,527.07,4,3,3,2,432,432,standard
GS-002298,1616,12,0,240.4,1,3,1,1,131,111,price_sensitive
GS-002299,22,38,3,1571.99,3,4,4,3,343,343,standard
GS-002300,955,12,0,492.84,1,3,1,1,131,111,standard
GS-002301,262,1,0,551.56,2,1,1,2,212,212,standard
GS-002302,1637,12,0,1514.07,1,3,1,3,133,113,standard
GS-002303,16,37,3,2754.07,4,4,4,4,444,444,standard
GS-002304,488,12,0,328.01,1,3,1,1,131,111,price_sensitive
GS-002305,3,59,4,2131.46,5,5,5,4,554,554,loyal
GS-002306,665,4,3,2232.25,1,2,4,4,124,144,standard
GS-002307,5,53,4,4240.43,5,5,5,5,555,555,standard
GS-002308,21,8,0,293.56,3,2,1,1,321,311,standard
GS-002309,15,48,3,1846.28,4,5,4,4,454,444,standard
GS-002310,367,1,0,398.55,2,1,1,1,211,211,price_sensitive
GS-002311,9,33,2,2513.35,5,4,3,4,544,534,standard
GS-002312,1,18,1,1165.33,5,3,3,3,533,533,standard
GS-002313,21,36,2,1529.95,3,4,3,3,343,333,standard
GS-002314,11,19,1,623.26,4,3,3,2,432,432,standard
GS-002315,24,41,3,1851.64,3,4,4,4,344,344,standard
GS-002316,25,50,4,3222.0,3,5,5,5,355,355,standard
GS-002317,403,12,0,697.07,2,3,1,2,232,212,standard
GS-002318,1615,12,0,932.79,1,3,1,2,132,112,standard
GS-002319,11,19,1,1074.87,4,3,3,3,433,433,loyal
GS-002320,1950,1,0,857.96,1,1,1,2,112,112,standard
GS-002321,10,25,2,1843.78,4,4,3,4,444,434,standard
GS-002322,1127,12,0,457.41,1,3,1,1,131,111,price_sensitive
GS-002323,13,13,1,1334.07,4,3,3,3,433,433,standard
GS-002324,746,12,0,421.81,1,3,1,1,131,111,price_sensitive
GS-002325,13,41,3,4629.79,4,4,4,5,445,445,standard
GS-002326,658,4,3,1138.66,1,2,4,3,123,143,price_sensitive
GS-002327,200,4,3,2771.45,2,2,4,4,224,244,standard
GS-002328,266,4,3,2646.56,2,2,4,4,224,244,standard
GS-002329,6,30,2,898.09,5,4,3,2,542,532,price_sensitive
GS-002330,5,48,3,1836.35,5,5,4,4,554,544,loyal
GS-002331,229,4,3,5477.64,2,2,4,5,225,245,loyal
GS-002332,339,2,1,1354.56,2,1,3,3,213,233,standard
GS-002333,41,1,0,933.68,3,1,1,2,312,312,loyal
GS-002334,24,3,0,250.33,3,1,1,1,311,311,loyal
GS-002335,15,5,0,182.67,4,2,1,1,421,411,price_sensitive
GS-002336,14,66,5,7840.58,4,5,5,5,455,455,loyal
GS-002337,7,18,1,588.45,5,3,3,2,532,532,price_sensitive
GS-002338,10,36,2,2211.64,4,4,3,4,444,434,loyal
GS-002339,10,34,2,776.8,4,4,3,2,442,432,price_sensitive
GS-002340,812,2,1,3360.74,1,1,3,5,115,135,standard
GS-002341,1001,24,1,1065.63,1,4,3,3,143,133,price_sensitive
GS-002342,965,24,1,932.4,1,4,3,2,142,132,price_sensitive
GS-002343,787,1,0,278.97,1,1,1,1,111,111,price_sensitive
GS-002344,11,50,4,3937.04,4,5,5,5,455,455,standard
GS-002345,1303,12,0,514.4,1,3,1,1,131,111,price_sensitive
GS-002346,26,5,0,247.21,3,2,1,1,321,311,standard
GS-002347,317,1,0,209.25,2,1,1,1,211,211,price_sensitive
GS-002348,1034,12,0,432.11,1,3,1,1,131,111,price_sensitive
GS-002349,26,16,1,1107.92,3,3,3,3,333,333,standard
GS-002350,841,3,2,1623.14,1,1,3,3,113,133,standard
GS-002351,1265,1,0,937.43,1,1,1,2,112,112,standard
GS-002352,27,23,1,1601.51,3,3,3,3,333,333,standard
GS-002353,277,24,1,1243.21,2,4,3,3,243,233,price_sensitive
GS-002354,2,10,0,634.55,5,2,1,2,522,512,price_sensitive
GS-002355,100,3,2,3230.11,2,1,3,5,215,235,loyal
GS-002356,8,20,1,755.23,5,3,3,2,532,532,price_sensitive
GS-002357,19,27,2,1224.88,4,4,3,3,443,433,standard
GS-002358,5,7,0,266.35,5,2,1,1,521,511,standard
GS-002359,412,4,3,1886.13,1,2,4,4,124,144,price_sensitive
GS-002360,43,4,3,3666.82,3,2,4,5,325,345,standard
GS-002361,271,4,3,3490.9,2,2,4,5,225,245,loyal
GS-002362,3,10,0,388.39,5,2,1,1,521,511,standard
GS-002363,10,2,0,103.04,4,1,1,1,411,411,standard
GS-002364,20,6,5,3353.19,3,2,5,5,325,355,standard
GS-002365,150,1,0,437.34,2,1,1,1,211,211,loyal
GS-002366,33,3,2,896.11,3,1,3,2,312,332,standard
GS-002367,2,6,5,5483.48,5,2,5,5,525,555,standard
GS-002368,356,12,0,670.11,2,3,1,2,232,212,standard
GS-002369,6,16,1,1281.66,5,3,3,3,533,533,standard
GS-002370,19,21,1,2063.18,4,3,3,4,434,434,loyal
GS-002371,872,1,0,342.97,1,1,1,1,111,111,price_sensitive
GS-002372,24,8,0,287.42,3,2,1,1,321,311,price_sensitive
GS-002373,220,5,4,2564.11,2,2,5,4,224,254,standard
GS-002374,1288,12,0,353.8,1,3,1,1,131,111,price_sensitive
GS-002375,22,51,4,8087.92,3,5,5,5,355,355,loyal
GS-002376,20,31,2,1049.95,3,4,3,3,343,333,price_sensitive
GS-002377,580,1,0,571.87,1,1,1,2,112,112,price_sensitive
GS-002378,1615,2,1,1111.43,1,1,3,3,113,133,standard
GS-002379,5,37,3,2530.37,5,4,4,4,544,544,loyal
GS-002380,8,32,2,4120.6,5,4,3,5,545,535,loyal
GS-002381,305,3,2,2044.95,2,1,3,4,214,234,loyal
GS-002382,53,48,3,5590.54,3,5,4,5,355,345,standard
GS-002383,24,19,1,387.86,3,3,3,1,331,331,price_sensitive
GS-002384,12,32,2,2314.83,4,4,3,4,444,434,loyal
GS-002385,9,15,1,775.42,5,3,3,2,532,532,standard
GS-002386,2,9,0,922.32,5,2,1,2,522,512,loyal
GS-002387,6,32,2,2479.9,5,4,3,4,544,534,loyal
GS-002388,16,27,2,1714.31,4,4,3,4,444,434,standard
GS-002389,19,27,2,1281.61,4,4,3,3,443,433,standard
GS-002390,1366,1,0,540.47,1,1,1,2,112,112,standard
GS-002391,23,10,0,466.12,3,2,1,1,321,311,loyal
GS-002392,1,2,1,1282.24,5,1,3,3,513,533,standard
GS-002393,1,65,5,2880.76,5,5,5,5,555,555,standard
GS-002394,25,63,5,2921.96,3,5,5,5,355,355,loyal
GS-002395,3,23,1,1741.54,5,3,3,4,534,534,standard
GS-002396,403,1,0,884.11,2,1,1,2,212,212,standard
GS-002397,26,36,2,1915.4,3,4,3,4,344,334,standard
GS-002398,2,10,0,442.24,5,2,1,1,521,511,standard
GS-002399,766,4,3,2326.71,1,2,4,4,124,144,price_sensitive
GS-002400,1051,1,0,387.27,1,1,1,1,111,111,standard
GS-002401,1327,2,1,1122.64,1,1,3,3,113,133,price_sensitive
GS-002402,9,51,4,4222.91,5,5,5,5,555,555,loyal
GS-002403,546,12,0,518.98,1,3,1,1,131,111,price_sensitive
GS-002404,9,17,1,769.43,5,3,3,2,532,532,loyal
GS-002405,28,17,1,1927.47,3,3,3,4,334,334,loyal
GS-002406,10,6,0,227.62,4,2,1,1,421,411,standard
GS-002407,74,5,4,7192.21,3,2,5,5,325,355,loyal
GS-002408,326,2,1,530.35,2,1,3,2,212,232,price_sensitive
GS-002409,339,4,3,4994.87,2,2,4,5,225,245,loyal
GS-002410,17,23,1,611.51,4,3,3,2,432,432,price_sensitive
GS-002411,28,40,3,1920.51,3,4,4,4,344,344,price_sensitive
GS-002412,223,2,1,2249.84,2,1,3,4,214,234,standard
GS-002413,165,5,4,3549.01,2,2,5,5,225,255,loyal
GS-002414,16,37,3,3970.25,4,4,4,5,445,445,standard
GS-002415,1030,12,0,429.92,1,3,1,1,131,111,price_sensitive
GS-002416,1,16,1,740.36,5,3,3,2,532,532,standard
GS-002417,1358,2,1,2251.38,1,1,3,4,114,134,standard
GS-002418,886,4,3,785.74,1,2,4,2,122,142,price_sensitive
GS-002419,1,41,3,1673.22,5,4,4,3,543,543,loyal
GS-002420,17,53,4,6350.19,4,5,5,5,455,455,standard
GS-002421,1,30,2,2315.09,5,4,3,4,544,534,standard
GS-002422,5,4,0,617.59,5,2,1,2,522,512,standard
GS-002423,24,38,3,1241.67,3,4,4,3,343,343,standard
GS-002424,7,60,4,3388.63,5,5,5,5,555,555,standard
GS-002425,27,26,2,1350.07,3,4,3,3,343,333,standard
GS-002426,9,4,0,105.9,5,2,1,1,521,511,price_sensitive
GS-002427,2,34,2,1695.27,5,4,3,4,544,534,standard
GS-002428,20,7,0,321.15,3,2,1,1,321,311,standard
GS-002429,7,19,1,915.54,5,3,3,2,532,532,loyal
GS-002430,18,5,0,341.32,4,2,1,1,421,411,loyal
GS-002431,633,24,1,964.64,1,4,3,2,142,132,standard
GS-002432,14,23,1,881.25,4,3,3,2,432,432,standard
GS-002433,23,38,3,3913.81,3,4,4,5,345,345,standard
GS-002434,1,30,2,1611.01,5,4,3,3,543,533,standard
GS-002435,1,26,2,2782.43,5,4,3,4,544,534,standard
GS-002436,32,12,0,788.19,3,3,1,2,332,312,price_sensitive
GS-002437,17,46,3,2143.92,4,5,4,4,454,444,standard
GS-002438,13,47,3,2743.28,4,5,4,4,454,444,loyal
GS-002439,150,1,0,402.67,2,1,1,1,211,211,standard
GS-002440,16,31,2,2307.82,4,4,3,4,444,434,standard
GS-002441,271,5,4,3442.44,2,2,5,5,225,255,loyal
GS-002442,10,5,4,4085.56,4,2,5,5,425,455,loyal
GS-002443,1823,1,0,674.53,1,1,1,2,112,112,standard
GS-002444,666,12,0,628.89,1,3,1,2,132,112,standard
GS-002445,15,46,3,1888.32,4,5,4,4,454,444,standard
GS-002446,11,16,1,633.15,4,3,3,2,432,432,price_sensitive
GS-002447,246,4,3,1909.33,2,2,4,4,224,244,price_sensitive
GS-002448,7,15,1,932.99,5,3,3,2,532,532,loyal
GS-002449,16,36,2,2320.22,4,4,3,4,444,434,standard
GS-002450,9,4,0,139.42,5,2,1,1,521,511,price_sensitive
GS-002451,18,30,2,1428.18,4,4,3,3,443,433,loyal
GS-002452,127,1,0,693.15,2,1,1,2,212,212,standard
GS-002453,19,4,0,163.16,4,2,1,1,421,411,price_sensitive
GS-002454,15,47,3,1638.0,4,5,4,3,453,443,standard
GS-002455,24,9,0,732.51,3,2,1,2,322,312,loyal
GS-002456,21,13,1,921.55,3,3,3,2,332,332,standard
GS-002457,95,4,3,5139.35,2,2,4,5,225,245,loyal
GS-002458,13,23,1,1086.31,4,3,3,3,433,433,price_sensitive
GS-002459,133,3,2,1477.2,2,1,3,3,213,233,standard
GS-002460,5,4,3,3502.12,5,2,4,5,525,545,loyal
GS-002461,26,52,4,4660.62,3,5,5,5,355,355,standard
GS-002462,9,3,0,174.38,5,1,1,1,511,511,standard
GS-002463,1521,1,0,452.0,1,1,1,1,111,111,price_sensitive
GS-002464,934,12,0,660.59,1,3,1,2,132,112,standard
GS-002465,172,48,3,2154.54,2,5,4,4,254,244,price_sensitive
GS-002466,5,6,0,195.79,5,2,1,1,521,511,standard
GS-002467,9,24,1,673.13,5,4,3,2,542,532,price_sensitive
GS-002468,892,24,1,601.05,1,4,3,2,142,132,price_sensitive
GS-002469,6,30,2,1329.52,5,4,3,3,543,533,price_sensitive
GS-002470,19,59,4,5174.97,4,5,5,5,455,455,loyal
GS-002471,2,40,3,2335.24,5,4,4,4,544,544,standard
GS-002472,546,1,0,551.42,1,1,1,2,112,112,standard
GS-002473,850,12,0,618.99,1,3,1,2,132,112,standard
GS-002474,209,60,4,4361.27,2,5,5,5,255,255,standard
GS-002475,21,44,3,3796.33,3,5,4,5,355,345,standard
GS-002476,10,38,3,4173.34,4,4,4,5,445,445,loyal
GS-002477,295,2,1,1089.36,2,1,3,3,213,233,standard
GS-002478,1487,12,0,455.42,1,3,1,1,131,111,price_sensitive
GS-002479,1,46,3,2456.77,5,5,4,4,554,544,loyal
GS-002480,400,4,3,1106.96,2,2,4,3,223,243,price_sensitive
GS-002481,27,63,5,3737.65,3,5,5,5,355,355,standard
GS-002482,5,17,1,730.24,5,3,3,2,532,532,standard
GS-002483,7,19,1,941.8,5,3,3,2,532,532,price_sensitive
GS-002484,523,12,0,327.77,1,3,1,1,131,111,price_sensitive
GS-002485,57,36,2,1269.28,3,4,3,3,343,333,price_sensitive
GS-002486,8,38,3,3263.53,5,4,4,5,545,545,loyal
GS-002487,114,5,4,2261.53,2,2,5,4,224,254,standard
GS-002488,1,46,3,1205.38,5,5,4,3,553,543,standard
GS-002489,92,3,2,3473.13,2,1,3,5,215,235,standard
GS-002490,19,31,2,1237.84,4,4,3,3,443,433,loyal
GS-002491,15,42,3,2648.89,4,5,4,4,454,444,price_sensitive
GS-002492,9,58,4,11209.17,5,5,5,5,555,555,loyal
GS-002493,13,56,4,3125.38,4,5,5,5,455,455,standard
GS-002494,249,3,2,2674.91,2,1,3,4,214,234,standard
GS-002495,7,44,3,5375.17,5,5,4,5,555,545,loyal
GS-002496,27,13,1,739.89,3,3,3,2,332,332,standard
GS-002497,21,52,4,4506.59,3,5,5,5,355,355,loyal
GS-002498,9,52,4,2939.36,5,5,5,5,555,555,standard
GS-002499,42,1,0,506.95,3,1,1,1,311,311,price_sensitive
GS-002500,6,15,1,406.13,5,3,3,1,531,531,standard
GS-002501,1287,24,1,649.72,1,4,3,2,142,132,price_sensitive
GS-002502,967,3,2,1494.72,1,1,3,3,113,133,price_sensitive
GS-002503,5,12,0,412.9,5,3,1,1,531,511,standard
GS-002504,10,41,3,3322.21,4,4,4,5,445,445,standard
GS-002505,99,1,0,565.2,2,1,1,2,212,212,standard
GS-002506,72,3,2,2653.9,3,1,3,4,314,334,loyal
GS-002507,4,3,0,192.92,5,1,1,1,511,511,loyal
GS-002508,326,2,1,732.21,2,1,3,2,212,232,standard
GS-002509,1,9,0,501.15,5,2,1,1,521,511,standard
GS-002510,4,19,1,1320.02,5,3,3,3,533,533,loyal
GS-002511,215,5,4,7681.89,2,2,5,5,225,255,standard
GS-002512,924,12,0,511.88,1,3,1,1,131,111,standard
GS-002513,1652,1,0,429.45,1,1,1,1,111,111,price_sensitive
GS-002514,1,27,2,1652.47,5,4,3,3,543,533,standard
GS-002515,19,22,1,1580.53,4,3,3,3,433,433,loyal
GS-002516,18,44,3,2409.45,4,5,4,4,454,444,standard
GS-002517,5,4,0,181.91,5,2,1,1,521,511,standard
GS-002518,12,18,1,994.36,4,3,3,3,433,433,standard
GS-002519,22,47,3,3344.41,3,5,4,5,355,345,standard
GS-002520,273,1,0,443.51,2,1,1,1,211,211,price_sensitive
GS-002521,229,48,3,2561.65,2,5,4,4,254,244,standard
GS-002522,12,56,4,4468.94,4,5,5,5,455,455,loyal
GS-002523,10,7,0,505.53,4,2,1,1,421,411,standard
GS-002524,6,2,0,198.13,5,1,1,1,511,511,loyal
GS-002525,403,24,1,1183.21,2,4,3,3,243,233,standard
GS-002526,21,49,4,2518.13,3,5,5,4,354,354,standard
GS-002527,187,2,1,1771.53,2,1,3,4,214,234,loyal
GS-002528,701,2,1,626.39,1,1,3,2,112,132,price_sensitive
GS-002529,20,38,3,1973.05,3,4,4,4,344,344,standard
GS-002530,15,48,3,2777.62,4,5,4,4,454,444,loyal
GS-002531,17,39,3,2755.49,4,4,4,4,444,444,standard
GS-002532,1312,1,0,436.45,1,1,1,1,111,111,standard
GS-002533,26,24,1,1487.16,3,4,3,3,343,333,standard
GS-002534,8,44,3,2658.18,5,5,4,4,554,544,standard
GS-002535,123,1,0,954.64,2,1,1,2,212,212,standard
GS-002536,11,21,1,764.48,4,3,3,2,432,432,loyal
GS-002537,1189,12,0,374.67,1,3,1,1,131,111,price_sensitive
GS-002538,2,4,0,280.7,5,2,1,1,521,511,loyal
GS-002539,325,2,1,1053.1,2,1,3,3,213,233,standard
GS-002540,4,40,3,3302.28,5,4,4,5,545,545,standard
GS-002541,19,31,2,962.66,4,4,3,2,442,432,price_sensitive
GS-002542,21,60,4,4529.78,3,5,5,5,355,355,loyal
GS-002543,20,33,2,1817.18,3,4,3,4,344,334,loyal
GS-002544,818,24,1,1303.13,1,4,3,3,143,133,standard
GS-002545,8,26,2,910.03,5,4,3,2,542,532,standard
GS-002546,1,46,3,1146.56,5,5,4,3,553,543,standard
GS-002547,1,18,1,2513.89,5,3,3,4,534,534,loyal
GS-002548,25,66,5,1964.11,3,5,5,4,354,354,standard
GS-002549,1574,2,1,1448.96,1,1,3,3,113,133,standard
GS-002550,5,20,1,813.96,5,3,3,2,532,532,standard
GS-002551,113,4,3,3763.0,2,2,4,5,225,245,standard
GS-002552,322,2,1,1080.65,2,1,3,3,213,233,price_sensitive
GS-002553,109,3,2,1449.31,2,1,3,3,213,233,standard
GS-002554,1046,12,0,518.43,1,3,1,1,131,111,standard
GS-002555,24,11,0,592.01,3,2,1,2,322,312,standard
GS-002556,125,1,0,810.85,2,1,1,2,212,212,loyal
GS-002557,1649,12,0,1055.38,1,3,1,3,133,113,standard
GS-002558,18,24,1,728.84,4,4,3,2,442,432,price_sensitive
GS-002559,1630,12,0,368.92,1,3,1,1,131,111,price_sensitive
GS-002560,1073,24,1,481.38,1,4,3,1,141,131,standard
GS-002561,204,12,0,508.5,2,3,1,1,231,211,standard
GS-002562,919,12,0,464.24,1,3,1,1,131,111,price_sensitive
GS-002563,151,1,0,506.87,2,1,1,1,211,211,price_sensitive
GS-002564,341,4,3,3252.09,2,2,4,5,225,245,standard
GS-002565,360,1,0,1263.14,2,1,1,3,213,213,standard
GS-002566,19,7,0,262.7,4,2,1,1,421,411,price_sensitive
GS-002567,79,5,4,3368.29,2,2,5,5,225,255,loyal
GS-002568,96,12,0,844.44,2,3,1,2,232,212,standard
GS-002569,390,48,3,5453.89,2,5,4,5,255,245,standard
GS-002570,7,13,1,873.58,5,3,3,2,532,532,loyal
GS-002571,1386,12,0,649.21,1,3,1,2,132,112,price_sensitive
GS-002572,25,55,4,2182.88,3,5,5,4,354,354,standard
GS-002573,84,5,4,4564.54,2,2,5,5,225,255,standard
GS-002574,27,5,4,3153.63,3,2,5,5,325,355,loyal
GS-002575,294,2,1,827.86,2,1,3,2,212,232,standard
GS-002576,1219,12,0,514.58,1,3,1,1,131,111,price_sensitive
GS-002577,7,39,3,2582.93,5,4,4,4,544,544,standard
GS-002578,320,36,2,1691.16,2,4,3,4,244,234,standard
GS-002579,278,4,3,2718.92,2,2,4,4,224,244,loyal
GS-002580,523,12,0,516.01,1,3,1,1,131,111,price_sensitive
GS-002581,342,2,1,1554.12,2,1,3,3,213,233,loyal
GS-002582,215,60,4,4249.78,2,5,5,5,255,255,loyal
GS-002583,209,1,0,820.59,2,1,1,2,212,212,loyal
GS-002584,119,5,4,5672.84,2,2,5,5,225,255,standard
GS-002585,16,9,0,513.76,4,2,1,1,421,411,price_sensitive
GS-002586,13,17,1,489.95,4,3,3,1,431,431,price_sensitive
GS-002587,1106,12,0,563.34,1,3,1,2,132,112,price_sensitive
GS-002588,107,4,3,3655.75,2,2,4,5,225,245,loyal
GS-002589,463,12,0,663.48,1,3,1,2,132,112,loyal
GS-002590,148,4,3,2727.3,2,2,4,4,224,244,standard
GS-002591,7,4,0,548.14,5,2,1,2,522,512,loyal
GS-002592,11,43,3,4175.91,4,5,4,5,455,445,loyal
GS-002593,18,35,2,1417.92,4,4,3,3,443,433,standard
GS-002594,26,46,3,3011.41,3,5,4,5,355,345,standard
GS-002595,1,10,0,406.91,5,2,1,1,521,511,price_sensitive
GS-002596,18,26,2,1847.19,4,4,3,4,444,434,loyal
GS-002597,445,12,0,810.5,1,3,1,2,132,112,standard
GS-002598,484,36,2,2810.83,1,4,3,4,144,134,standard
GS-002599,720,1,0,381.67,1,1,1,1,111,111,price_sensitive
GS-002600,7,17,1,1944.82,5,3,3,4,534,534,loyal
GS-002601,985,12,0,429.73,1,3,1,1,131,111,price_sensitive
GS-002602,8,7,0,210.76,5,2,1,1,521,511,price_sensitive
GS-002603,3,37,3,1502.54,5,4,4,3,543,543,price_sensitive
GS-002604,1,33,2,1572.57,5,4,3,3,543,533,standard
GS-002605,19,21,1,300.52,4,3,3,1,431,431,price_sensitive
GS-002606,762,36,2,2200.14,1,4,4,4,144,144,loyal
GS-002607,858,3,2,1020.71,1,1,4,3,113,143,price_sensitive
GS-002608,27,66,5,4624.05,3,5,5,5,355,355,standard
GS-002609,240,2,1,3704.75,2,1,3,5,215,235,loyal
GS-002610,14,44,3,4171.33,4,5,4,5,455,445,loyal
GS-002611,6,49,4,4219.36,5,5,5,5,555,555,standard
GS-002612,19,6,0,141.41,4,2,1,1,421,411,price_sensitive
GS-002613,846,12,0,332.59,1,3,1,1,131,111,price_sensitive
GS-002614,96,1,0,670.76,2,1,1,2,212,212,standard
GS-002615,25,64,5,4139.39,3,5,5,5,355,355,loyal
GS-002616,443,12,0,244.52,1,3,1,1,131,111,price_sensitive
GS-002617,521,36,2,2153.05,1,4,4,4,144,144,standard
GS-002618,875,36,2,697.9,1,4,4,2,142,142,price_sensitive
GS-002619,11,40,3,3226.96,4,4,4,5,445,445,loyal
GS-002620,119,12,0,870.37,2,3,1,2,232,212,price_sensitive
GS-002621,1,32,2,1746.94,5,4,4,4,544,544,standard
GS-002622,156,5,4,6775.55,2,2,5,5,225,255,loyal
GS-002623,958,24,1,992.73,1,4,3,3,143,133,price_sensitive
GS-002624,12,62,5,3662.96,4,5,5,5,455,455,standard
GS-002625,15,5,0,424.19,4,2,1,1,421,411,standard
GS-002626,409,48,3,1423.44,1,5,4,3,153,143,price_sensitive
GS-002627,1066,2,1,1042.4,1,1,3,3,113,133,price_sensitive
GS-002628,86,12,0,689.86,2,3,1,2,232,212,standard
GS-002629,8,6,0,197.62,5,2,1,1,521,511,price_sensitive
GS-002630,1141,24,1,1728.04,1,4,3,4,144,134,standard
GS-002631,1300,1,0,610.53,1,1,1,2,112,112,standard
GS-002632,206,3,2,3390.96,2,1,4,5,215,245,standard
GS-002633,1,12,0,1066.9,5,3,1,3,533,513,loyal
GS-002634,154,2,1,1243.04,2,1,3,3,213,233,standard
GS-002635,88,12,0,375.64,2,3,1,1,231,211,price_sensitive
GS-002636,282,5,4,1977.23,2,2,5,4,224,254,standard
GS-002637,19,63,5,6363.32,4,5,5,5,455,455,loyal
GS-002638,2,18,1,1824.34,5,3,3,4,534,534,loyal
GS-002639,299,3,2,4576.01,2,1,4,5,215,245,loyal
GS-002640,81,4,3,1991.12,2,2,4,4,224,244,loyal
GS-002641,1,62,5,4364.43,5,5,5,5,555,555,loyal
GS-002642,119,1,0,587.2,2,1,1,2,212,212,standard
GS-002643,4,22,1,496.56,5,3,3,1,531,531,price_sensitive
GS-002644,35,1,0,733.81,3,1,1,2,312,312,standard
GS-002645,106,5,4,3750.91,2,2,5,5,225,255,loyal
GS-002646,1167,12,0,476.54,1,3,1,1,131,111,price_sensitive
GS-002647,5,40,3,2946.33,5,4,4,5,545,545,standard
GS-002648,268,1,0,679.3,2,1,1,2,212,212,standard
GS-002649,10,29,2,2726.68,4,4,4,4,444,444,standard
GS-002650,9,25,2,1496.92,5,4,4,3,543,543,standard
GS-002651,1,34,2,1838.78,5,4,4,4,544,544,standard
GS-002652,174,36,2,2789.36,2,4,4,4,244,244,standard
GS-002653,15,4,0,134.57,4,2,1,1,421,411,standard
GS-002654,17,54,4,2180.68,4,5,5,4,454,454,standard
GS-002655,7,35,2,1432.46,5,4,4,3,543,543,standard
GS-002656,11,50,4,3856.91,4,5,5,5,455,455,loyal
GS-002657,1,24,1,1355.19,5,4,3,3,543,533,loyal
GS-002658,23,40,3,4722.38,3,4,4,5,345,345,loyal
GS-002659,1,26,2,960.43,5,4,4,2,542,542,price_sensitive
GS-002660,503,48,3,2336.86,1,5,4,4,154,144,standard
GS-002661,12,29,2,2061.93,4,4,4,4,444,444,loyal
GS-002662,27,65,5,3541.32,3,5,5,5,355,355,standard
GS-002663,340,4,3,1319.15,2,2,4,3,223,243,price_sensitive
GS-002664,19,64,5,3016.21,4,5,5,5,455,455,loyal
GS-002665,14,20,1,1050.9,4,3,3,3,433,433,standard
GS-002666,5,20,1,721.7,5,3,3,2,532,532,price_sensitive
GS-002667,18,47,3,6260.1,4,5,4,5,455,445,loyal
GS-002668,10,13,1,1893.98,4,3,3,4,434,434,loyal
GS-002669,3,47,3,3647.24,5,5,4,5,555,545,standard
GS-002670,14,28,2,1211.91,4,4,4,3,443,443,price_sensitive
GS-002671,7,12,0,620.33,5,3,1,2,532,512,loyal
GS-002672,19,22,1,1024.43,4,3,3,3,433,433,standard
GS-002673,479,2,1,1115.88,1,1,3,3,113,133,standard
GS-002674,2,25,2,1389.02,5,4,4,3,543,543,standard
GS-002675,1,53,4,4431.6,5,5,5,5,555,555,standard
GS-002676,10,28,2,1536.75,4,4,4,3,443,443,standard
GS-002677,24,6,0,327.76,3,2,1,1,321,311,price_sensitive
GS-002678,17,21,1,1358.4,4,3,3,3,433,433,standard
GS-002679,16,41,3,3063.18,4,4,4,5,445,445,price_sensitive
GS-002680,310,1,0,312.67,2,1,1,1,211,211,standard
GS-002681,12,25,2,1153.86,4,4,4,3,443,443,standard
GS-002682,356,12,0,205.18,2,3,1,1,231,211,price_sensitive
GS-002683,1,32,2,3725.45,5,4,4,5,545,545,loyal
GS-002684,7,17,1,1099.05,5,3,3,3,533,533,standard
GS-002685,21,56,4,2352.98,3,5,5,4,354,354,standard
GS-002686,4,35,2,1117.32,5,4,4,3,543,543,price_sensitive
GS-002687,17,41,3,1957.98,4,4,4,4,444,444,standard
GS-002688,1,15,1,894.12,5,3,3,2,532,532,loyal
GS-002689,672,12,0,578.21,1,3,1,2,132,112,price_sensitive
GS-002690,31,2,1,913.77,3,1,3,2,312,332,standard
GS-002691,13,55,4,3255.44,4,5,5,5,455,455,standard
GS-002692,14,31,2,2818.98,4,4,4,4,444,444,loyal
GS-002693,21,15,1,1016.53,3,3,3,3,333,333,standard
GS-002694,23,12,0,407.08,3,3,1,1,331,311,standard
GS-002695,6,7,0,535.77,5,2,1,2,522,512,standard
GS-002696,27,59,4,3085.98,3,5,5,5,355,355,standard
GS-002697,24,31,2,1223.05,3,4,4,3,343,343,loyal
GS-002698,26,5,4,5059.96,3,2,5,5,325,355,loyal
GS-002699,8,49,4,2581.85,5,5,5,4,554,554,standard
GS-002700,1560,12,0,356.54,1,3,1,1,131,111,price_sensitive
GS-002701,69,6,5,3958.66,3,2,5,5,325,355,standard
GS-002702,18,12,0,1330.92,4,3,1,3,433,413,standard
GS-002703,1387,12,0,633.04,1,3,1,2,132,112,price_sensitive
GS-002704,8,65,5,8058.61,5,5,5,5,555,555,loyal
GS-002705,27,37,3,3678.0,3,4,4,5,345,345,loyal
GS-002706,28,41,3,2662.81,3,4,4,4,344,344,loyal
GS-002707,588,24,1,980.09,1,4,3,2,142,132,price_sensitive
GS-002708,549,1,0,344.15,1,1,1,1,111,111,price_sensitive
GS-002709,2,61,5,5905.04,5,5,5,5,555,555,loyal
GS-002710,5,2,0,65.19,5,1,1,1,511,511,standard
GS-002711,302,1,0,572.65,2,1,1,2,212,212,standard
GS-002712,12,5,0,397.33,4,2,1,1,421,411,loyal
GS-002713,12,50,4,2993.88,4,5,5,5,455,455,standard
GS-002714,25,6,5,5253.63,3,2,5,5,325,355,loyal
GS-002715,870,24,1,1028.48,1,4,3,3,143,133,standard
GS-002716,1,2,0,72.34,5,1,1,1,511,511,standard
GS-002717,164,2,1,1031.05,2,1,3,3,213,233,standard
GS-002718,2,46,3,1762.64,5,5,4,4,554,544,standard
GS-002719,1114,12,0,376.88,1,3,1,1,131,111,standard
GS-002720,820,36,2,1457.97,1,4,4,3,143,143,price_sensitive
GS-002721,7,5,0,98.78,5,2,1,1,521,511,price_sensitive
GS-002722,15,46,3,1393.79,4,5,4,3,453,443,standard
GS-002723,324,3,2,1552.37,2,1,4,3,213,243,standard
GS-002724,21,7,0,475.93,3,2,1,1,321,311,standard
GS-002725,113,36,2,1415.95,2,4,4,3,243,243,loyal
GS-002726,15,15,1,937.21,4,3,3,2,432,432,loyal
GS-002727,16,58,4,2263.25,4,5,5,4,454,454,standard
GS-002728,1,57,4,3125.4,5,5,5,5,555,555,standard
GS-002729,5,37,3,1478.84,5,4,4,3,543,543,standard
GS-002730,13,53,4,3576.07,4,5,5,5,455,455,loyal
GS-002731,1135,1,0,602.96,1,1,1,2,112,112,price_sensitive
GS-002732,8,31,2,1014.01,5,4,4,3,543,543,standard
GS-002733,1,30,2,2194.1,5,4,4,4,544,544,standard
GS-002734,22,16,1,449.59,3,3,3,1,331,331,standard
GS-002735,4,32,2,1164.34,5,4,4,3,543,543,price_sensitive
GS-002736,14,29,2,930.85,4,4,4,2,442,442,standard
GS-002737,7,43,3,3326.4,5,5,4,5,555,545,loyal
GS-002738,610,3,2,1315.63,1,1,4,3,113,143,price_sensitive
GS-002739,18,6,0,254.62,4,2,1,1,421,411,price_sensitive
GS-002740,738,12,0,262.4,1,3,1,1,131,111,price_sensitive
GS-002741,12,36,2,4007.68,4,4,4,5,445,445,standard
GS-002742,354,5,4,4998.86,2,2,5,5,225,255,standard
GS-002743,1,50,4,2483.61,5,5,5,4,554,554,standard
GS-002744,57,24,1,1092.31,3,4,3,3,343,333,price_sensitive
GS-002745,823,12,0,164.4,1,3,1,1,131,111,price_sensitive
GS-002746,314,5,4,5330.37,2,2,5,5,225,255,loyal
GS-002747,1632,12,0,533.93,1,3,1,2,132,112,price_sensitive
GS-002748,22,55,4,4318.93,3,5,5,5,355,355,loyal
GS-002749,2,51,4,5110.7,5,5,5,5,555,555,loyal
GS-002750,56,36,2,690.86,3,4,4,2,342,342,price_sensitive
GS-002751,28,16,1,875.47,3,3,3,2,332,332,loyal
GS-002752,202,3,2,2921.55,2,1,4,5,215,245,standard
GS-002753,10,42,3,4370.35,4,5,4,5,455,445,loyal
GS-002754,1280,12,0,794.53,1,3,1,2,132,112,standard
GS-002755,235,4,3,4383.02,2,2,4,5,225,245,standard
GS-002756,21,9,0,287.92,3,2,1,1,321,311,standard
GS-002757,22,21,1,960.51,3,3,3,2,332,332,loyal
GS-002758,16,14,1,1096.57,4,3,3,3,433,433,loyal
GS-002759,75,4,3,1224.13,3,2,4,3,323,343,price_sensitive
GS-002760,1035,12,0,216.29,1,3,1,1,131,111,price_sensitive
GS-002761,276,3,2,1206.73,2,1,4,3,213,243,price_sensitive
GS-002762,20,7,0,423.64,3,2,1,1,321,311,standard
GS-002763,26,39,3,3921.32,3,4,4,5,345,345,loyal
GS-002764,5,42,3,2767.37,5,5,4,4,554,544,loyal
GS-002765,382,12,0,476.04,2,3,1,1,231,211,price_sensitive
GS-002766,169,48,3,1418.5,2,5,4,3,253,243,price_sensitive
GS-002767,19,57,4,4517.41,4,5,5,5,455,455,standard
GS-002768,427,24,1,749.54,1,4,3,2,142,132,price_sensitive
GS-002769,68,24,1,1469.61,3,4,3,3,343,333,standard
GS-002770,101,24,1,524.21,2,4,3,2,242,232,price_sensitive
GS-002771,24,41,3,3472.2,3,4,4,5,345,345,standard
GS-002772,7,14,1,1540.58,5,3,3,3,533,533,loyal
GS-002773,494,12,0,205.94,1,3,1,1,131,111,price_sensitive
GS-002774,5,6,5,2185.2,5,2,5,4,524,554,standard
GS-002775,21,15,1,774.27,3,3,3,2,332,332,price_sensitive
GS-002776,1374,12,0,251.86,1,3,1,1,131,111,price_sensitive
GS-002777,255,5,4,5263.76,2,2,5,5,225,255,standard
GS-002778,15,65,5,4477.74,4,5,5,5,455,455,loyal
GS-002779,15,24,1,787.96,4,4,3,2,442,432,price_sensitive
GS-002780,6,2,0,196.33,5,1,1,1,511,511,loyal
GS-002781,5,14,1,451.43,5,3,3,1,531,531,standard
GS-002782,177,2,1,885.25,2,1,3,2,212,232,standard
GS-002783,1504,12,0,204.09,1,3,1,1,131,111,price_sensitive
GS-002784,9,42,3,1611.74,5,5,4,3,553,543,standard
GS-002785,7,41,3,3062.48,5,4,4,5,545,545,standard
GS-002786,506,12,0,328.33,1,3,1,1,131,111,price_sensitive
GS-002787,1137,24,1,1320.96,1,4,3,3,143,133,price_sensitive
GS-002788,1161,3,2,2500.55,1,1,4,4,114,144,price_sensitive
GS-002789,812,24,1,707.27,1,4,3,2,142,132,price_sensitive
GS-002790,4,38,3,2091.52,5,4,4,4,544,544,standard
GS-002791,1,17,1,1099.37,5,3,3,3,533,533,loyal
GS-002792,10,4,0,123.43,4,2,1,1,421,411,price_sensitive
GS-002793,1,10,0,334.52,5,2,1,1,521,511,loyal
GS-002794,475,48,3,2442.9,1,5,4,4,154,144,price_sensitive
GS-002795,253,36,2,1214.06,2,4,4,3,243,243,standard
GS-002796,1,18,1,994.03,5,3,3,3,533,533,standard
GS-002797,10,62,5,5337.09,4,5,5,5,455,455,loyal
GS-002798,1621,12,0,243.77,1,3,1,1,131,111,price_sensitive
GS-002799,106,4,3,3473.15,2,2,4,5,225,245,loyal
GS-002800,21,19,1,1364.72,3,3,3,3,333,333,standard
GS-002801,1280,12,0,445.82,1,3,1,1,131,111,price_sensitive
GS-002802,4,45,3,2180.05,5,5,4,4,554,544,standard
GS-002803,1,10,0,601.27,5,2,1,2,522,512,standard
GS-002804,641,1,0,352.79,1,1,1,1,111,111,price_sensitive
GS-002805,26,32,2,3010.81,3,4,4,5,345,345,standard
GS-002806,7,24,1,882.64,5,4,3,2,542,532,loyal
GS-002807,256,1,0,1011.84,2,1,1,3,213,213,loyal
GS-002808,4,21,1,1232.52,5,3,3,3,533,533,price_sensitive
GS-002809,852,1,0,324.14,1,1,1,1,111,111,price_sensitive
GS-002810,195,2,1,1852.96,2,1,3,4,214,234,loyal
GS-002811,1188,12,0,639.6,1,3,1,2,132,112,standard
GS-002812,11,5,4,3155.05,4,2,5,5,425,455,standard
GS-002813,545,1,0,446.94,1,1,1,1,111,111,price_sensitive
GS-002814,1,12,0,625.5,5,3,1,2,532,512,loyal
GS-002815,1336,1,0,684.57,1,1,1,2,112,112,price_sensitive
GS-002816,66,12,0,376.59,3,3,1,1,331,311,price_sensitive
GS-002817,1,41,3,3303.45,5,4,4,5,545,545,standard
GS-002818,25,19,1,1141.03,3,3,3,3,333,333,standard
GS-002819,490,12,0,391.77,1,3,1,1,131,111,price_sensitive
GS-002820,26,59,4,5130.68,3,5,5,5,355,355,loyal
GS-002821,279,5,4,4356.41,2,2,5,5,225,255,standard
GS-002822,26,4,0,267.56,3,2,1,1,321,311,loyal
GS-002823,35,3,2,2474.56,3,1,4,4,314,344,standard
GS-002824,1,66,5,4257.21,5,5,5,5,555,555,standard
GS-002825,1,26,2,863.55,5,4,4,2,542,542,standard
GS-002826,234,3,2,3869.81,2,1,4,5,215,245,loyal
GS-002827,1,67,5,6646.6,5,5,5,5,555,555,loyal
GS-002828,17,3,0,92.19,4,1,1,1,411,411,price_sensitive
GS-002829,25,43,3,7007.57,3,5,4,5,355,345,loyal
GS-002830,23,26,2,1508.68,3,4,4,3,343,343,price_sensitive
GS-002831,9,11,0,682.88,5,2,1,2,522,512,standard
GS-002832,15,59,4,5751.85,4,5,5,5,455,455,standard
GS-002833,68,2,1,2077.38,3,1,3,4,314,334,standard
GS-002834,3,56,4,2822.17,5,5,5,4,554,554,standard
GS-002835,1,17,1,596.58,5,3,3,2,532,532,standard
GS-002836,1204,24,1,545.67,1,4,3,2,142,132,price_sensitive
GS-002837,1104,12,0,929.17,1,3,1,2,132,112,loyal
GS-002838,20,61,5,3404.61,3,5,5,5,355,355,standard
GS-002839,10,14,1,502.58,4,3,3,1,431,431,standard
GS-002840,707,36,2,1319.8,1,4,4,3,143,143,price_sensitive
GS-002841,27,34,2,1699.83,3,4,4,4,344,344,loyal
GS-002842,329,3,2,3465.72,2,1,4,5,215,245,standard
GS-002843,225,5,4,2781.93,2,2,5,4,224,254,standard
GS-002844,28,40,3,2624.63,3,4,4,4,344,344,standard
GS-002845,92,3,2,1151.98,2,1,4,3,213,243,standard
GS-002846,26,50,4,3153.38,3,5,5,5,355,355,loyal
GS-002847,20,66,5,2870.54,3,5,5,5,355,355,loyal
GS-002848,23,14,1,635.06,3,3,3,2,332,332,loyal
GS-002849,8,36,2,1656.89,5,4,4,3,543,543,price_sensitive
GS-002850,588,4,3,2087.89,1,2,4,4,124,144,standard
GS-002851,15,9,0,487.24,4,2,1,1,421,411,standard
GS-002852,1,56,4,4212.88,5,5,5,5,555,555,standard
GS-002853,24,45,3,823.5,3,5,4,2,352,342,price_sensitive
GS-002854,226,4,3,1520.21,2,2,4,3,223,243,standard
GS-002855,26,63,5,4550.81,3,5,5,5,355,355,standard
GS-002856,26,47,3,5718.18,3,5,4,5,355,345,loyal
GS-002857,215,4,3,1232.83,2,2,4,3,223,243,standard
GS-002858,886,36,2,658.65,1,4,4,2,142,142,price_sensitive
GS-002859,14,43,3,1914.81,4,5,4,4,454,444,loyal
GS-002860,1,53,4,3532.18,5,5,5,5,555,555,loyal
GS-002861,1032,1,0,395.19,1,1,1,1,111,111,price_sensitive
GS-002862,3,5,0,360.33,5,2,1,1,521,511,loyal
GS-002863,1,5,0,147.08,5,2,1,1,521,511,standard
GS-002864,11,36,2,2653.37,4,4,4,4,444,444,loyal
GS-002865,62,48,3,4669.72,3,5,4,5,355,345,price_sensitive
GS-002866,26,50,4,2405.96,3,5,5,4,354,354,loyal
GS-002867,19,45,3,1555.83,4,5,4,3,453,443,price_sensitive
GS-002868,131,1,0,1030.61,2,1,1,3,213,213,standard
GS-002869,4,61,5,2445.97,5,5,5,4,554,554,standard
GS-002870,320,1,0,267.31,2,1,1,1,211,211,price_sensitive
GS-002871,20,54,4,8640.25,3,5,5,5,355,355,standard
GS-002872,22,27,2,903.89,3,4,4,2,342,342,price_sensitive
GS-002873,6,37,3,1959.43,5,4,4,4,544,544,price_sensitive
GS-002874,1172,12,0,647.06,1,3,1,2,132,112,standard
GS-002875,27,51,4,6005.52,3,5,5,5,355,355,loyal
GS-002876,1185,12,0,683.0,1,3,1,2,132,112,standard
GS-002877,78,5,4,2906.23,2,2,5,5,225,255,standard
GS-002878,1,13,1,919.41,5,3,3,2,532,532,standard
GS-002879,25,35,2,1387.64,3,4,4,3,343,343,price_sensitive
GS-002880,21,59,4,3936.17,3,5,5,5,355,355,standard
GS-002881,366,24,1,844.59,2,4,3,2,242,232,standard
GS-002882,1,37,3,2297.5,5,4,4,4,544,544,standard
GS-002883,817,3,2,952.63,1,1,4,2,112,142,price_sensitive
GS-002884,181,4,3,1875.68,2,2,4,4,224,244,standard
GS-002885,353,36,2,4025.58,2,4,4,5,245,245,standard
GS-002886,1,49,4,3835.34,5,5,5,5,555,555,standard
GS-002887,62,6,5,2631.77,3,2,5,4,324,354,standard
GS-002888,326,1,0,347.05,2,1,1,1,211,211,standard
GS-002889,23,56,4,2906.57,3,5,5,5,355,355,standard
GS-002890,1,55,4,3572.5,5,5,5,5,555,555,standard
GS-002891,22,57,4,3637.55,3,5,5,5,355,355,standard
GS-002892,23,11,0,335.83,3,2,1,1,321,311,price_sensitive
GS-002893,77,4,3,3816.08,2,2,4,5,225,245,standard
GS-002894,347,2,1,836.09,2,1,3,2,212,232,standard
GS-002895,848,12,0,384.05,1,3,1,1,131,111,price_sensitive
GS-002896,1,19,1,1062.53,5,3,3,3,533,533,standard
GS-002897,26,29,2,2015.74,3,4,4,4,344,344,loyal
GS-002898,12,64,5,3822.94,4,5,5,5,455,455,standard
GS-002899,17,31,2,726.26,4,4,4,2,442,442,price_sensitive
GS-002900,13,50,4,3606.89,4,5,5,5,455,455,loyal
GS-002901,13,42,3,839.52,4,5,4,2,452,442,loyal
GS-002902,615,4,3,2008.38,1,2,4,4,124,144,standard
GS-002903,1,43,3,4095.96,5,5,4,5,555,545,loyal
GS-002904,8,9,0,557.38,5,2,1,2,522,512,standard
GS-002905,744,12,0,337.12,1,3,1,1,131,111,price_sensitive
GS-002906,687,4,3,1716.99,1,2,4,4,124,144,price_sensitive
GS-002907,26,44,3,5855.51,3,5,4,5,355,345,loyal
GS-002908,128,1,0,873.8,2,1,1,2,212,212,standard
GS-002909,1,7,0,174.74,5,2,1,1,521,511,price_sensitive
GS-002910,1531,12,0,479.45,1,3,1,1,131,111,price_sensitive
GS-002911,286,2,1,1964.61,2,1,3,4,214,234,loyal
GS-002912,429,36,2,1461.88,1,4,4,3,143,143,standard
GS-002913,6,11,0,295.9,5,2,1,1,521,511,price_sensitive
GS-002914,251,2,1,1883.08,2,1,3,4,214,234,standard
GS-002915,1414,12,0,421.16,1,3,1,1,131,111,price_sensitive
GS-002916,416,12,0,599.74,1,3,1,2,132,112,standard
GS-002917,9,12,0,1363.45,5,3,1,3,533,513,loyal
GS-002918,11,5,0,194.68,4,2,1,1,421,411,standard
GS-002919,10,28,2,1727.07,4,4,4,4,444,444,standard
GS-002920,1,57,4,4872.36,5,5,5,5,555,555,loyal
GS-002921,17,38,3,2275.4,4,4,4,4,444,444,loyal
GS-002922,223,24,1,773.72,2,4,3,2,242,232,standard
GS-002923,7,35,2,1451.82,5,4,4,3,543,543,price_sensitive
GS-002924,5,36,2,2355.82,5,4,4,4,544,544,loyal
GS-002925,180,48,3,2903.59,2,5,4,5,255,245,price_sensitive
GS-002926,28,5,0,258.57,3,2,1,1,321,311,price_sensitive
GS-002927,2,15,1,1060.83,5,3,3,3,533,533,loyal
GS-002928,8,48,3,2280.76,5,5,4,4,554,544,price_sensitive
GS-002929,19,3,0,70.54,4,1,1,1,411,411,price_sensitive
GS-002930,27,17,1,1172.97,3,3,3,3,333,333,loyal
GS-002931,8,34,2,1580.53,5,4,4,3,543,543,standard
GS-002932,186,3,2,2011.49,2,1,4,4,214,244,standard
GS-002933,1170,1,0,627.31,1,1,1,2,112,112,price_sensitive
GS-002934,1,19,1,689.84,5,3,3,2,532,532,standard
GS-002935,274,1,0,345.97,2,1,1,1,211,211,standard
GS-002936,1547,12,0,399.97,1,3,1,1,131,111,price_sensitive
GS-002937,27,24,1,517.73,3,4,3,1,341,331,price_sensitive
GS-002938,5,14,1,816.11,5,3,3,2,532,532,loyal
GS-002939,28,35,2,2098.36,3,4,4,4,344,344,standard
GS-002940,844,24,1,1127.82,1,4,3,3,143,133,standard
GS-002941,200,2,1,1332.63,2,1,3,3,213,233,standard
GS-002942,1,62,5,2224.36,5,5,5,4,554,554,standard
GS-002943,26,8,0,585.82,3,2,1,2,322,312,standard
GS-002944,1656,1,0,623.01,1,1,1,2,112,112,standard
GS-002945,11,16,1,496.54,4,3,3,1,431,431,price_sensitive
GS-002946,249,4,3,1132.11,2,2,4,3,223,243,price_sensitive
GS-002947,25,32,2,1498.98,3,4,4,3,343,343,standard
GS-002948,1,32,2,2093.21,5,4,4,4,544,544,standard
GS-002949,353,1,0,1063.28,2,1,1,3,213,213,standard
GS-002950,1658,1,0,521.02,1,1,1,1,111,111,standard
GS-002951,724,24,1,1295.72,1,4,3,3,143,133,loyal
GS-002952,182,1,0,548.06,2,1,1,2,212,212,price_sensitive
GS-002953,88,48,3,2498.49,2,5,4,4,254,244,price_sensitive
GS-002954,27,6,0,274.41,3,2,1,1,321,311,price_sensitive
GS-002955,304,12,0,539.67,2,3,1,2,232,212,standard
GS-002956,21,21,1,913.81,3,3,3,2,332,332,loyal
GS-002957,143,3,2,1636.62,2,1,4,3,213,243,standard
GS-002958,7,34,2,2420.82,5,4,4,4,544,544,standard
GS-002959,968,12,0,281.72,1,3,1,1,131,111,price_sensitive
GS-002960,38,2,1,1452.59,3,1,3,3,313,333,loyal
GS-002961,1457,12,0,385.61,1,3,1,1,131,111,price_sensitive
GS-002962,8,44,3,3535.19,5,5,4,5,555,545,standard
GS-002963,15,58,4,3668.93,4,5,5,5,455,455,standard
GS-002964,17,27,2,1756.74,4,4,4,4,444,444,standard
GS-002965,1,54,4,6243.6,5,5,5,5,555,555,loyal
GS-002966,18,60,4,3412.0,4,5,5,5,455,455,loyal
GS-002967,17,34,2,3012.69,4,4,4,5,445,445,loyal
GS-002968,109,2,1,556.27,2,1,3,2,212,232,price_sensitive
GS-002969,18,4,3,2694.75,4,2,4,4,424,444,loyal
GS-002970,1,11,0,1348.15,5,2,1,3,523,513,loyal
GS-002971,764,12,0,787.83,1,3,1,2,132,112,standard
GS-002972,479,12,0,574.03,1,3,1,2,132,112,loyal
GS-002973,27,3,2,1313.61,3,1,4,3,313,343,standard
GS-002974,1,12,0,827.27,5,3,1,2,532,512,loyal
GS-002975,1513,1,0,466.79,1,1,1,1,111,111,standard
GS-002976,123,3,2,1612.87,2,1,4,3,213,243,standard
GS-002977,1377,12,0,1014.67,1,3,1,3,133,113,standard
GS-002978,620,24,1,1879.05,1,4,3,4,144,134,standard
GS-002979,184,5,4,4449.31,2,2,5,5,225,255,loyal
GS-002980,1300,12,0,379.05,1,3,1,1,131,111,price_sensitive
GS-002981,26,66,5,4551.68,3,5,5,5,355,355,loyal
GS-002982,21,18,1,1456.08,3,3,3,3,333,333,loyal
GS-002983,105,3,2,1234.69,2,1,4,3,213,243,price_sensitive
GS-002984,11,25,2,2480.06,4,4,4,4,444,444,loyal
GS-002985,580,12,0,284.01,1,3,1,1,131,111,price_sensitive
GS-002986,830,12,0,487.7,1,3,1,1,131,111,standard
GS-002987,207,5,4,4086.89,2,2,5,5,225,255,standard
GS-002988,21,53,4,3741.61,3,5,5,5,355,355,loyal
GS-002989,9,41,3,3893.36,5,4,4,5,545,545,loyal
GS-002990,17,2,0,119.37,4,1,1,1,411,411,standard
GS-002991,549,24,1,406.25,1,4,3,1,141,131,price_sensitive
GS-002992,219,48,3,3458.14,2,5,4,5,255,245,standard
GS-002993,42,24,1,1272.5,3,4,3,3,343,333,standard
GS-002994,25,3,2,2249.06,3,1,4,4,314,344,standard
GS-002995,3,12,0,1293.98,5,3,1,3,533,513,standard
GS-002996,20,4,0,275.78,3,2,1,1,321,311,standard
GS-002997,4,58,4,3551.75,5,5,5,5,555,555,loyal
GS-002998,253,4,3,1521.27,2,2,4,3,223,243,standard
GS-002999,351,1,0,1487.99,2,1,1,3,213,213,standard
GS-003000,19,36,2,4031.93,4,4,4,5,445,445,loyal
GS-003001,353,12,0,487.27,2,3,1,1,231,211,price_sensitive
GS-003002,732,24,1,1221.17,1,4,3,3,143,133,standard
GS-003003,335,2,1,1279.35,2,1,3,3,213,233,standard
GS-003004,24,53,4,1648.22,3,5,5,3,353,353,loyal
GS-003005,8,30,2,1096.35,5,4,4,3,543,543,standard
GS-003006,21,51,4,1797.64,3,5,5,4,354,354,standard
GS-003007,62,3,2,2380.06,3,1,4,4,314,344,loyal
GS-003008,1,34,2,2210.82,5,4,4,4,544,544,standard
GS-003009,1,21,1,1585.58,5,3,3,3,533,533,standard
GS-003010,1583,1,0,644.65,1,1,1,2,112,112,standard
GS-003011,11,16,1,570.52,4,3,3,2,432,432,standard
GS-003012,1208,12,0,567.18,1,3,1,2,132,112,price_sensitive
GS-003013,6,11,0,441.67,5,2,1,1,521,511,price_sensitive
GS-003014,11,33,2,2278.89,4,4,4,4,444,444,standard
GS-003015,1158,12,0,1056.31,1,3,1,3,133,113,price_sensitive
GS-003016,18,23,1,835.15,4,3,3,2,432,432,price_sensitive
GS-003017,25,45,3,1760.29,3,5,4,4,354,344,standard
GS-003018,3,12,0,650.55,5,3,1,2,532,512,standard
GS-003019,347,5,4,3803.53,2,2,5,5,225,255,loyal
GS-003020,213,1,0,646.33,2,1,1,2,212,212,price_sensitive
GS-003021,28,21,1,1184.18,3,3,3,3,333,333,standard
GS-003022,7,50,4,3051.0,5,5,5,5,555,555,standard
GS-003023,17,42,3,1923.82,4,5,4,4,454,444,standard
GS-003024,9,52,4,3319.01,5,5,5,5,555,555,standard
GS-003025,21,64,5,5271.66,3,5,5,5,355,355,standard
GS-003026,9,46,3,4622.04,5,5,4,5,555,545,loyal
GS-003027,995,1,0,594.4,1,1,1,2,112,112,price_sensitive
GS-003028,1,67,5,4307.2,5,5,5,5,555,555,loyal
GS-003029,12,8,0,109.97,4,2,1,1,421,411,price_sensitive
GS-003030,12,10,0,348.74,4,2,1,1,421,411,price_sensitive
GS-003031,1306,12,0,259.24,1,3,1,1,131,111,price_sensitive
GS-003032,251,5,4,5944.01,2,2,5,5,225,255,loyal
GS-003033,142,48,3,3482.3,2,5,4,5,255,245,standard
GS-003034,1210,24,1,610.36,1,4,3,2,142,132,standard
GS-003035,19,47,3,4987.6,4,5,4,5,455,445,loyal
GS-003036,91,1,0,538.22,2,1,1,2,212,212,loyal
GS-003037,187,24,1,756.54,2,4,3,2,242,232,price_sensitive
GS-003038,4,17,1,1552.57,5,3,3,3,533,533,loyal
GS-003039,6,12,0,1289.22,5,3,1,3,533,513,loyal
GS-003040,1,6,0,378.41,5,2,1,1,521,511,standard
GS-003041,150,1,0,1313.23,2,1,1,3,213,213,loyal
GS-003042,124,4,3,2710.96,2,2,4,4,224,244,standard
GS-003043,827,36,2,2139.75,1,4,4,4,144,144,standard
GS-003044,340,1,0,234.99,2,1,1,1,211,211,price_sensitive
GS-003045,203,1,0,961.23,2,1,1,2,212,212,loyal
GS-003046,12,48,3,2770.77,4,5,4,4,454,444,standard
GS-003047,14,26,2,1043.08,4,4,4,3,443,443,standard
GS-003048,242,2,1,1209.22,2,1,3,3,213,233,loyal
GS-003049,255,24,1,1623.4,2,4,3,3,243,233,standard
GS-003050,182,1,0,547.89,2,1,1,2,212,212,standard
GS-003051,712,24,1,1353.27,1,4,3,3,143,133,standard
GS-003052,25,21,1,959.36,3,3,3,2,332,332,standard
GS-003053,304,36,2,3597.92,2,4,4,5,245,245,loyal
GS-003054,281,2,1,896.93,2,1,3,2,212,232,price_sensitive
GS-003055,8,35,2,1479.28,5,4,4,3,543,543,standard
GS-003056,14,7,0,141.04,4,2,1,1,421,411,price_sensitive
GS-003057,12,18,1,410.6,4,3,3,1,431,431,price_sensitive
GS-003058,305,3,2,3095.17,2,1,4,5,215,245,standard
GS-003059,341,36,2,1575.19,2,4,4,3,243,243,standard
GS-003060,9,23,1,775.91,5,3,3,2,532,532,standard
GS-003061,320,3,2,2883.65,2,1,4,5,215,245,standard
GS-003062,283,1,0,1494.83,2,1,1,3,213,213,loyal
GS-003063,889,12,0,1142.62,1,3,1,3,133,113,loyal
GS-003064,35,12,0,698.54,3,3,1,2,332,312,standard
GS-003065,203,4,3,3674.7,2,2,4,5,225,245,loyal
GS-003066,12,29,2,1594.37,4,4,4,3,443,443,price_sensitive
GS-003067,1,6,0,358.61,5,2,1,1,521,511,loyal
GS-003068,5,11,0,783.27,5,2,1,2,522,512,standard
GS-003069,84,5,4,4401.77,2,2,5,5,225,255,standard
GS-003070,10,32,2,3277.51,4,4,4,5,445,445,standard
GS-003071,5,26,2,1009.05,5,4,4,3,543,543,price_sensitive
GS-003072,10,4,0,387.28,4,2,1,1,421,411,standard
GS-003073,1,43,3,1450.39,5,5,4,3,553,543,standard
GS-003074,13,16,1,1224.62,4,3,3,3,433,433,loyal
GS-003075,9,59,4,6046.19,5,5,5,5,555,555,loyal
GS-003076,8,5,0,307.48,5,2,1,1,521,511,standard
GS-003077,554,48,3,2242.7,1,5,4,4,154,144,price_sensitive
GS-003078,298,12,0,1000.41,2,3,1,3,233,213,standard
GS-003079,596,36,2,1497.27,1,4,4,3,143,143,standard
GS-003080,17,39,3,2672.92,4,4,4,4,444,444,loyal
GS-003081,977,24,1,1192.62,1,4,3,3,143,133,standard
GS-003082,4,6,0,526.03,5,2,1,2,522,512,standard
GS-003083,1101,12,0,420.95,1,3,1,1,131,111,price_sensitive
GS-003084,21,23,1,687.95,3,3,3,2,332,332,price_sensitive
GS-003085,179,4,3,3267.63,2,2,4,5,225,245,standard
GS-003086,15,6,0,174.92,4,2,1,1,421,411,price_sensitive
GS-003087,18,17,1,685.28,4,3,3,2,432,432,standard
GS-003088,536,12,0,764.86,1,3,1,2,132,112,price_sensitive
GS-003089,21,15,1,1139.44,3,3,3,3,333,333,standard
GS-003090,327,3,2,2063.61,2,1,4,4,214,244,standard
GS-003091,15,13,1,1013.78,4,3,3,3,433,433,loyal
GS-003092,4,31,2,2717.12,5,4,4,4,544,544,loyal
GS-003093,314,1,0,1082.94,2,1,1,3,213,213,standard
GS-003094,254,3,2,2676.01,2,1,4,4,214,244,standard
GS-003095,176,1,0,770.81,2,1,1,2,212,212,standard
GS-003096,16,38,3,2756.92,4,4,4,4,444,444,loyal
GS-003097,15,24,1,1888.66,4,4,3,4,444,434,loyal
GS-003098,8,31,2,1154.42,5,4,4,3,543,543,standard
GS-003099,9,17,1,921.59,5,3,3,2,532,532,standard
GS-003100,4,6,0,301.36,5,2,1,1,521,511,standard
GS-003101,14,48,3,2479.09,4,5,4,4,454,444,loyal
GS-003102,13,63,5,1924.85,4,5,5,4,454,454,standard
GS-003103,3,29,2,1213.3,5,4,4,3,543,543,loyal
GS-003104,1209,12,0,626.4,1,3,1,2,132,112,price_sensitive
GS-003105,28,22,1,1205.82,3,3,3,3,333,333,standard
GS-003106,1,16,1,475.05,5,3,3,1,531,531,price_sensitive
GS-003107,13,14,1,573.74,4,3,3,2,432,432,standard
GS-003108,26,11,0,218.65,3,2,1,1,321,311,price_sensitive
GS-003109,15,11,0,576.5,4,2,1,2,422,412,standard
GS-003110,566,12,0,612.56,1,3,1,2,132,112,standard
GS-003111,19,7,0,472.39,4,2,1,1,421,411,standard
GS-003112,101,36,2,3478.39,2,4,4,5,245,245,loyal
GS-003113,10,37,3,1877.72,4,4,4,4,444,444,standard
GS-003114,15,35,2,2345.53,4,4,4,4,444,444,loyal
GS-003115,15,14,1,598.08,4,3,3,2,432,432,standard
GS-003116,12,34,2,3463.37,4,4,4,5,445,445,loyal
GS-003117,21,10,0,654.16,3,2,1,2,322,312,loyal
GS-003118,1004,1,0,264.78,1,1,1,1,111,111,price_sensitive
GS-003119,27,7,0,492.61,3,2,1,1,321,311,loyal
GS-003120,7,64,5,4002.98,5,5,5,5,555,555,standard
GS-003121,6,10,0,307.44,5,2,1,1,521,511,standard
GS-003122,16,48,3,3236.69,4,5,4,5,455,445,loyal
GS-003123,18,66,5,2382.35,4,5,5,4,454,454,standard
GS-003124,1044,12,0,399.23,1,3,1,1,131,111,price_sensitive
GS-003125,1,2,1,1268.14,5,1,3,3,513,533,standard
GS-003126,16,45,3,2246.02,4,5,4,4,454,444,standard
GS-003127,225,2,1,765.41,2,1,3,2,212,232,standard
GS-003128,27,41,3,1717.41,3,5,4,4,354,344,standard
GS-003129,20,47,3,6314.78,3,5,4,5,355,345,standard
GS-003130,900,24,1,686.19,1,4,3,2,142,132,price_sensitive
GS-003131,173,48,3,2215.41,2,5,4,4,254,244,price_sensitive
GS-003132,8,16,1,490.32,5,3,3,1,531,531,price_sensitive
GS-003133,285,1,0,505.99,2,1,1,1,211,211,standard
GS-003134,22,25,2,959.86,3,4,4,2,342,342,price_sensitive
GS-003135,350,1,0,484.34,2,1,1,1,211,211,price_sensitive
GS-003136,245,12,0,149.02,2,3,1,1,231,211,price_sensitive
GS-003137,11,30,2,1040.31,4,4,4,3,443,443,standard
GS-003138,5,56,4,5599.43,5,5,5,5,555,555,loyal
GS-003139,1382,12,0,376.13,1,3,1,1,131,111,price_sensitive
GS-003140,51,5,4,3598.2,3,2,5,5,325,355,standard
GS-003141,13,38,3,1920.92,4,4,4,4,444,444,price_sensitive
GS-003142,257,2,1,1854.69,2,1,3,4,214,234,loyal
GS-003143,22,61,5,3837.89,3,5,5,5,355,355,loyal
GS-003144,16,8,0,369.11,4,2,1,1,421,411,standard
GS-003145,452,4,3,1406.66,1,2,4,3,123,143,standard
GS-003146,26,28,2,1500.16,3,4,4,3,343,343,standard
GS-003147,22,4,0,176.74,3,2,1,1,321,311,standard
GS-003148,1,12,0,889.08,5,3,1,2,532,512,loyal
GS-003149,335,12,0,628.57,2,3,1,2,232,212,price_sensitive
GS-003150,448,48,3,1488.97,1,5,4,3,153,143,price_sensitive
GS-003151,12,38,3,3755.05,4,4,4,5,445,445,loyal
GS-003152,22,14,1,621.17,3,3,3,2,332,332,standard
GS-003153,1175,1,0,674.17,1,1,1,2,112,112,standard
GS-003154,114,4,3,3990.78,2,2,4,5,225,245,loyal
GS-003155,1017,12,0,679.27,1,3,2,2,132,122,standard
GS-003156,23,6,0,195.28,3,2,2,1,321,321,standard
GS-003157,16,44,3,1425.65,4,5,4,3,453,443,price_sensitive
GS-003158,371,24,1,622.35,2,4,3,2,242,232,price_sensitive
GS-003159,128,24,1,1536.97,2,4,3,3,243,233,standard
GS-003160,109,12,0,1024.9,2,3,2,3,233,223,standard
GS-003161,236,3,2,1930.42,2,1,4,4,214,244,loyal
GS-003162,47,60,4,1939.74,3,5,5,4,354,354,standard
GS-003163,26,4,3,4098.46,3,2,4,5,325,345,standard
GS-003164,196,3,2,1997.22,2,1,4,4,214,244,loyal
GS-003165,199,5,4,3966.8,2,2,5,5,225,255,standard
GS-003166,15,14,1,731.81,4,3,3,2,432,432,standard
GS-003167,781,12,0,942.77,1,3,2,2,132,122,standard
GS-003168,227,4,3,3853.87,2,2,4,5,225,245,loyal
GS-003169,4,8,0,286.95,5,2,2,1,521,521,price_sensitive
GS-003170,199,4,3,2947.67,2,2,4,5,225,245,loyal
GS-003171,10,27,2,2098.0,4,4,4,4,444,444,standard
GS-003172,26,54,4,5272.02,3,5,5,5,355,355,loyal
GS-003173,16,52,4,1744.24,4,5,5,4,454,454,standard
GS-003174,22,14,1,581.67,3,3,3,2,332,332,loyal
GS-003175,1182,12,0,931.67,1,3,2,2,132,122,price_sensitive
GS-003176,23,10,0,436.79,3,2,2,1,321,321,standard
GS-003177,184,3,2,1554.58,2,1,4,3,213,243,standard
GS-003178,1637,12,0,337.95,1,3,2,1,131,121,price_sensitive
GS-003179,27,47,3,2656.07,3,5,4,4,354,344,standard
GS-003180,18,35,2,2234.83,4,4,4,4,444,444,loyal
GS-003181,1029,12,0,478.19,1,3,2,1,131,121,standard
GS-003182,18,29,2,1441.98,4,4,4,3,443,443,standard
GS-003183,351,48,3,1295.55,2,5,4,3,253,243,price_sensitive
GS-003184,7,45,3,3299.42,5,5,4,5,555,545,loyal
GS-003185,1139,2,1,1346.55,1,1,3,3,113,133,standard
GS-003186,708,12,0,1148.55,1,3,2,3,133,123,standard
GS-003187,21,32,2,2424.98,3,4,4,4,344,344,standard
GS-003188,54,2,1,815.12,3,1,3,2,312,332,standard
GS-003189,31,36,2,988.52,3,4,4,3,343,343,price_sensitive
GS-003190,169,3,2,1206.49,2,1,4,3,213,243,standard
GS-003191,14,3,0,158.0,4,1,2,1,411,421,standard
GS-003192,111,3,2,1442.62,2,1,4,3,213,243,standard
GS-003193,14,12,0,1319.57,4,3,2,3,433,423,standard
GS-003194,63,1,0,1041.61,3,1,2,3,313,323,loyal
GS-003195,307,3,2,1104.1,2,1,4,3,213,243,standard
GS-003196,13,3,0,124.22,4,1,2,1,411,421,standard
GS-003197,21,17,1,1509.58,3,3,3,3,333,333,loyal
GS-003198,23,65,5,6186.98,3,5,5,5,355,355,loyal
GS-003199,5,5,0,374.44,5,2,2,1,521,521,standard
GS-003200,23,34,2,2131.81,3,4,4,4,344,344,standard
GS-003201,125,4,3,5380.15,2,2,4,5,225,245,loyal
GS-003202,1,30,2,1507.81,5,4,4,3,543,543,standard
GS-003203,1,4,0,157.69,5,2,2,1,521,521,standard
GS-003204,5,37,3,1484.19,5,4,4,3,543,543,standard
GS-003205,168,6,5,5231.55,2,2,5,5,225,255,loyal
GS-003206,13,24,1,1497.43,4,4,3,3,443,433,loyal
GS-003207,4,6,0,336.31,5,2,2,1,521,521,price_sensitive
GS-003208,529,12,0,825.59,1,3,2,2,132,122,price_sensitive
GS-003209,20,23,1,1970.2,3,3,3,4,334,334,loyal
GS-003210,91,1,0,739.24,2,1,2,2,212,222,standard
GS-003211,19,15,1,1722.04,4,3,3,4,434,434,loyal
GS-003212,347,48,3,1857.21,2,5,4,4,254,244,price_sensitive
GS-003213,230,4,3,908.76,2,2,4,2,222,242,price_sensitive
GS-003214,1223,12,0,828.18,1,3,2,2,132,122,standard
GS-003215,18,33,2,1912.41,4,4,4,4,444,444,standard
GS-003216,15,46,3,2828.3,4,5,4,4,454,444,standard
GS-003217,1,18,1,1148.22,5,3,3,3,533,533,loyal
GS-003218,1,20,1,1559.32,5,3,3,3,533,533,price_sensitive
GS-003219,31,5,4,8556.53,3,2,5,5,325,355,loyal
GS-003220,12,8,0,548.83,4,2,2,2,422,422,standard
GS-003221,1,4,0,299.84,5,2,2,1,521,521,loyal
GS-003222,27,46,3,1636.61,3,5,4,3,353,343,price_sensitive
GS-003223,14,10,0,542.74,4,2,2,2,422,422,loyal
GS-003224,624,4,3,2904.66,1,2,4,5,125,145,price_sensitive
GS-003225,28,36,2,1722.88,3,4,4,4,344,344,standard
GS-003226,5,14,1,710.58,5,3,3,2,532,532,loyal
GS-003227,14,46,3,2839.0,4,5,4,4,454,444,standard
GS-003228,576,12,0,649.39,1,3,2,2,132,122,standard
GS-003229,338,12,0,597.2,2,3,2,2,232,222,price_sensitive
GS-003230,336,5,4,1939.23,2,2,5,4,224,254,standard
GS-003231,178,5,4,3552.71,2,2,5,5,225,255,standard
GS-003232,15,59,4,3646.6,4,5,5,5,455,455,standard
GS-003233,24,7,0,397.9,3,2,2,1,321,321,standard
GS-003234,23,2,1,1025.19,3,1,3,3,313,333,standard
GS-003235,23,18,1,1194.16,3,3,3,3,333,333,standard
GS-003236,1282,12,0,304.83,1,3,2,1,131,121,price_sensitive
GS-003237,4,3,0,188.22,5,1,2,1,511,521,loyal
GS-003238,5,45,3,3286.38,5,5,4,5,555,545,standard
GS-003239,18,35,2,1376.59,4,4,4,3,443,443,standard
GS-003240,27,45,3,1973.25,3,5,4,4,354,344,standard
GS-003241,26,34,2,2504.34,3,4,4,4,344,344,loyal
GS-003242,19,33,2,1171.22,4,4,4,3,443,443,loyal
GS-003243,146,48,3,2276.22,2,5,4,4,254,244,price_sensitive
GS-003244,354,1,0,668.69,2,1,2,2,212,222,price_sensitive
GS-003245,207,12,0,507.17,2,3,2,1,231,221,price_sensitive
GS-003246,135,48,3,1725.96,2,5,4,4,254,244,price_sensitive
GS-003247,724,12,0,559.86,1,3,2,2,132,122,standard
GS-003248,1080,12,0,734.74,1,3,2,2,132,122,loyal
GS-003249,1,3,0,217.3,5,1,2,1,511,521,loyal
GS-003250,469,12,0,290.31,1,3,2,1,131,121,price_sensitive
GS-003251,272,5,4,1882.74,2,2,5,4,224,254,standard
GS-003252,14,45,3,2265.11,4,5,4,4,454,444,standard
GS-003253,34,6,5,10301.53,3,2,5,5,325,355,loyal
GS-003254,73,6,5,3998.93,3,2,5,5,325,355,standard
GS-003255,9,28,2,2726.89,5,4,4,4,544,544,loyal
GS-003256,22,2,0,123.54,3,1,2,1,311,321,loyal
GS-003257,25,54,4,3040.88,3,5,5,5,355,355,standard
GS-003258,22,49,4,1492.92,3,5,5,3,353,353,standard
GS-003259,154,12,0,361.7,2,3,2,1,231,221,price_sensitive
GS-003260,1,29,2,1272.69,5,4,4,3,543,543,loyal
GS-003261,400,24,1,1187.5,2,4,3,3,243,233,standard
GS-003262,8,3,2,972.18,5,1,4,2,512,542,standard
GS-003263,596,4,3,1232.18,1,2,4,3,123,143,price_sensitive
GS-003264,616,4,3,1204.52,1,2,4,3,123,143,price_sensitive
GS-003265,1,14,1,823.64,5,3,3,2,532,532,standard
GS-003266,68,3,2,3316.63,3,1,4,5,315,345,standard
GS-003267,215,4,3,3212.57,2,2,4,5,225,245,standard
GS-003268,43,24,1,898.48,3,4,3,2,342,332,price_sensitive
GS-003269,21,10,0,277.32,3,2,2,1,321,321,price_sensitive
GS-003270,83,5,4,5651.07,2,2,5,5,225,255,loyal
GS-003271,20,5,4,4326.78,3,2,5,5,325,355,standard
GS-003272,1556,12,0,712.91,1,3,2,2,132,122,standard
GS-003273,8,48,3,2674.58,5,5,4,4,554,544,loyal
GS-003274,10,48,3,4139.03,4,5,4,5,455,445,loyal
GS-003275,1158,12,0,455.23,1,3,2,1,131,121,standard
GS-003276,17,31,2,1704.56,4,4,4,4,444,444,standard
GS-003277,23,26,2,3853.53,3,4,4,5,345,345,loyal
GS-003278,26,53,4,5910.61,3,5,5,5,355,355,loyal
GS-003279,188,1,0,455.6,2,1,2,1,211,221,standard
GS-003280,17,16,1,1195.51,4,3,3,3,433,433,loyal
GS-003281,162,2,1,1279.22,2,1,3,3,213,233,loyal
GS-003282,13,16,1,967.0,4,3,3,2,432,432,standard
GS-003283,65,4,3,2927.43,3,2,4,5,325,345,loyal
GS-003284,19,10,0,819.74,4,2,2,2,422,422,loyal
GS-003285,20,60,4,2367.65,3,5,5,4,354,354,standard
GS-003286,160,1,0,1177.64,2,1,2,3,213,223,loyal
GS-003287,1495,12,0,330.95,1,3,2,1,131,121,price_sensitive
GS-003288,18,7,0,224.69,4,2,2,1,421,421,price_sensitive
GS-003289,1,18,1,1601.8,5,3,3,3,533,533,loyal
GS-003290,2,35,2,6324.63,5,4,4,5,545,545,loyal
GS-003291,399,12,0,1023.55,2,3,2,3,233,223,standard
GS-003292,565,36,2,1888.41,1,4,4,4,144,144,loyal
GS-003293,7,54,4,3532.06,5,5,5,5,555,555,loyal
GS-003294,27,62,5,3174.14,3,5,5,5,355,355,loyal
GS-003295,1164,1,0,526.4,1,1,2,2,112,122,price_sensitive
GS-003296,359,12,0,559.04,2,3,2,2,232,222,price_sensitive
GS-003297,1602,2,1,1383.48,1,1,3,3,113,133,standard
GS-003298,27,34,2,1175.65,3,4,4,3,343,343,standard
GS-003299,206,5,4,9865.42,2,2,5,5,225,255,loyal
GS-003300,1,2,0,148.5,5,1,2,1,511,521,price_sensitive
GS-003301,17,2,1,813.65,4,1,3,2,412,432,standard
GS-003302,10,41,3,4903.77,4,5,4,5,455,445,loyal
GS-003303,1830,1,0,431.0,1,1,2,1,111,121,price_sensitive
GS-003304,580,36,2,1441.83,1,4,4,3,143,143,price_sensitive
GS-003305,28,15,1,1394.01,3,3,3,3,333,333,loyal
GS-003306,11,54,4,4240.82,4,5,5,5,455,455,standard
GS-003307,123,24,1,726.45,2,4,3,2,242,232,price_sensitive
GS-003308,829,12,0,1079.15,1,3,2,3,133,123,standard
GS-003309,9,9,0,413.14,5,2,2,1,521,521,standard
GS-003310,5,28,2,2505.87,5,4,4,4,544,544,loyal
GS-003311,18,50,4,4857.23,4,5,5,5,455,455,loyal
GS-003312,12,5,0,526.58,4,2,2,2,422,422,loyal
GS-003313,22,10,0,1257.33,3,2,2,3,323,323,loyal
GS-003314,4,20,1,552.68,5,3,3,2,532,532,price_sensitive
GS-003315,23,50,4,2728.03,3,5,5,4,354,354,loyal
GS-003316,13,44,3,1872.01,4,5,4,4,454,444,price_sensitive
GS-003317,405,12,0,523.94,1,3,2,2,132,122,price_sensitive
GS-003318,4,60,4,3855.44,5,5,5,5,555,555,standard
GS-003319,1,14,1,1076.53,5,3,3,3,533,533,loyal
GS-003320,1312,12,0,635.56,1,3,2,2,132,122,price_sensitive
GS-003321,23,20,1,2427.01,3,3,3,4,334,334,loyal
GS-003322,1,18,1,1324.57,5,3,3,3,533,533,loyal
GS-003323,653,36,2,1325.65,1,4,4,3,143,143,price_sensitive
GS-003324,55,4,3,2333.79,3,2,4,4,324,344,price_sensitive
GS-003325,62,5,4,3457.92,3,2,5,5,325,355,standard
GS-003326,26,53,4,2055.74,3,5,5,4,354,354,standard
GS-003327,22,13,1,880.51,3,3,3,2,332,332,standard
GS-003328,1,22,1,1335.03,5,3,3,3,533,533,standard
GS-003329,169,1,0,361.18,2,1,2,1,211,221,price_sensitive
GS-003330,625,24,1,1183.0,1,4,3,3,143,133,standard
GS-003331,6,15,1,1141.81,5,3,3,3,533,533,loyal
GS-003332,22,18,1,1802.81,3,3,3,4,334,334,loyal
GS-003333,1550,12,0,432.56,1,3,2,1,131,121,price_sensitive
GS-003334,7,59,4,1722.61,5,5,5,4,554,554,standard
GS-003335,41,2,1,2392.63,3,1,3,4,314,334,loyal
GS-003336,9,12,0,792.1,5,3,2,2,532,522,loyal
GS-003337,20,32,2,1807.72,3,4,4,4,344,344,standard
GS-003338,22,29,2,1603.4,3,4,4,3,343,343,standard
GS-003339,21,32,2,2373.73,3,4,4,4,344,344,loyal
GS-003340,1021,12,0,453.93,1,3,2,1,131,121,price_sensitive
GS-003341,20,4,0,195.75,3,2,2,1,321,321,standard
GS-003342,18,28,2,2453.82,4,4,4,4,444,444,loyal
GS-003343,4,29,2,1783.16,5,4,4,4,544,544,loyal
GS-003344,3,52,4,4806.21,5,5,5,5,555,555,standard
GS-003345,1228,12,0,604.52,1,3,2,2,132,122,loyal
GS-003346,649,1,0,335.75,1,1,2,1,111,121,price_sensitive
GS-003347,22,36,2,3908.87,3,4,4,5,345,345,standard
GS-003348,12,12,0,603.71,4,3,2,2,432,422,price_sensitive
GS-003349,297,1,0,818.92,2,1,2,2,212,222,loyal
GS-003350,322,5,4,2881.48,2,2,5,5,225,255,standard
GS-003351,1174,12,0,336.51,1,3,2,1,131,121,price_sensitive
GS-003352,20,25,2,998.99,3,4,4,3,343,343,loyal
GS-003353,1,62,5,4679.8,5,5,5,5,555,555,standard
GS-003354,28,4,0,207.12,3,2,2,1,321,321,standard
GS-003355,9,58,4,5562.49,5,5,5,5,555,555,standard
GS-003356,10,53,4,4624.65,4,5,5,5,455,455,loyal
GS-003357,21,13,1,1063.55,3,3,3,3,333,333,standard
GS-003358,2,41,3,6482.56,5,5,4,5,555,545,loyal
GS-003359,345,2,1,941.21,2,1,3,2,212,232,standard
GS-003360,21,26,2,2082.66,3,4,4,4,344,344,standard
GS-003361,580,4,3,1188.85,1,2,4,3,123,143,price_sensitive
GS-003362,233,24,1,1489.61,2,4,3,3,243,233,standard
GS-003363,12,51,4,3067.08,4,5,5,5,455,455,standard
GS-003364,234,1,0,962.1,2,1,2,2,212,222,loyal
GS-003365,199,3,2,2979.37,2,1,4,5,215,245,standard
GS-003366,20,11,0,1208.15,3,2,2,3,323,323,loyal
GS-003367,1,55,4,6173.09,5,5,5,5,555,555,loyal
GS-003368,21,62,5,3215.32,3,5,5,5,355,355,standard
GS-003369,5,19,1,884.67,5,3,3,2,532,532,loyal
GS-003370,19,38,3,1988.97,4,4,4,4,444,444,standard
GS-003371,1,41,3,1484.51,5,5,4,3,553,543,price_sensitive
GS-003372,410,1,0,273.4,1,1,2,1,111,121,price_sensitive
GS-003373,8,23,1,861.8,5,3,3,2,532,532,price_sensitive
GS-003374,24,4,0,267.12,3,2,2,1,321,321,loyal
GS-003375,1562,1,0,320.9,1,1,2,1,111,121,price_sensitive
GS-003376,5,36,2,2145.62,5,4,4,4,544,544,standard
GS-003377,31,12,0,562.11,3,3,2,2,332,322,standard
GS-003378,7,3,0,222.68,5,1,2,1,511,521,price_sensitive
GS-003379,8,30,2,1658.44,5,4,4,3,543,543,standard
GS-003380,7,46,3,2572.8,5,5,4,4,554,544,loyal
GS-003381,127,12,0,249.67,2,3,2,1,231,221,price_sensitive
GS-003382,267,1,0,919.93,2,1,2,2,212,222,standard
GS-003383,21,3,0,168.31,3,1,2,1,311,321,standard
GS-003384,1488,12,0,759.5,1,3,2,2,132,122,price_sensitive
GS-003385,1212,2,1,1646.81,1,1,3,3,113,133,price_sensitive
GS-003386,148,4,3,1488.39,2,2,4,3,223,243,standard
GS-003387,6,12,0,573.76,5,3,2,2,532,522,standard
GS-003388,18,47,3,5806.34,4,5,4,5,455,445,loyal
GS-003389,9,4,3,2558.98,5,2,4,4,524,544,loyal
GS-003390,400,48,3,3640.66,2,5,4,5,255,245,standard
GS-003391,505,24,1,2425.05,1,4,3,4,144,134,price_sensitive
GS-003392,15,2,0,63.73,4,1,2,1,411,421,price_sensitive
GS-003393,26,13,1,424.65,3,3,3,1,331,331,price_sensitive
GS-003394,16,8,0,465.79,4,2,2,1,421,421,standard
GS-003395,1376,12,0,810.27,1,3,2,2,132,122,standard
GS-003396,14,7,0,535.77,4,2,2,2,422,422,loyal
GS-003397,806,12,0,1035.69,1,3,2,3,133,123,loyal
GS-003398,530,3,2,1247.26,1,1,4,3,113,143,standard
GS-003399,252,1,0,772.51,2,1,2,2,212,222,standard
GS-003400,748,1,0,317.99,1,1,2,1,111,121,price_sensitive
GS-003401,234,12,0,481.89,2,3,2,1,231,221,price_sensitive
GS-003402,24,52,4,2713.33,3,5,5,4,354,354,standard
GS-003403,27,9,0,470.39,3,2,2,1,321,321,standard
GS-003404,1,9,0,560.37,5,2,2,2,522,522,standard
GS-003405,19,27,2,1554.53,4,4,4,3,443,443,standard
GS-003406,238,12,0,941.57,2,3,2,2,232,222,standard
GS-003407,1051,1,0,748.41,1,1,2,2,112,122,standard
GS-003408,88,2,1,956.8,2,1,3,2,212,232,standard
GS-003409,255,3,2,2447.95,2,1,4,4,214,244,loyal
GS-003410,2,21,1,1016.78,5,3,3,3,533,533,standard
GS-003411,8,65,5,3617.68,5,5,5,5,555,555,standard
GS-003412,5,49,4,2733.23,5,5,5,4,554,554,standard
GS-003413,20,49,4,2605.73,3,5,5,4,354,354,standard
GS-003414,193,4,3,3527.41,2,2,4,5,225,245,standard
GS-003415,21,48,3,2718.13,3,5,4,4,354,344,loyal
GS-003416,1631,1,0,576.81,1,1,2,2,112,122,price_sensitive
GS-003417,8,55,4,7995.68,5,5,5,5,555,555,loyal
GS-003418,24,47,3,1981.56,3,5,4,4,354,344,standard
GS-003419,317,2,1,875.05,2,1,3,2,212,232,loyal
GS-003420,13,62,5,3652.02,4,5,5,5,455,455,loyal
GS-003421,228,12,0,605.24,2,3,2,2,232,222,standard
GS-003422,11,47,3,1434.85,4,5,4,3,453,443,standard
GS-003423,27,41,3,1748.19,3,5,4,4,354,344,standard
GS-003424,330,1,0,472.17,2,1,2,1,211,221,standard
GS-003425,18,6,0,179.71,4,2,2,1,421,421,price_sensitive
GS-003426,6,43,3,3370.08,5,5,4,5,555,545,standard
GS-003427,18,44,3,2331.65,4,5,4,4,454,444,standard
GS-003428,956,12,0,643.29,1,3,2,2,132,122,standard
GS-003429,330,1,0,411.63,2,1,2,1,211,221,standard
GS-003430,381,36,2,1739.12,2,4,4,4,244,244,standard
GS-003431,435,12,0,764.89,1,3,2,2,132,122,loyal
GS-003432,25,2,0,95.87,3,1,2,1,311,321,price_sensitive
GS-003433,329,4,3,2594.73,2,2,4,4,224,244,standard
GS-003434,16,26,2,939.28,4,4,4,2,442,442,standard
GS-003435,19,37,3,1417.14,4,4,4,3,443,443,price_sensitive
GS-003436,24,23,1,954.66,3,3,3,2,332,332,loyal
GS-003437,23,35,2,2090.89,3,4,4,4,344,344,loyal
GS-003438,1952,1,0,1259.62,1,1,2,3,113,123,loyal
GS-003439,124,1,0,1652.9,2,1,2,3,213,223,standard
GS-003440,345,36,2,3046.21,2,4,4,5,245,245,loyal
GS-003441,13,46,3,3463.76,4,5,4,5,455,445,standard
GS-003442,27,55,4,5570.56,3,5,5,5,355,355,loyal
GS-003443,766,12,0,782.9,1,3,2,2,132,122,loyal
GS-003444,84,2,1,4609.69,2,1,3,5,215,235,standard
GS-003445,1414,2,1,2529.72,1,1,3,4,114,134,standard
GS-003446,11,5,4,3733.89,4,2,5,5,425,455,standard
GS-003447,484,36,2,726.32,1,4,4,2,142,142,price_sensitive
GS-003448,11,62,5,3028.03,4,5,5,5,455,455,standard
GS-003449,343,5,4,4583.64,2,2,5,5,225,255,loyal
GS-003450,626,36,2,3176.16,1,4,4,5,145,145,standard
GS-003451,28,19,1,551.17,3,3,3,2,332,332,standard
GS-003452,338,2,1,1646.24,2,1,3,3,213,233,standard
GS-003453,19,61,5,5415.6,4,5,5,5,455,455,loyal
GS-003454,1,45,3,2849.99,5,5,4,4,554,544,standard
GS-003455,22,54,4,3834.27,3,5,5,5,355,355,standard
GS-003456,3,7,0,405.14,5,2,2,1,521,521,standard
GS-003457,27,6,0,426.49,3,2,2,1,321,321,loyal
GS-003458,13,64,5,6296.13,4,5,5,5,455,455,standard
GS-003459,12,8,0,398.67,4,2,2,1,421,421,standard
GS-003460,382,4,3,1377.93,2,2,4,3,223,243,price_sensitive
GS-003461,107,1,0,840.91,2,1,2,2,212,222,loyal
GS-003462,1,46,3,1629.62,5,5,4,3,553,543,standard
GS-003463,26,44,3,3291.34,3,5,4,5,355,345,loyal
GS-003464,1354,12,0,743.98,1,3,2,2,132,122,standard
GS-003465,4,29,2,1923.18,5,4,4,4,544,544,standard
GS-003466,4,32,2,606.66,5,4,4,2,542,542,price_sensitive
GS-003467,27,43,3,2903.53,3,5,4,5,355,345,standard
GS-003468,1042,2,1,858.46,1,1,3,2,112,132,price_sensitive
GS-003469,9,20,1,1321.16,5,3,3,3,533,533,loyal
GS-003470,24,12,0,513.45,3,3,2,1,331,321,standard
GS-003471,20,23,1,1982.52,3,3,3,4,334,334,loyal
GS-003472,20,17,1,1832.5,3,3,3,4,334,334,standard
GS-003473,58,4,3,1697.44,3,2,4,4,324,344,standard
GS-003474,27,45,3,933.78,3,5,4,2,352,342,standard
GS-003475,20,49,4,2297.15,3,5,5,4,354,354,loyal
GS-003476,1,23,1,1101.98,5,3,3,3,533,533,price_sensitive
GS-003477,19,50,4,1552.03,4,5,5,3,453,453,standard
GS-003478,8,24,1,795.17,5,4,3,2,542,532,standard
GS-003479,149,3,2,1681.61,2,1,4,3,213,243,standard
GS-003480,20,49,4,2252.07,3,5,5,4,354,354,standard
GS-003481,28,36,2,1780.42,3,4,4,4,344,344,standard
GS-003482,8,12,0,1471.37,5,3,2,3,533,523,loyal
GS-003483,39,1,0,757.93,3,1,2,2,312,322,price_sensitive
GS-003484,15,62,5,2947.54,4,5,5,5,455,455,standard
GS-003485,13,25,2,2150.25,4,4,4,4,444,444,loyal
GS-003486,924,36,2,2081.79,1,4,4,4,144,144,standard
GS-003487,2,57,4,2233.26,5,5,5,4,554,554,standard
GS-003488,18,54,4,2373.09,4,5,5,4,454,454,loyal
GS-003489,39,12,0,331.15,3,3,2,1,331,321,standard
GS-003490,215,5,4,4159.42,2,2,5,5,225,255,standard
GS-003491,13,32,2,895.63,4,4,4,2,442,442,price_sensitive
GS-003492,4,34,2,3460.48,5,4,4,5,545,545,loyal
GS-003493,219,1,0,375.88,2,1,2,1,211,221,standard
GS-003494,281,12,0,749.85,2,3,2,2,232,222,standard
GS-003495,17,64,5,3032.18,4,5,5,5,455,455,standard
GS-003496,6,19,1,1500.26,5,3,3,3,533,533,standard
GS-003497,2,57,4,3347.42,5,5,5,5,555,555,loyal
GS-003498,17,38,3,1021.21,4,4,4,3,443,443,standard
GS-003499,1299,24,1,2097.25,1,4,3,4,144,134,standard
GS-003500,18,12,0,608.3,4,3,2,2,432,422,price_sensitive
GS-003501,23,40,3,2229.65,3,4,4,4,344,344,standard
GS-003502,8,52,4,5740.32,5,5,5,5,555,555,loyal
GS-003503,1253,1,0,450.93,1,1,2,1,111,121,standard
GS-003504,18,13,1,1158.39,4,3,3,3,433,433,loyal
GS-003505,4,46,3,2237.88,5,5,4,4,554,544,loyal
GS-003506,793,12,0,349.6,1,3,2,1,131,121,price_sensitive
GS-003507,7,7,0,432.0,5,2,2,1,521,521,loyal
GS-003508,19,38,3,2783.77,4,4,4,4,444,444,loyal
GS-003509,22,5,4,2688.22,3,2,5,4,324,354,standard
GS-003510,163,3,2,3060.86,2,1,4,5,215,245,loyal
GS-003511,19,10,0,637.91,4,2,2,2,422,422,loyal
GS-003512,143,1,0,657.16,2,1,2,2,212,222,standard
GS-003513,1,64,5,4023.73,5,5,5,5,555,555,loyal
GS-003514,567,48,3,3555.8,1,5,4,5,155,145,standard
GS-003515,343,12,0,618.36,2,3,2,2,232,222,price_sensitive
GS-003516,220,4,3,3728.59,2,2,4,5,225,245,standard
GS-003517,13,44,3,4048.1,4,5,4,5,455,445,loyal
GS-003518,5,5,0,286.02,5,2,2,1,521,521,standard
GS-003519,21,35,2,3736.71,3,4,4,5,345,345,standard
GS-003520,6,49,4,4290.25,5,5,5,5,555,555,loyal
GS-003521,923,12,0,527.26,1,3,2,2,132,122,price_sensitive
GS-003522,357,2,1,1710.98,2,1,3,4,214,234,standard
GS-003523,11,14,1,1080.15,4,3,3,3,433,433,standard
GS-003524,9,48,3,2555.5,5,5,4,4,554,544,standard
GS-003525,24,34,2,882.56,3,4,4,2,342,342,price_sensitive
GS-003526,11,15,1,894.72,4,3,3,2,432,432,standard
GS-003527,1,5,0,168.19,5,2,2,1,521,521,price_sensitive
GS-003528,24,29,2,2460.88,3,4,4,4,344,344,loyal
GS-003529,15,15,1,639.87,4,3,3,2,432,432,price_sensitive
GS-003530,1902,1,0,803.24,1,1,2,2,112,122,loyal
GS-003531,8,47,3,2864.83,5,5,4,4,554,544,loyal
GS-003532,18,7,0,484.51,4,2,2,1,421,421,standard
GS-003533,897,1,0,852.31,1,1,2,2,112,122,standard
GS-003534,361,2,1,934.76,2,1,3,2,212,232,loyal
GS-003535,982,3,2,1818.81,1,1,4,4,114,144,price_sensitive
GS-003536,886,1,0,377.33,1,1,2,1,111,121,price_sensitive
GS-003537,22,22,1,1324.91,3,3,3,3,333,333,standard
GS-003538,1318,2,1,687.56,1,1,3,2,112,132,price_sensitive
GS-003539,16,21,1,1943.58,4,3,3,4,434,434,loyal
GS-003540,21,45,3,2085.51,3,5,4,4,354,344,standard
GS-003541,15,24,1,1104.43,4,4,3,3,443,433,standard
GS-003542,6,13,1,449.08,5,3,3,1,531,531,standard
GS-003543,1321,2,1,1413.91,1,1,3,3,113,133,standard
GS-003544,26,33,2,2140.62,3,4,4,4,344,344,standard
GS-003545,7,20,1,1161.23,5,3,3,3,533,533,standard
GS-003546,1213,12,0,774.89,1,3,2,2,132,122,standard
GS-003547,28,19,1,808.94,3,3,3,2,332,332,loyal
GS-003548,279,2,1,1270.23,2,1,3,3,213,233,loyal
GS-003549,1,55,4,3239.72,5,5,5,5,555,555,standard
GS-003550,25,8,0,552.0,3,2,2,2,322,322,standard
GS-003551,9,63,5,6449.4,5,5,5,5,555,555,loyal
GS-003552,21,34,2,3392.35,3,4,4,5,345,345,standard
GS-003553,7,6,0,347.99,5,2,2,1,521,521,loyal
GS-003554,3,62,5,4261.44,5,5,5,5,555,555,loyal
GS-003555,178,6,5,10137.91,2,2,5,5,225,255,loyal
GS-003556,7,66,5,3645.33,5,5,5,5,555,555,loyal
GS-003557,676,36,2,2507.69,1,4,4,4,144,144,standard
GS-003558,304,1,0,278.6,2,1,2,1,211,221,price_sensitive
GS-003559,202,60,4,5127.31,2,5,5,5,255,255,standard
GS-003560,16,7,0,381.35,4,2,2,1,421,421,price_sensitive
GS-003561,4,60,4,4862.49,5,5,5,5,555,555,loyal
GS-003562,1116,1,0,522.98,1,1,2,1,111,121,price_sensitive
GS-003563,9,32,2,2127.34,5,4,4,4,544,544,standard
GS-003564,191,4,3,3056.62,2,2,4,5,225,245,standard
GS-003565,11,9,0,377.0,4,2,2,1,421,421,standard
GS-003566,242,4,3,2287.65,2,2,4,4,224,244,standard
GS-003567,3,14,1,1322.69,5,3,3,3,533,533,loyal
GS-003568,262,4,3,2304.68,2,2,4,4,224,244,standard
GS-003569,7,32,2,5460.94,5,4,4,5,545,545,loyal
GS-003570,12,16,1,247.8,4,3,3,1,431,431,price_sensitive
GS-003571,21,36,2,847.1,3,4,4,2,342,342,standard
GS-003572,532,12,0,1055.42,1,3,2,3,133,123,standard
GS-003573,10,6,0,191.47,4,2,2,1,421,421,standard
GS-003574,1,57,4,4596.34,5,5,5,5,555,555,standard
GS-003575,7,15,1,1054.37,5,3,3,3,533,533,standard
GS-003576,28,66,5,6114.96,3,5,5,5,355,355,standard
GS-003577,12,29,2,3512.63,4,4,4,5,445,445,loyal
GS-003578,796,12,0,751.27,1,3,2,2,132,122,standard
GS-003579,19,51,4,3843.2,4,5,5,5,455,455,standard
GS-003580,21,52,4,3140.1,3,5,5,5,355,355,standard
GS-003581,1,25,2,1074.23,5,4,4,3,543,543,loyal
GS-003582,1192,12,0,804.78,1,3,2,2,132,122,standard
GS-003583,27,13,1,917.93,3,3,3,2,332,332,loyal
GS-003584,54,1,0,830.63,3,1,2,2,312,322,loyal
GS-003585,265,3,2,1434.91,2,1,4,3,213,243,loyal
GS-003586,3,42,3,4179.85,5,5,4,5,555,545,loyal
GS-003587,2,5,0,254.84,5,2,2,1,521,521,standard
GS-003588,12,49,4,2149.99,4,5,5,4,454,454,standard
GS-003589,12,45,3,2617.76,4,5,4,4,454,444,standard
GS-003590,1611,12,0,483.51,1,3,2,1,131,121,price_sensitive
GS-003591,1,55,4,2376.79,5,5,5,4,554,554,loyal
GS-003592,346,5,4,6649.13,2,2,5,5,225,255,loyal
GS-003593,327,2,1,1368.6,2,1,3,3,213,233,standard
GS-003594,672,12,0,607.85,1,3,2,2,132,122,price_sensitive
GS-003595,28,4,0,273.15,3,2,2,1,321,321,standard
GS-003596,12,25,2,1074.9,4,4,4,3,443,443,loyal
GS-003597,345,24,1,965.47,2,4,3,2,242,232,price_sensitive
GS-003598,735,12,0,822.72,1,3,2,2,132,122,price_sensitive
GS-003599,1,45,3,1413.05,5,5,4,3,553,543,standard
GS-003600,109,1,0,401.75,2,1,2,1,211,221,standard
GS-003601,73,6,5,7094.31,3,2,5,5,325,355,loyal
GS-003602,302,3,2,4151.44,2,1,4,5,215,245,standard
GS-003603,1663,12,0,342.97,1,3,2,1,131,121,price_sensitive
GS-003604,9,9,0,341.36,5,2,2,1,521,521,standard
GS-003605,687,24,1,1033.16,1,4,3,3,143,133,price_sensitive
GS-003606,196,2,1,1444.72,2,1,3,3,213,233,price_sensitive
GS-003607,9,41,3,1651.78,5,5,4,3,553,543,standard
GS-003608,3,60,4,5909.03,5,5,5,5,555,555,loyal
GS-003609,1030,12,0,469.98,1,3,2,1,131,121,price_sensitive
GS-003610,17,43,3,3364.79,4,5,4,5,455,445,loyal
GS-003611,28,14,1,1347.74,3,3,3,3,333,333,standard
GS-003612,14,7,0,360.63,4,2,2,1,421,421,loyal
GS-003613,678,36,2,992.58,1,4,4,3,143,143,price_sensitive
GS-003614,220,36,2,1329.86,2,4,4,3,243,243,standard
GS-003615,318,1,0,601.33,2,1,2,2,212,222,price_sensitive
GS-003616,1,60,4,2647.31,5,5,5,4,554,554,standard
GS-003617,842,36,2,1357.78,1,4,4,3,143,143,standard
GS-003618,20,59,4,6313.36,3,5,5,5,355,355,loyal
GS-003619,19,58,4,3949.88,4,5,5,5,455,455,standard
GS-003620,513,4,3,2058.42,1,2,4,4,124,144,price_sensitive
GS-003621,9,2,0,83.21,5,1,2,1,511,521,standard
GS-003622,612,1,0,620.29,1,1,2,2,112,122,price_sensitive
GS-003623,19,4,3,2782.44,4,2,4,4,424,444,loyal
GS-003624,11,40,3,2421.85,4,4,4,4,444,444,loyal
GS-003625,435,12,0,606.58,1,3,2,2,132,122,standard
GS-003626,62,12,0,1058.75,3,3,2,3,333,323,standard
GS-003627,384,12,0,973.54,2,3,2,2,232,222,price_sensitive
GS-003628,12,8,0,649.87,4,2,2,2,422,422,standard
GS-003629,19,53,4,5428.16,4,5,5,5,455,455,loyal
GS-003630,623,2,1,875.77,1,1,3,2,112,132,price_sensitive
GS-003631,617,36,2,1849.89,1,4,4,4,144,144,standard
GS-003632,7,5,4,5676.87,5,2,5,5,525,555,loyal
GS-003633,12,38,3,5160.2,4,4,4,5,445,445,loyal
GS-003634,935,1,0,301.65,1,1,2,1,111,121,standard
GS-003635,19,2,0,175.09,4,1,2,1,411,421,loyal
GS-003636,1513,12,0,389.14,1,3,2,1,131,121,standard
GS-003637,734,24,1,338.72,1,4,3,1,141,131,price_sensitive
GS-003638,18,42,3,3219.66,4,5,4,5,455,445,standard
GS-003639,12,3,0,232.03,4,1,2,1,411,421,standard
GS-003640,16,32,2,1904.47,4,4,4,4,444,444,loyal
GS-003641,1,51,4,1983.4,5,5,5,4,554,554,standard
GS-003642,118,1,0,978.12,2,1,2,2,212,222,standard
GS-003643,3,66,5,2768.08,5,5,5,4,554,554,standard
GS-003644,540,3,2,2439.2,1,1,4,4,114,144,standard
GS-003645,1,33,2,3118.58,5,4,4,5,545,545,loyal
GS-003646,16,24,1,2168.61,4,4,3,4,444,434,standard
GS-003647,1236,12,0,499.21,1,3,2,1,131,121,price_sensitive
GS-003648,310,48,3,977.34,2,5,4,2,252,242,price_sensitive
GS-003649,23,53,4,2773.72,3,5,5,4,354,354,standard
GS-003650,17,3,0,182.43,4,1,2,1,411,421,price_sensitive
GS-003651,138,12,0,572.74,2,3,2,2,232,222,standard
GS-003652,136,60,4,2726.55,2,5,5,4,254,254,standard
GS-003653,367,1,0,334.61,2,1,2,1,211,221,price_sensitive
GS-003654,308,3,2,3327.96,2,1,4,5,215,245,loyal
GS-003655,28,3,0,321.72,3,1,2,1,311,321,loyal
GS-003656,15,45,3,3282.29,4,5,4,5,455,445,standard
GS-003657,5,48,3,3568.33,5,5,4,5,555,545,loyal
GS-003658,20,7,0,215.18,3,2,2,1,321,321,price_sensitive
GS-003659,28,9,0,277.25,3,2,2,1,321,321,price_sensitive
GS-003660,13,22,1,2413.67,4,3,3,4,434,434,standard
GS-003661,912,3,2,957.3,1,1,4,2,112,142,price_sensitive
GS-003662,1655,1,0,268.18,1,1,2,1,111,121,price_sensitive
GS-003663,18,7,0,520.64,4,2,2,1,421,421,loyal
GS-003664,676,12,0,327.13,1,3,2,1,131,121,price_sensitive
GS-003665,31,2,1,2019.86,3,1,3,4,314,334,loyal
GS-003666,15,66,5,6398.05,4,5,5,5,455,455,loyal
GS-003667,343,24,1,803.92,2,4,3,2,242,232,price_sensitive
GS-003668,132,1,0,468.76,2,1,2,1,211,221,price_sensitive
GS-003669,1,15,1,1588.36,5,3,3,3,533,533,standard
GS-003670,1458,12,0,697.22,1,3,2,2,132,122,price_sensitive
GS-003671,15,41,3,1435.86,4,5,4,3,453,443,price_sensitive
GS-003672,28,13,1,1121.58,3,3,3,3,333,333,standard
GS-003673,1,35,2,2519.15,5,4,4,4,544,544,standard
GS-003674,1174,1,0,409.88,1,1,2,1,111,121,price_sensitive
GS-003675,3,5,0,643.84,5,2,2,2,522,522,loyal
GS-003676,20,21,1,1126.71,3,3,3,3,333,333,loyal
GS-003677,207,1,0,939.32,2,1,2,2,212,222,loyal
GS-003678,1545,12,0,396.88,1,3,2,1,131,121,price_sensitive
GS-003679,443,12,0,592.53,1,3,2,2,132,122,standard
GS-003680,10,38,3,2358.59,4,4,4,4,444,444,standard
GS-003681,295,2,1,2017.09,2,1,3,4,214,234,loyal
GS-003682,25,7,0,331.76,3,2,2,1,321,321,standard
GS-003683,20,3,2,1967.32,3,1,4,4,314,344,standard
GS-003684,8,3,0,125.14,5,1,2,1,511,521,standard
GS-003685,1608,12,0,366.54,1,3,2,1,131,121,price_sensitive
GS-003686,1,38,3,4291.25,5,4,4,5,545,545,loyal
GS-003687,306,4,3,1100.2,2,2,4,3,223,243,standard
GS-003688,13,7,0,489.02,4,2,2,1,421,421,loyal
GS-003689,310,2,1,896.6,2,1,3,2,212,232,standard
GS-003690,361,3,2,2550.1,2,1,4,4,214,244,standard
GS-003691,5,5,4,4941.76,5,2,5,5,525,555,standard
GS-003692,11,19,1,2077.42,4,3,3,4,434,434,loyal
GS-003693,4,51,4,1830.62,5,5,5,4,554,554,standard
GS-003694,18,19,1,1524.16,4,3,3,3,433,433,standard
GS-003695,22,57,4,2289.3,3,5,5,4,354,354,standard
GS-003696,1244,12,0,593.25,1,3,2,2,132,122,price_sensitive
GS-003697,16,47,3,2046.68,4,5,4,4,454,444,standard
GS-003698,10,4,0,116.46,4,2,2,1,421,421,price_sensitive
GS-003699,24,12,0,416.53,3,3,2,1,331,321,price_sensitive
GS-003700,1029,12,0,1192.61,1,3,2,3,133,123,standard
GS-003701,199,4,3,3678.84,2,2,4,5,225,245,loyal
GS-003702,22,4,0,225.54,3,2,2,1,321,321,standard
GS-003703,25,48,3,6859.48,3,5,4,5,355,345,loyal
GS-003704,16,44,3,2449.65,4,5,4,4,454,444,standard
GS-003705,6,18,1,2871.13,5,3,3,5,535,535,loyal
GS-003706,1,54,4,3605.29,5,5,5,5,555,555,standard
GS-003707,27,11,0,584.84,3,2,2,2,322,322,standard
GS-003708,27,31,2,1452.17,3,4,4,3,343,343,standard
GS-003709,204,48,3,6027.36,2,5,4,5,255,245,loyal
GS-003710,712,12,0,1003.21,1,3,2,3,133,123,standard
GS-003711,988,12,0,355.34,1,3,2,1,131,121,price_sensitive
GS-003712,145,5,4,3782.35,2,2,5,5,225,255,standard
GS-003713,16,16,1,1194.9,4,3,3,3,433,433,standard
GS-003714,4,11,0,900.38,5,2,2,2,522,522,loyal
GS-003715,171,24,1,1667.4,2,4,3,3,243,233,standard
GS-003716,18,41,3,7342.65,4,5,4,5,455,445,loyal
GS-003717,14,11,0,488.36,4,2,2,1,421,421,standard
GS-003718,215,3,2,2395.44,2,1,4,4,214,244,loyal
GS-003719,15,16,1,505.58,4,3,3,1,431,431,price_sensitive
GS-003720,6,24,1,1765.9,5,4,3,4,544,534,loyal
GS-003721,26,14,1,1287.74,3,3,3,3,333,333,loyal
GS-003722,2,2,0,134.86,5,1,2,1,511,521,standard
GS-003723,291,4,3,2784.84,2,2,4,4,224,244,standard
GS-003724,4,18,1,998.11,5,3,3,3,533,533,price_sensitive
GS-003725,345,4,3,1308.28,2,2,5,3,223,253,price_sensitive
GS-003726,494,2,1,532.66,1,1,3,2,112,132,price_sensitive
GS-003727,19,40,3,3363.42,4,4,5,5,445,455,standard
GS-003728,276,48,3,791.89,2,5,5,2,252,252,price_sensitive
GS-003729,7,59,4,3350.77,5,5,5,5,555,555,standard
GS-003730,10,29,2,2363.78,4,4,4,4,444,444,loyal
GS-003731,478,12,0,843.04,1,3,2,2,132,122,standard
GS-003732,127,48,3,2229.81,2,5,5,4,254,254,price_sensitive
GS-003733,2,46,3,4036.04,5,5,5,5,555,555,loyal
GS-003734,1,2,0,130.92,5,1,2,1,511,521,standard
GS-003735,19,20,1,665.19,4,3,3,2,432,432,standard
GS-003736,111,2,1,2468.38,2,1,3,4,214,234,standard
GS-003737,399,24,1,836.42,2,4,3,2,242,232,price_sensitive
GS-003738,1,54,4,4038.81,5,5,5,5,555,555,standard
GS-003739,15,27,2,2546.05,4,4,4,4,444,444,loyal
GS-003740,146,2,1,2069.61,2,1,3,4,214,234,standard
GS-003741,14,37,3,1663.23,4,4,5,3,443,453,price_sensitive
GS-003742,17,49,4,4611.65,4,5,5,5,455,455,standard
GS-003743,24,3,0,133.54,3,1,2,1,311,321,standard
GS-003744,1,55,4,3798.13,5,5,5,5,555,555,loyal
GS-003745,10,7,0,337.17,4,2,2,1,421,421,standard
GS-003746,123,2,1,576.97,2,1,3,2,212,232,price_sensitive
GS-003747,24,55,4,3711.29,3,5,5,5,355,355,loyal
GS-003748,8,13,1,620.03,5,3,3,2,532,532,loyal
GS-003749,1,46,3,1775.16,5,5,5,4,554,554,standard
GS-003750,437,12,0,1207.85,1,3,2,3,133,123,loyal
GS-003751,158,48,3,4001.23,2,5,5,5,255,255,price_sensitive
GS-003752,22,55,4,4566.64,3,5,5,5,355,355,standard
GS-003753,27,5,4,3405.59,3,2,5,5,325,355,standard
GS-003754,194,1,0,1316.82,2,1,2,3,213,223,loyal
GS-003755,902,12,0,626.5,1,3,2,2,132,122,standard
GS-003756,215,4,3,1424.54,2,2,5,3,223,253,standard
GS-003757,7,2,0,152.4,5,1,2,1,511,521,standard
GS-003758,28,45,3,1709.89,3,5,5,4,354,354,standard
GS-003759,282,4,3,4258.32,2,2,5,5,225,255,standard
GS-003760,8,37,3,1136.87,5,4,5,3,543,553,standard
GS-003761,12,5,0,407.2,4,2,2,1,421,421,standard
GS-003762,533,24,1,1366.27,1,4,3,3,143,133,price_sensitive
GS-003763,89,3,2,2249.93,2,1,4,4,214,244,loyal
GS-003764,10,32,2,2952.84,4,4,4,5,445,445,standard
GS-003765,372,24,1,633.81,2,4,3,2,242,232,price_sensitive
GS-003766,1116,12,0,264.05,1,3,2,1,131,121,price_sensitive
GS-003767,17,62,5,3358.25,4,5,5,5,455,455,standard
GS-003768,18,60,4,4981.31,4,5,5,5,455,455,loyal
GS-003769,65,2,1,2030.93,3,1,3,4,314,334,standard
GS-003770,917,24,1,1644.87,1,4,3,3,143,133,standard
GS-003771,3,3,0,58.21,5,1,2,1,511,521,price_sensitive
GS-003772,1396,12,0,405.04,1,3,2,1,131,121,price_sensitive
GS-003773,5,45,3,3228.82,5,5,5,5,555,555,loyal
GS-003774,3,56,4,4286.8,5,5,5,5,555,555,standard
GS-003775,2,21,1,1428.19,5,3,3,3,533,533,loyal
GS-003776,419,12,0,287.12,1,3,2,1,131,121,standard
GS-003777,5,14,1,667.9,5,3,3,2,532,532,standard
GS-003778,23,49,4,4912.57,3,5,5,5,355,355,standard
GS-003779,25,9,0,519.84,3,2,2,1,321,321,standard
GS-003780,123,4,3,2580.7,2,2,5,4,224,254,loyal
GS-003781,106,5,4,2887.45,2,2,5,5,225,255,standard
GS-003782,308,2,1,1158.08,2,1,3,3,213,233,standard
GS-003783,40,3,2,2107.84,3,1,4,4,314,344,loyal
GS-003784,24,15,1,983.55,3,3,3,2,332,332,standard
GS-003785,27,27,2,1809.82,3,4,4,4,344,344,loyal
GS-003786,1210,1,0,587.17,1,1,2,2,112,122,standard
GS-003787,25,30,2,2315.25,3,4,4,4,344,344,standard
GS-003788,788,36,2,2646.73,1,4,4,4,144,144,loyal
GS-003789,218,4,3,1899.33,2,2,5,4,224,254,price_sensitive
GS-003790,92,48,3,2159.29,2,5,5,4,254,254,price_sensitive
GS-003791,24,51,4,4521.77,3,5,5,5,355,355,standard
GS-003792,161,1,0,696.32,2,1,2,2,212,222,standard
GS-003793,21,44,3,1519.01,3,5,5,3,353,353,loyal
GS-003794,24,59,4,4277.52,3,5,5,5,355,355,standard
GS-003795,12,51,4,2283.04,4,5,5,4,454,454,standard
GS-003796,22,3,0,450.37,3,1,2,1,311,321,loyal
GS-003797,1109,24,1,1036.8,1,4,3,3,143,133,price_sensitive
GS-003798,383,24,1,894.86,2,4,3,2,242,232,price_sensitive
GS-003799,19,21,1,1406.41,4,3,3,3,433,433,standard
GS-003800,123,12,0,393.54,2,3,2,1,231,221,standard
GS-003801,1114,1,0,718.0,1,1,2,2,112,122,price_sensitive
GS-003802,318,4,3,1974.06,2,2,5,4,224,254,loyal
GS-003803,4,51,4,1703.17,5,5,5,4,554,554,loyal
GS-003804,25,8,0,509.18,3,2,2,1,321,321,standard
GS-003805,1506,12,0,447.76,1,3,2,1,131,121,price_sensitive
GS-003806,384,24,1,477.37,2,4,3,1,241,231,price_sensitive
GS-003807,24,44,3,3693.79,3,5,5,5,355,355,standard
GS-003808,361,48,3,1253.88,2,5,5,3,253,253,price_sensitive
GS-003809,1,66,5,4658.06,5,5,5,5,555,555,loyal
GS-003810,338,12,0,512.06,2,3,2,1,231,221,price_sensitive
GS-003811,17,33,2,2899.39,4,4,4,5,445,445,standard
GS-003812,4,38,3,5171.22,5,4,5,5,545,555,loyal
GS-003813,22,55,4,4438.3,3,5,5,5,355,355,standard
GS-003814,1142,12,0,519.5,1,3,2,1,131,121,price_sensitive
GS-003815,13,25,2,1060.18,4,4,4,3,443,443,loyal
GS-003816,1714,1,0,338.44,1,1,2,1,111,121,price_sensitive
GS-003817,4,11,0,768.02,5,2,2,2,522,522,loyal
GS-003818,16,59,4,8908.76,4,5,5,5,455,455,loyal
GS-003819,532,24,1,2141.82,1,4,3,4,144,134,standard
GS-003820,103,2,1,387.6,2,1,3,1,211,231,price_sensitive
GS-003821,9,53,4,4439.88,5,5,5,5,555,555,loyal
GS-003822,27,9,0,614.28,3,2,2,2,322,322,standard
GS-003823,313,4,3,2347.38,2,2,5,4,224,254,loyal
GS-003824,1089,24,1,1855.75,1,4,3,4,144,134,standard
GS-003825,25,13,1,755.58,3,3,3,2,332,332,price_sensitive
GS-003826,3,64,5,5209.24,5,5,5,5,555,555,standard
GS-003827,15,5,0,527.37,4,2,2,2,422,422,standard
GS-003828,230,24,1,1808.85,2,4,3,4,244,234,loyal
GS-003829,12,11,0,410.3,4,2,2,1,421,421,loyal
GS-003830,834,36,2,1044.24,1,4,4,3,143,143,price_sensitive
GS-003831,287,36,2,1777.08,2,4,4,4,244,244,standard
GS-003832,93,12,0,767.76,2,3,2,2,232,222,price_sensitive
GS-003833,2,9,0,679.26,5,2,2,2,522,522,standard
GS-003834,1835,1,0,287.63,1,1,2,1,111,121,price_sensitive
GS-003835,28,61,5,7401.7,3,5,5,5,355,355,loyal
GS-003836,292,2,1,1692.11,2,1,3,4,214,234,standard
GS-003837,25,20,1,1484.99,3,3,3,3,333,333,standard
GS-003838,15,49,4,3214.64,4,5,5,5,455,455,standard
GS-003839,154,6,5,5620.47,2,2,5,5,225,255,standard
GS-003840,18,32,2,1051.09,4,4,4,3,443,443,standard
GS-003841,22,2,0,81.47,3,1,2,1,311,321,price_sensitive
GS-003842,92,6,5,4792.01,2,2,5,5,225,255,standard
GS-003843,5,2,1,2109.7,5,1,3,4,514,534,standard
GS-003844,31,2,1,664.36,3,1,3,2,312,332,price_sensitive
GS-003845,24,60,4,3311.03,3,5,5,5,355,355,standard
GS-003846,2,28,2,1879.95,5,4,4,4,544,544,loyal
GS-003847,1,12,0,951.77,5,3,2,2,532,522,loyal
GS-003848,24,63,5,3719.04,3,5,5,5,355,355,standard
GS-003849,893,2,1,578.24,1,1,3,2,112,132,price_sensitive
GS-003850,1,40,3,3292.31,5,4,5,5,545,555,loyal
GS-003851,3,7,0,322.25,5,2,2,1,521,521,standard
GS-003852,65,5,4,3206.55,3,2,5,5,325,355,standard
GS-003853,91,1,0,887.14,2,1,2,2,212,222,standard
GS-003854,9,10,0,433.98,5,2,2,1,521,521,standard
GS-003855,34,1,0,253.19,3,1,2,1,311,321,price_sensitive
GS-003856,28,5,0,323.07,3,2,2,1,321,321,price_sensitive
GS-003857,265,24,1,542.83,2,4,3,2,242,232,price_sensitive
GS-003858,2,35,2,2138.9,5,4,4,4,544,544,loyal
GS-003859,821,1,0,399.62,1,1,2,1,111,121,standard
GS-003860,952,24,1,1808.56,1,4,3,4,144,134,standard
GS-003861,19,25,2,796.09,4,4,4,2,442,442,price_sensitive
GS-003862,188,36,2,1471.51,2,4,4,3,243,243,price_sensitive
GS-003863,144,3,2,1012.09,2,1,4,3,213,243,standard
GS-003864,24,63,5,10327.97,3,5,5,5,355,355,standard
GS-003865,239,2,1,4943.66,2,1,3,5,215,235,standard
GS-003866,21,61,5,6969.61,3,5,5,5,355,355,loyal
GS-003867,18,50,4,3947.88,4,5,5,5,455,455,loyal
GS-003868,15,32,2,3093.92,4,4,4,5,445,445,loyal
GS-003869,764,1,0,286.51,1,1,2,1,111,121,price_sensitive
GS-003870,25,8,0,214.04,3,2,2,1,321,321,price_sensitive
GS-003871,12,33,2,1925.62,4,4,4,4,444,444,standard
GS-003872,607,12,0,654.8,1,3,2,2,132,122,standard
GS-003873,25,34,2,3363.06,3,4,4,5,345,345,loyal
GS-003874,2,58,4,1415.9,5,5,5,3,553,553,standard
GS-003875,1,34,2,2413.54,5,4,4,4,544,544,standard
GS-003876,75,48,3,2127.32,3,5,5,4,354,354,standard
GS-003877,92,4,3,4125.25,2,2,5,5,225,255,loyal
GS-003878,11,53,4,2780.19,4,5,5,4,454,454,standard
GS-003879,8,10,0,1226.11,5,2,2,3,523,523,loyal
GS-003880,7,47,3,3030.6,5,5,5,5,555,555,standard
GS-003881,322,5,4,3217.52,2,2,5,5,225,255,standard
GS-003882,1032,12,0,676.0,1,3,2,2,132,122,standard
GS-003883,1,24,1,769.65,5,4,3,2,542,532,standard
GS-003884,21,56,4,5371.35,3,5,5,5,355,355,standard
GS-003885,6,66,5,2759.92,5,5,5,4,554,554,standard
GS-003886,2,25,2,1764.07,5,4,4,4,544,544,standard
GS-003887,58,4,3,1996.72,3,2,5,4,324,354,standard
GS-003888,5,25,2,1003.47,5,4,4,3,543,543,standard
GS-003889,24,54,4,1875.23,3,5,5,4,354,354,standard
GS-003890,23,46,3,1808.21,3,5,5,4,354,354,standard
GS-003891,63,4,3,3552.89,3,2,5,5,325,355,loyal
GS-003892,340,12,0,784.97,2,3,2,2,232,222,price_sensitive
GS-003893,771,12,0,607.99,1,3,2,2,132,122,standard
GS-003894,90,1,0,1105.47,2,1,2,3,213,223,loyal
GS-003895,641,36,2,834.29,1,4,4,2,142,142,price_sensitive
GS-003896,10,49,4,1405.78,4,5,5,3,453,453,standard
GS-003897,390,4,3,1038.22,2,2,5,3,223,253,price_sensitive
GS-003898,26,28,2,1770.13,3,4,4,4,344,344,standard
GS-003899,5,61,5,6913.3,5,5,5,5,555,555,loyal
GS-003900,13,33,2,1855.33,4,4,4,4,444,444,loyal
GS-003901,15,31,2,1293.13,4,4,4,3,443,443,price_sensitive
GS-003902,27,19,1,1284.26,3,3,3,3,333,333,standard
GS-003903,4,47,3,3134.56,5,5,5,5,555,555,standard
GS-003904,20,49,4,3221.45,3,5,5,5,355,355,loyal
GS-003905,263,12,0,472.16,2,3,2,1,231,221,standard
GS-003906,26,51,4,2379.63,3,5,5,4,354,354,loyal
GS-003907,26,4,0,119.75,3,2,2,1,321,321,standard
GS-003908,25,56,4,2219.06,3,5,5,4,354,354,standard
GS-003909,26,50,4,4028.57,3,5,5,5,355,355,standard
GS-003910,297,2,1,1083.88,2,1,3,3,213,233,price_sensitive
GS-003911,1432,12,0,217.88,1,3,2,1,131,121,price_sensitive
GS-003912,300,5,4,2703.64,2,2,5,4,224,254,loyal
GS-003913,23,57,4,3158.07,3,5,5,5,355,355,standard
GS-003914,519,12,0,462.73,1,3,2,1,131,121,price_sensitive
GS-003915,5,53,4,2551.13,5,5,5,4,554,554,standard
GS-003916,1426,1,0,416.69,1,1,2,1,111,121,price_sensitive
GS-003917,499,4,3,1572.02,1,2,5,3,123,153,price_sensitive
GS-003918,8,11,0,304.63,5,2,2,1,521,521,price_sensitive
GS-003919,12,31,2,3149.17,4,4,4,5,445,445,loyal
GS-003920,826,12,0,1069.38,1,3,2,3,133,123,standard
GS-003921,16,12,0,617.49,4,3,2,2,432,422,standard
GS-003922,185,3,2,2056.03,2,1,4,4,214,244,standard
GS-003923,938,36,2,2348.61,1,4,4,4,144,144,standard
GS-003924,872,1,0,650.03,1,1,2,2,112,122,loyal
GS-003925,315,1,0,743.37,2,1,2,2,212,222,price_sensitive
GS-003926,25,7,0,127.22,3,2,2,1,321,321,price_sensitive
GS-003927,94,2,1,1812.49,2,1,3,4,214,234,loyal
GS-003928,69,3,2,3197.27,3,1,4,5,315,345,loyal
GS-003929,26,22,1,616.99,3,3,3,2,332,332,price_sensitive
GS-003930,278,48,3,3324.21,2,5,5,5,255,255,standard
GS-003931,1857,1,0,487.99,1,1,2,1,111,121,price_sensitive
GS-003932,1209,24,1,1055.27,1,4,3,3,143,133,price_sensitive
GS-003933,315,5,4,1768.52,2,2,5,4,224,254,standard
GS-003934,1356,12,0,701.94,1,3,2,2,132,122,standard
GS-003935,1259,12,0,659.77,1,3,2,2,132,122,standard
GS-003936,24,6,0,289.57,3,2,2,1,321,321,standard
GS-003937,1,2,1,1341.27,5,1,3,3,513,533,standard
GS-003938,13,3,0,94.23,4,1,2,1,411,421,price_sensitive
GS-003939,670,24,1,632.52,1,4,3,2,142,132,price_sensitive
GS-003940,25,32,2,3332.75,3,4,4,5,345,345,standard
GS-003941,479,12,0,750.6,1,3,2,2,132,122,standard
GS-003942,11,26,2,2006.96,4,4,4,4,444,444,standard
GS-003943,62,5,4,4239.09,3,2,5,5,325,355,standard
GS-003944,232,12,0,746.81,2,3,2,2,232,222,standard
GS-003945,26,56,4,5445.26,3,5,5,5,355,355,loyal
GS-003946,9,32,2,3284.9,5,4,4,5,545,545,standard
GS-003947,495,24,1,1744.2,1,4,3,4,144,134,standard
GS-003948,313,12,0,324.0,2,3,2,1,231,221,standard
GS-003949,26,12,0,1065.83,3,3,2,3,333,323,standard
GS-003950,4,33,2,957.2,5,4,4,2,542,542,standard
GS-003951,1097,12,0,551.23,1,3,2,2,132,122,price_sensitive
GS-003952,1284,12,0,446.41,1,3,2,1,131,121,price_sensitive
GS-003953,28,19,1,1286.08,3,3,3,3,333,333,standard
GS-003954,16,35,2,2540.76,4,4,4,4,444,444,loyal
GS-003955,207,5,4,3033.28,2,2,5,5,225,255,standard
GS-003956,23,23,1,2171.22,3,3,3,4,334,334,loyal
GS-003957,510,1,0,1213.31,1,1,2,3,113,123,loyal
GS-003958,24,38,3,2908.42,3,4,5,5,345,355,standard
GS-003959,24,6,5,6175.72,3,2,5,5,325,355,loyal
GS-003960,1103,12,0,786.29,1,3,2,2,132,122,standard
GS-003961,856,12,0,807.62,1,3,2,2,132,122,standard
GS-003962,19,43,3,3218.66,4,5,5,5,455,455,standard
GS-003963,17,3,0,140.32,4,1,2,1,411,421,price_sensitive
GS-003964,1638,12,0,385.45,1,3,2,1,131,121,price_sensitive
GS-003965,1359,12,0,407.26,1,3,2,1,131,121,price_sensitive
GS-003966,1,2,0,248.7,5,1,2,1,511,521,loyal
GS-003967,560,12,0,681.15,1,3,2,2,132,122,standard
GS-003968,160,36,2,447.44,2,4,4,1,241,241,price_sensitive
GS-003969,560,12,0,438.16,1,3,2,1,131,121,price_sensitive
GS-003970,226,36,2,1735.5,2,4,4,4,244,244,standard
GS-003971,9,40,3,2742.95,5,4,5,4,544,554,loyal
GS-003972,70,12,0,333.5,3,3,2,1,331,321,price_sensitive
GS-003973,1136,1,0,733.82,1,1,2,2,112,122,standard
GS-003974,14,38,3,5411.51,4,4,5,5,445,455,loyal
GS-003975,89,1,0,1110.94,2,1,2,3,213,223,loyal
GS-003976,12,36,2,1547.53,4,4,4,3,443,443,standard
GS-003977,1742,1,0,512.21,1,1,2,1,111,121,price_sensitive
GS-003978,586,12,0,439.54,1,3,2,1,131,121,price_sensitive
GS-003979,16,62,5,2562.03,4,5,5,4,454,454,standard
GS-003980,1142,1,0,398.88,1,1,2,1,111,121,price_sensitive
GS-003981,595,12,0,682.98,1,3,2,2,132,122,standard
GS-003982,54,4,3,1187.77,3,2,5,3,323,353,standard
GS-003983,590,12,0,409.97,1,3,2,1,131,121,price_sensitive
GS-003984,1329,12,0,629.06,1,3,2,2,132,122,price_sensitive
GS-003985,798,12,0,338.48,1,3,2,1,131,121,price_sensitive
GS-003986,2,7,0,724.47,5,2,2,2,522,522,standard
GS-003987,19,8,0,437.1,4,2,2,1,421,421,standard
GS-003988,327,5,4,3830.75,2,2,5,5,225,255,loyal
GS-003989,14,15,1,1165.87,4,3,3,3,433,433,standard
GS-003990,23,23,1,560.36,3,3,3,2,332,332,price_sensitive
GS-003991,409,4,3,3028.94,1,2,5,5,125,155,standard
GS-003992,28,25,2,1869.24,3,4,4,4,344,344,standard
GS-003993,597,1,0,773.56,1,1,2,2,112,122,standard
GS-003994,16,60,4,6377.6,4,5,5,5,455,455,loyal
GS-003995,520,12,0,203.72,1,3,2,1,131,121,price_sensitive
GS-003996,14,11,0,285.67,4,2,2,1,421,421,price_sensitive
GS-003997,20,48,3,1840.53,3,5,5,4,354,354,standard
GS-003998,17,42,3,1642.28,4,5,5,3,453,453,loyal
GS-003999,586,12,0,593.63,1,3,2,2,132,122,standard
GS-004000,1726,1,0,615.02,1,1,2,2,112,122,price_sensitive
GS-004001,701,12,0,412.92,1,3,2,1,131,121,standard
GS-004002,7,42,3,4484.77,5,5,5,5,555,555,loyal
GS-004003,27,8,0,304.94,3,2,2,1,321,321,price_sensitive
GS-004004,687,1,0,370.12,1,1,2,1,111,121,price_sensitive
GS-004005,16,40,3,2034.62,4,4,5,4,444,454,standard
GS-004006,292,2,1,1939.13,2,1,3,4,214,234,loyal
GS-004007,131,5,4,3261.14,2,2,5,5,225,255,standard
GS-004008,15,34,2,752.44,4,4,4,2,442,442,price_sensitive
GS-004009,1180,3,2,1368.04,1,1,4,3,113,143,standard
GS-004010,8,39,3,2252.09,5,4,5,4,544,554,standard
GS-004011,1239,3,2,1619.23,1,1,4,3,113,143,standard
GS-004012,18,12,0,700.61,4,3,2,2,432,422,loyal
GS-004013,5,8,0,328.11,5,2,2,1,521,521,price_sensitive
GS-004014,21,56,4,3268.78,3,5,5,5,355,355,loyal
GS-004015,1,44,3,3601.83,5,5,5,5,555,555,loyal
GS-004016,281,3,2,3310.0,2,1,4,5,215,245,standard
GS-004017,271,4,3,2395.21,2,2,5,4,224,254,standard
GS-004018,11,15,1,459.75,4,3,3,1,431,431,price_sensitive
GS-004019,907,4,3,1178.5,1,2,5,3,123,153,price_sensitive
GS-004020,459,36,2,1920.68,1,4,4,4,144,144,price_sensitive
GS-004021,143,3,2,3408.91,2,1,4,5,215,245,loyal
GS-004022,19,42,3,2285.25,4,5,5,4,454,454,standard
GS-004023,15,14,1,567.22,4,3,3,2,432,432,price_sensitive
GS-004024,1357,12,0,748.25,1,3,2,2,132,122,standard
GS-004025,141,5,4,3178.65,2,2,5,5,225,255,standard
GS-004026,234,2,1,2055.57,2,1,3,4,214,234,loyal
GS-004027,16,2,1,1414.1,4,1,3,3,413,433,standard
GS-004028,167,3,2,3936.83,2,1,4,5,215,245,standard
GS-004029,12,48,3,3932.12,4,5,5,5,455,455,standard
GS-004030,17,10,0,345.54,4,2,2,1,421,421,standard
GS-004031,119,1,0,562.83,2,1,2,2,212,222,price_sensitive
GS-004032,481,36,2,1463.9,1,4,4,3,143,143,price_sensitive
GS-004033,1,39,3,1947.4,5,4,5,4,544,554,standard
GS-004034,1056,12,0,278.26,1,3,2,1,131,121,price_sensitive
GS-004035,1385,12,0,567.73,1,3,2,2,132,122,standard
GS-004036,417,12,0,992.23,1,3,2,3,133,123,standard
GS-004037,5,7,0,346.93,5,2,2,1,521,521,standard
GS-004038,381,1,0,331.83,2,1,2,1,211,221,price_sensitive
GS-004039,1,50,4,3218.47,5,5,5,5,555,555,standard
GS-004040,26,8,0,182.29,3,2,2,1,321,321,standard
GS-004041,23,33,2,2548.67,3,4,4,4,344,344,standard
GS-004042,17,25,2,836.52,4,4,4,2,442,442,standard
GS-004043,25,14,1,378.5,3,3,3,1,331,331,standard
GS-004044,1293,1,0,1225.81,1,1,2,3,113,123,standard
GS-004045,76,2,1,1790.94,2,1,3,4,214,234,standard
GS-004046,8,19,1,1006.48,5,3,3,3,533,533,standard
GS-004047,7,12,0,722.08,5,3,2,2,532,522,standard
GS-004048,22,56,4,3108.73,3,5,5,5,355,355,standard
GS-004049,26,64,5,3497.71,3,5,5,5,355,355,standard
GS-004050,18,58,4,3184.63,4,5,5,5,455,455,standard
GS-004051,19,33,2,1423.26,4,4,4,3,443,443,standard
GS-004052,3,39,3,4338.21,5,4,5,5,545,555,loyal
GS-004053,17,51,4,2444.95,4,5,5,4,454,454,standard
GS-004054,14,15,1,474.78,4,3,3,1,431,431,price_sensitive
GS-004055,14,19,1,511.41,4,3,3,1,431,431,price_sensitive
GS-004056,161,3,2,2055.86,2,1,4,4,214,244,standard
GS-004057,16,45,3,4205.35,4,5,5,5,455,455,loyal
GS-004058,7,37,3,1851.27,5,4,5,4,544,554,standard
GS-004059,17,28,2,1261.33,4,4,4,3,443,443,standard
GS-004060,1111,12,0,728.6,1,3,2,2,132,122,price_sensitive
GS-004061,4,66,5,4210.83,5,5,5,5,555,555,standard
GS-004062,27,6,0,523.93,3,2,2,2,322,322,loyal
GS-004063,178,6,5,3961.35,2,2,5,5,225,255,standard
GS-004064,3,20,1,473.66,5,3,3,1,531,531,price_sensitive
GS-004065,14,4,0,125.53,4,2,2,1,421,421,price_sensitive
GS-004066,854,24,1,1181.88,1,4,3,3,143,133,price_sensitive
GS-004067,17,14,1,884.3,4,3,3,2,432,432,loyal
GS-004068,1422,1,0,310.61,1,1,2,1,111,121,price_sensitive
GS-004069,20,30,2,1333.13,3,4,4,3,343,343,loyal
GS-004070,6,49,4,3655.43,5,5,5,5,555,555,standard
GS-004071,1,34,2,1375.39,5,4,4,3,543,543,price_sensitive
GS-004072,27,30,2,1240.4,3,4,4,3,343,343,standard
GS-004073,23,32,2,1705.65,3,4,4,4,344,344,standard
GS-004074,15,39,3,1399.73,4,4,5,3,443,453,standard
GS-004075,5,2,0,79.48,5,1,2,1,511,521,standard
GS-004076,98,2,1,864.21,2,1,3,2,212,232,loyal
GS-004077,298,1,0,2052.49,2,1,2,4,214,224,loyal
GS-004078,331,2,1,1319.06,2,1,3,3,213,233,standard
GS-004079,11,20,1,963.43,4,3,3,2,432,432,loyal
GS-004080,5,37,3,1224.71,5,4,5,3,543,553,price_sensitive
GS-004081,1,33,2,1694.9,5,4,4,4,544,544,standard
GS-004082,71,4,3,3173.26,3,2,5,5,325,355,standard
GS-004083,423,12,0,587.55,1,3,2,2,132,122,price_sensitive
GS-004084,28,17,1,951.09,3,3,3,2,332,332,standard
GS-004085,10,19,1,1471.32,4,3,3,3,433,433,loyal
GS-004086,228,4,3,2868.54,2,2,5,4,224,254,standard
GS-004087,18,21,1,3072.85,4,3,3,5,435,435,standard
GS-004088,27,56,4,2901.72,3,5,5,5,355,355,standard
GS-004089,16,38,3,2903.11,4,4,5,5,445,455,standard
GS-004090,46,1,0,517.7,3,1,2,1,311,321,standard
GS-004091,1,64,5,2981.2,5,5,5,5,555,555,standard
GS-004092,13,43,3,2243.6,4,5,5,4,454,454,standard
GS-004093,2,41,3,1808.08,5,5,5,4,554,554,loyal
GS-004094,306,2,1,802.38,2,1,3,2,212,232,price_sensitive
GS-004095,18,18,1,660.16,4,3,3,2,432,432,standard
GS-004096,28,48,3,3027.89,3,5,5,5,355,355,loyal
GS-004097,1965,1,0,399.77,1,1,2,1,111,121,price_sensitive
GS-004098,9,51,4,2598.94,5,5,5,4,554,554,standard
GS-004099,27,14,1,1029.93,3,3,3,3,333,333,loyal
GS-004100,209,4,3,2430.1,2,2,5,4,224,254,loyal
GS-004101,349,12,0,388.61,2,3,2,1,231,221,standard
GS-004102,20,60,4,1842.66,3,5,5,4,354,354,loyal
GS-004103,3,62,5,4030.41,5,5,5,5,555,555,loyal
GS-004104,585,36,2,1666.54,1,4,4,3,143,143,price_sensitive
GS-004105,7,65,5,2941.79,5,5,5,5,555,555,standard
GS-004106,541,48,3,2498.42,1,5,5,4,154,154,standard
GS-004107,324,2,1,644.28,2,1,3,2,212,232,standard
GS-004108,226,36,2,920.18,2,4,4,2,242,242,price_sensitive
GS-004109,1513,12,0,318.38,1,3,2,1,131,121,price_sensitive
GS-004110,210,1,0,805.8,2,1,2,2,212,222,price_sensitive
GS-004111,536,24,1,868.87,1,4,3,2,142,132,price_sensitive
GS-004112,436,48,3,1771.41,1,5,5,4,154,154,price_sensitive
GS-004113,16,22,1,1615.87,4,3,3,3,433,433,loyal
GS-004114,350,4,3,4720.36,2,2,5,5,225,255,standard
GS-004115,112,5,4,4043.05,2,2,5,5,225,255,standard
GS-004116,794,1,0,1478.32,1,1,2,3,113,123,standard
GS-004117,874,24,1,1430.91,1,4,3,3,143,133,standard
GS-004118,20,59,4,4786.48,3,5,5,5,355,355,loyal
GS-004119,96,5,4,1922.72,2,2,5,4,224,254,standard
GS-004120,26,42,3,3177.0,3,5,5,5,355,355,standard
GS-004121,20,46,3,1863.8,3,5,5,4,354,354,loyal
GS-004122,773,12,0,585.0,1,3,2,2,132,122,standard
GS-004123,8,14,1,1102.47,5,3,3,3,533,533,loyal
GS-004124,9,6,5,3092.37,5,2,5,5,525,555,standard
GS-004125,6,9,0,462.8,5,2,2,1,521,521,standard
GS-004126,1651,12,0,385.69,1,3,2,1,131,121,price_sensitive
GS-004127,23,17,1,859.95,3,3,3,2,332,332,loyal
GS-004128,26,18,1,569.15,3,3,3,2,332,332,loyal
GS-004129,11,7,0,430.11,4,2,2,1,421,421,standard
GS-004130,1244,12,0,393.11,1,3,2,1,131,121,price_sensitive
GS-004131,670,12,0,1505.87,1,3,2,3,133,123,standard
GS-004132,1194,12,0,860.16,1,3,2,2,132,122,standard
GS-004133,28,28,2,2417.63,3,4,4,4,344,344,standard
GS-004134,12,33,2,2827.9,4,4,4,4,444,444,standard
GS-004135,13,30,2,3396.18,4,4,4,5,445,445,standard
GS-004136,90,1,0,1239.64,2,1,2,3,213,223,loyal
GS-004137,19,7,0,401.97,4,2,2,1,421,421,standard
GS-004138,5,14,1,1794.91,5,3,3,4,534,534,loyal
GS-004139,15,65,5,2734.31,4,5,5,4,454,454,standard
GS-004140,3,35,2,3739.86,5,4,4,5,545,545,loyal
GS-004141,3,22,1,1366.49,5,3,3,3,533,533,standard
GS-004142,167,2,1,2340.5,2,1,3,4,214,234,loyal
GS-004143,28,6,0,221.89,3,2,2,1,321,321,price_sensitive
GS-004144,9,19,1,710.91,5,3,3,2,532,532,price_sensitive
GS-004145,24,38,3,2609.52,3,4,5,4,344,354,loyal
GS-004146,3,45,3,1517.49,5,5,5,3,553,553,price_sensitive
GS-004147,5,4,0,349.23,5,2,2,1,521,521,standard
GS-004148,21,45,3,2583.59,3,5,5,4,354,354,standard
GS-004149,89,12,0,317.92,2,3,2,1,231,221,price_sensitive
GS-004150,24,59,4,1913.66,3,5,5,4,354,354,standard
GS-004151,11,5,4,2399.15,4,2,5,4,424,454,standard
GS-004152,225,48,3,2475.35,2,5,5,4,254,254,price_sensitive
GS-004153,8,12,0,515.29,5,3,2,1,531,521,standard
GS-004154,14,19,1,2334.91,4,3,3,4,434,434,loyal
GS-004155,8,25,2,1161.09,5,4,4,3,543,543,standard
GS-004156,4,58,4,2074.75,5,5,5,4,554,554,standard
GS-004157,1138,12,0,403.4,1,3,2,1,131,121,standard
GS-004158,4,34,2,896.63,5,4,4,2,542,542,standard
GS-004159,561,24,1,1037.39,1,4,3,3,143,133,price_sensitive
GS-004160,25,21,1,1035.06,3,3,3,3,333,333,standard
GS-004161,1,45,3,1536.62,5,5,5,3,553,553,price_sensitive
GS-004162,1,39,3,4789.88,5,4,5,5,545,555,loyal
GS-004163,147,3,2,1133.76,2,1,4,3,213,243,standard
GS-004164,22,23,1,993.33,3,3,3,3,333,333,standard
GS-004165,11,44,3,2231.32,4,5,5,4,454,454,loyal
GS-004166,22,37,3,1858.21,3,4,5,4,344,354,loyal
GS-004167,6,9,0,609.74,5,2,2,2,522,522,standard
GS-004168,33,3,2,2986.6,3,1,4,5,315,345,standard
GS-004169,10,8,0,534.94,4,2,2,2,422,422,loyal
GS-004170,19,15,1,1266.81,4,3,3,3,433,433,standard
GS-004171,27,43,3,2513.24,3,5,5,4,354,354,standard
GS-004172,23,36,2,1340.41,3,4,4,3,343,343,price_sensitive
GS-004173,24,23,1,1096.46,3,3,3,3,333,333,standard
GS-004174,1154,24,1,941.86,1,4,3,2,142,132,standard
GS-004175,5,23,1,1913.34,5,3,3,4,534,534,standard
GS-004176,26,39,3,1689.45,3,4,5,4,344,354,standard
GS-004177,1,63,5,3314.99,5,5,5,5,555,555,standard
GS-004178,28,12,0,396.06,3,3,2,1,331,321,standard
GS-004179,1376,2,1,628.87,1,1,3,2,112,132,price_sensitive
GS-004180,8,13,1,718.17,5,3,3,2,532,532,standard
GS-004181,427,24,1,2360.6,1,4,3,4,144,134,loyal
GS-004182,14,28,2,1899.14,4,4,4,4,444,444,standard
GS-004183,1,28,2,875.59,5,4,4,2,542,542,standard
GS-004184,276,24,1,1490.02,2,4,3,3,243,233,standard
GS-004185,172,2,1,1101.56,2,1,3,3,213,233,price_sensitive
GS-004186,26,27,2,506.67,3,4,4,1,341,341,price_sensitive
GS-004187,576,24,1,1986.67,1,4,3,4,144,134,standard
GS-004188,27,4,0,142.24,3,2,2,1,321,321,standard
GS-004189,131,5,4,3650.51,2,2,5,5,225,255,loyal
GS-004190,17,5,0,114.97,4,2,2,1,421,421,price_sensitive
GS-004191,393,1,0,393.6,2,1,2,1,211,221,price_sensitive
GS-004192,292,5,4,6452.39,2,2,5,5,225,255,loyal
GS-004193,19,2,0,109.06,4,1,2,1,411,421,standard
GS-004194,92,4,3,3194.91,2,2,5,5,225,255,standard
GS-004195,12,57,4,4220.41,4,5,5,5,455,455,standard
GS-004196,40,48,3,1831.52,3,5,5,4,354,354,standard
GS-004197,21,52,4,2054.02,3,5,5,4,354,354,standard
GS-004198,440,36,2,980.32,1,4,4,2,142,142,price_sensitive
GS-004199,400,24,1,1551.23,2,4,3,3,243,233,standard
GS-004200,87,2,1,878.22,2,1,3,2,212,232,price_sensitive
GS-004201,387,24,1,1552.43,2,4,3,3,243,233,standard
GS-004202,24,12,0,632.17,3,3,2,2,332,322,loyal
GS-004203,423,12,0,718.97,1,3,2,2,132,122,price_sensitive
GS-004204,334,1,0,589.36,2,1,2,2,212,222,standard
GS-004205,17,30,2,2556.6,4,4,4,4,444,444,standard
GS-004206,18,58,4,5324.13,4,5,5,5,455,455,standard
GS-004207,1009,1,0,287.99,1,1,2,1,111,121,price_sensitive
GS-004208,504,48,3,2923.92,1,5,5,5,155,155,standard
GS-004209,21,2,0,248.04,3,1,2,1,311,321,loyal
GS-004210,349,1,0,274.59,2,1,2,1,211,221,price_sensitive
GS-004211,1,31,2,1186.29,5,4,4,3,543,543,price_sensitive
GS-004212,10,61,5,3315.83,4,5,5,5,455,455,standard
GS-004213,1,2,0,68.49,5,1,2,1,511,521,price_sensitive
GS-004214,21,59,4,2965.79,3,5,5,5,355,355,standard
GS-004215,251,3,2,1209.21,2,1,4,3,213,243,standard
GS-004216,184,6,5,4120.89,2,2,5,5,225,255,standard
GS-004217,9,16,1,763.78,5,3,3,2,532,532,standard
GS-004218,969,3,2,1765.08,1,1,4,4,114,144,price_sensitive
GS-004219,23,64,5,2608.85,3,5,5,4,354,354,standard
GS-004220,1512,12,0,309.41,1,3,2,1,131,121,price_sensitive
GS-004221,7,47,3,2855.12,5,5,5,4,554,554,standard
GS-004222,27,19,1,492.66,3,3,3,1,331,331,standard
GS-004223,17,11,0,723.13,4,2,2,2,422,422,standard
GS-004224,442,3,2,1803.46,1,1,4,4,114,144,loyal
GS-004225,17,18,1,1181.88,4,3,3,3,433,433,standard
GS-004226,144,6,5,1733.98,2,2,5,4,224,254,standard
GS-004227,1,47,3,2519.03,5,5,5,4,554,554,standard
GS-004228,1,53,4,2184.54,5,5,5,4,554,554,standard
GS-004229,10,31,2,752.18,4,4,4,2,442,442,standard
GS-004230,185,3,2,2701.26,2,1,4,4,214,244,loyal
GS-004231,6,50,4,3725.81,5,5,5,5,555,555,standard
GS-004232,475,48,3,2973.04,1,5,5,5,155,155,price_sensitive
GS-004233,25,39,3,4024.69,3,4,5,5,345,355,standard
GS-004234,104,4,3,2925.01,2,2,5,5,225,255,standard
GS-004235,3,53,4,3605.31,5,5,5,5,555,555,loyal
GS-004236,372,12,0,516.28,2,3,2,1,231,221,standard
GS-004237,1250,12,0,1099.09,1,3,2,3,133,123,price_sensitive
GS-004238,21,64,5,2464.63,3,5,5,4,354,354,standard
GS-004239,1,49,4,1925.47,5,5,5,4,554,554,standard
GS-004240,14,5,0,220.38,4,2,2,1,421,421,standard
GS-004241,2,42,3,2028.74,5,5,5,4,554,554,standard
GS-004242,19,8,0,270.23,4,2,2,1,421,421,price_sensitive
GS-004243,340,3,2,1254.04,2,1,4,3,213,243,standard
GS-004244,711,2,1,1847.13,1,1,3,4,114,134,price_sensitive
GS-004245,15,39,3,1623.05,4,4,5,3,443,453,price_sensitive
GS-004246,16,2,0,111.12,4,1,2,1,411,421,standard
GS-004247,1,5,0,188.97,5,2,2,1,521,521,standard
GS-004248,17,34,2,2958.77,4,4,4,5,445,445,standard
GS-004249,26,51,4,4686.77,3,5,5,5,355,355,standard
GS-004250,328,24,1,1248.42,2,4,3,3,243,233,standard
GS-004251,16,2,0,81.59,4,1,2,1,411,421,standard
GS-004252,1,32,2,3216.48,5,4,4,5,545,545,standard
GS-004253,673,12,0,720.12,1,3,2,2,132,122,standard
GS-004254,57,1,0,1116.77,3,1,2,3,313,323,standard
GS-004255,16,58,4,2469.76,4,5,5,4,454,454,standard
GS-004256,1342,12,0,654.23,1,3,2,2,132,122,standard
GS-004257,2,63,5,2709.34,5,5,5,4,554,554,loyal
GS-004258,28,28,2,1011.48,3,4,4,3,343,343,price_sensitive
GS-004259,24,65,5,2172.8,3,5,5,4,354,354,standard
GS-004260,88,3,2,2074.31,2,1,4,4,214,244,standard
GS-004261,245,3,2,1770.36,2,1,4,4,214,244,standard
GS-004262,63,5,4,3202.7,3,2,5,5,325,355,loyal
GS-004263,276,36,2,1021.95,2,4,4,3,243,243,loyal
GS-004264,66,6,5,4548.44,3,2,5,5,325,355,loyal
GS-004265,19,40,3,2202.74,4,4,5,4,444,454,standard
GS-004266,4,28,2,1375.77,5,4,4,3,543,543,standard
GS-004267,1532,1,0,457.95,1,1,2,1,111,121,price_sensitive
GS-004268,24,42,3,2285.31,3,5,5,4,354,354,price_sensitive
GS-004269,371,12,0,518.51,2,3,2,1,231,221,price_sensitive
GS-004270,39,3,2,1286.9,3,1,4,3,313,343,price_sensitive
GS-004271,3,13,1,748.99,5,3,3,2,532,532,standard
GS-004272,6,50,4,3575.13,5,5,5,5,555,555,standard
GS-004273,1,29,2,1598.19,5,4,4,3,543,543,loyal
GS-004274,344,4,3,1277.71,2,2,5,3,223,253,standard
GS-004275,9,9,0,565.1,5,2,2,2,522,522,standard
GS-004276,14,40,3,1680.67,4,4,5,3,443,453,standard
GS-004277,19,27,2,1551.18,4,4,4,3,443,443,standard
GS-004278,235,2,1,3070.55,2,1,3,5,215,235,loyal
GS-004279,62,2,1,3527.26,3,1,3,5,315,335,loyal
GS-004280,15,48,3,3348.95,4,5,5,5,455,455,standard
GS-004281,18,7,0,238.96,4,2,2,1,421,421,price_sensitive
GS-004282,1,3,0,148.23,5,1,2,1,511,521,standard
GS-004283,681,3,2,2756.84,1,1,4,4,114,144,standard
GS-004284,9,49,4,3433.32,5,5,5,5,555,555,standard
GS-004285,2,56,4,5664.93,5,5,5,5,555,555,loyal
GS-004286,27,3,0,178.9,3,1,2,1,311,321,price_sensitive
GS-004287,19,35,2,1372.84,4,4,4,3,443,443,standard
GS-004288,65,3,2,1580.99,3,1,4,3,313,343,standard
GS-004289,24,7,0,465.06,3,2,2,1,321,321,loyal
GS-004290,220,1,0,760.31,2,1,2,2,212,222,loyal
GS-004291,3,65,5,7307.89,5,5,5,5,555,555,loyal
GS-004292,64,1,0,510.0,3,1,2,1,311,321,standard
GS-004293,2,48,3,3128.02,5,5,5,5,555,555,standard
GS-004294,8,47,3,2565.79,5,5,5,4,554,554,loyal
GS-004295,1850,1,0,719.38,1,1,2,2,112,122,price_sensitive
GS-004296,3,4,0,193.56,5,2,2,1,521,521,standard
GS-004297,24,24,1,2425.63,3,4,3,4,344,334,loyal
GS-004298,27,29,2,783.8,3,4,4,2,342,342,price_sensitive
GS-004299,137,2,1,2464.9,2,1,3,4,214,234,loyal
GS-004300,266,12,0,560.34,2,3,2,2,232,222,standard
GS-004301,114,12,0,435.96,2,3,2,1,231,221,price_sensitive
GS-004302,910,1,0,274.98,1,1,2,1,111,121,price_sensitive
GS-004303,15,13,1,433.42,4,3,3,1,431,431,standard
GS-004304,13,40,3,2006.38,4,4,5,4,444,454,standard
GS-004305,10,25,2,3178.61,4,4,4,5,445,445,loyal
GS-004306,346,1,0,506.98,2,1,2,1,211,221,price_sensitive
GS-004307,135,1,0,769.73,2,1,2,2,212,222,standard
GS-004308,6,29,2,2345.01,5,4,4,4,544,544,loyal
GS-004309,7,2,0,72.56,5,1,2,1,511,521,loyal
GS-004310,9,4,0,239.32,5,2,2,1,521,521,loyal
GS-004311,24,43,3,5386.61,3,5,5,5,355,355,loyal
GS-004312,1451,1,0,249.0,1,1,2,1,111,121,price_sensitive
GS-004313,10,39,3,2326.73,4,4,5,4,444,454,standard
GS-004314,206,4,3,928.02,2,2,5,2,222,252,price_sensitive
GS-004315,23,22,1,1699.74,3,3,3,4,334,334,standard
GS-004316,21,2,0,30.74,3,1,2,1,311,321,price_sensitive
GS-004317,19,34,2,2898.81,4,4,4,5,445,445,standard
GS-004318,8,26,2,2538.46,5,4,4,4,544,544,standard
GS-004319,55,48,3,3471.93,3,5,5,5,355,355,price_sensitive
GS-004320,946,3,2,1574.44,1,1,4,3,113,143,price_sensitive
GS-004321,20,7,0,215.46,3,2,2,1,321,321,standard
GS-004322,4,32,2,2672.72,5,4,4,4,544,544,standard
GS-004323,330,1,0,450.76,2,1,2,1,211,221,price_sensitive
GS-004324,326,24,1,1540.95,2,4,3,3,243,233,standard
GS-004325,29,1,0,841.61,3,1,2,2,312,322,price_sensitive
GS-004326,13,22,1,1284.5,4,3,3,3,433,433,standard
GS-004327,27,11,0,1153.84,3,2,2,3,323,323,loyal
GS-004328,1149,12,0,449.08,1,3,2,1,131,121,standard
GS-004329,32,12,0,727.96,3,3,2,2,332,322,standard
GS-004330,19,45,3,1836.18,4,5,5,4,454,454,standard
GS-004331,27,59,4,6536.77,3,5,5,5,355,355,loyal
GS-004332,24,29,2,1626.06,3,4,4,3,343,343,standard
GS-004333,23,64,5,3667.19,3,5,5,5,355,355,standard
GS-004334,237,24,1,916.6,2,4,3,2,242,232,standard
GS-004335,9,28,2,919.35,5,4,4,2,542,542,standard
GS-004336,18,45,3,1952.72,4,5,5,4,454,454,loyal
GS-004337,1497,2,1,1987.77,1,1,3,4,114,134,loyal
GS-004338,285,48,3,1262.23,2,5,5,3,253,253,price_sensitive
GS-004339,596,1,0,609.94,1,1,2,2,112,122,price_sensitive
GS-004340,15,25,2,1247.98,4,4,4,3,443,443,standard
GS-004341,4,16,1,1007.59,5,3,3,3,533,533,loyal
GS-004342,12,29,2,1528.44,4,4,4,3,443,443,loyal
GS-004343,6,19,1,698.08,5,3,3,2,532,532,standard
GS-004344,3,24,1,878.64,5,4,3,2,542,532,loyal
GS-004345,18,46,3,1683.38,4,5,5,3,453,453,standard
GS-004346,106,1,0,1232.23,2,1,2,3,213,223,standard
GS-004347,814,4,3,2139.13,1,2,5,4,124,154,standard
GS-004348,8,3,0,198.01,5,1,2,1,511,521,loyal
GS-004349,1,30,2,1293.6,5,4,4,3,543,543,loyal
GS-004350,13,48,3,3095.06,4,5,5,5,455,455,loyal
GS-004351,26,18,1,846.55,3,3,3,2,332,332,loyal
GS-004352,519,12,0,464.6,1,3,2,1,131,121,price_sensitive
GS-004353,7,3,0,132.61,5,1,2,1,511,521,price_sensitive
GS-004354,1173,12,0,386.81,1,3,2,1,131,121,standard
GS-004355,17,52,4,4803.97,4,5,5,5,455,455,loyal
GS-004356,1922,1,0,392.81,1,1,2,1,111,121,standard
GS-004357,1207,12,0,393.93,1,3,2,1,131,121,price_sensitive
GS-004358,262,3,2,3479.92,2,1,4,5,215,245,loyal
GS-004359,27,41,3,4874.97,3,5,5,5,355,355,standard
GS-004360,6,52,4,1577.0,5,5,5,3,553,553,standard
GS-004361,22,63,5,4991.28,3,5,5,5,355,355,standard
GS-004362,309,3,2,1270.18,2,1,4,3,213,243,price_sensitive
GS-004363,102,12,0,646.89,2,3,2,2,232,222,standard
GS-004364,827,24,1,652.92,1,4,3,2,142,132,price_sensitive
GS-004365,1,53,4,3976.53,5,5,5,5,555,555,standard
GS-004366,17,8,0,394.25,4,2,2,1,421,421,price_sensitive
GS-004367,1,29,2,1604.12,5,4,4,3,543,543,loyal
GS-004368,19,9,0,814.33,4,2,2,2,422,422,loyal
GS-004369,57,5,4,2459.87,3,2,5,4,324,354,loyal
GS-004370,210,2,1,1230.03,2,1,3,3,213,233,standard
GS-004371,7,20,1,636.35,5,3,3,2,532,532,price_sensitive
GS-004372,357,2,1,1634.34,2,1,3,3,213,233,standard
GS-004373,19,12,0,819.76,4,3,2,2,432,422,price_sensitive
GS-004374,885,36,2,2770.27,1,4,4,4,144,144,standard
GS-004375,285,1,0,601.15,2,1,2,2,212,222,standard
GS-004376,23,65,5,2615.84,3,5,5,4,354,354,standard
GS-004377,235,12,0,427.98,2,3,2,1,231,221,standard
GS-004378,27,7,0,555.99,3,2,2,2,322,322,loyal
GS-004379,252,4,3,3239.39,2,2,5,5,225,255,standard
GS-004380,519,24,1,1730.28,1,4,3,4,144,134,loyal
GS-004381,12,40,3,1369.39,4,4,5,3,443,453,price_sensitive
GS-004382,227,3,2,1863.85,2,1,4,4,214,244,standard
GS-004383,14,58,4,2613.29,4,5,5,4,454,454,loyal
GS-004384,1,25,2,950.46,5,4,4,2,542,542,price_sensitive
GS-004385,1,12,0,723.06,5,3,2,2,532,522,loyal
GS-004386,13,31,2,2108.76,4,4,4,4,444,444,loyal
GS-004387,2,7,0,544.38,5,2,2,2,522,522,loyal
GS-004388,1419,12,0,576.85,1,3,2,2,132,122,price_sensitive
GS-004389,837,12,0,619.61,1,3,2,2,132,122,standard
GS-004390,18,10,0,925.74,4,2,2,2,422,422,loyal
GS-004391,226,4,3,5196.11,2,2,5,5,225,255,loyal
GS-004392,17,11,0,300.26,4,2,2,1,421,421,price_sensitive
GS-004393,14,40,3,3709.82,4,4,5,5,445,455,standard
GS-004394,21,2,0,99.8,3,1,2,1,311,321,standard
GS-004395,22,51,4,3810.97,3,5,5,5,355,355,loyal
GS-004396,15,5,0,221.43,4,2,2,1,421,421,standard
GS-004397,8,23,1,1732.13,5,3,3,4,534,534,standard
GS-004398,17,36,2,1826.86,4,4,4,4,444,444,standard
GS-004399,16,29,2,1280.21,4,4,4,3,443,443,loyal
GS-004400,13,14,1,451.36,4,3,3,1,431,431,price_sensitive
GS-004401,1,41,3,1301.87,5,5,5,3,553,553,standard
GS-004402,22,41,3,1760.26,3,5,5,4,354,354,standard
GS-004403,362,3,2,1391.3,2,1,4,3,213,243,standard
GS-004404,1767,1,0,671.2,1,1,2,2,112,122,price_sensitive
GS-004405,7,55,4,4083.71,5,5,5,5,555,555,standard
GS-004406,64,1,0,652.63,3,1,2,2,312,322,loyal
GS-004407,16,37,3,3715.21,4,4,5,5,445,455,loyal
GS-004408,915,36,2,1583.92,1,4,4,3,143,143,price_sensitive
GS-004409,56,24,1,1780.28,3,4,3,4,344,334,standard
GS-004410,153,1,0,698.14,2,1,2,2,212,222,standard
GS-004411,4,46,3,2339.13,5,5,5,4,554,554,standard
GS-004412,826,12,0,329.69,1,3,2,1,131,121,standard
GS-004413,1319,12,0,415.33,1,3,2,1,131,121,price_sensitive
GS-004414,261,3,2,945.45,2,1,4,2,212,242,price_sensitive
GS-004415,1,15,1,744.35,5,3,3,2,532,532,standard
GS-004416,989,24,1,1449.46,1,4,3,3,143,133,price_sensitive
GS-004417,25,9,0,757.06,3,2,2,2,322,322,loyal
GS-004418,16,12,0,766.14,4,3,2,2,432,422,loyal
GS-004419,127,6,5,4097.59,2,2,5,5,225,255,standard
GS-004420,34,5,4,4576.03,3,2,5,5,325,355,standard
GS-004421,6,19,1,1071.99,5,3,3,3,533,533,standard
GS-004422,680,12,0,560.97,1,3,2,2,132,122,price_sensitive
GS-004423,15,20,1,835.45,4,3,3,2,432,432,standard
GS-004424,239,48,3,2091.42,2,5,5,4,254,254,price_sensitive
GS-004425,17,43,3,5391.8,4,5,5,5,455,455,loyal
GS-004426,337,24,1,1897.06,2,4,3,4,244,234,price_sensitive
GS-004427,270,12,0,346.87,2,3,2,1,231,221,price_sensitive
GS-004428,5,47,3,2896.63,5,5,5,5,555,555,standard
GS-004429,324,12,0,832.96,2,3,2,2,232,222,price_sensitive
GS-004430,26,46,3,1404.0,3,5,5,3,353,353,standard
GS-004431,24,51,4,4661.38,3,5,5,5,355,355,standard
GS-004432,350,12,0,493.41,2,3,2,1,231,221,price_sensitive
GS-004433,181,12,0,438.19,2,3,2,1,231,221,standard
GS-004434,1050,12,0,429.36,1,3,2,1,131,121,price_sensitive
GS-004435,854,12,0,296.48,1,3,2,1,131,121,price_sensitive
GS-004436,19,50,4,3440.73,4,5,5,5,455,455,standard
GS-004437,17,5,0,286.21,4,2,2,1,421,421,standard
GS-004438,1,60,4,3385.89,5,5,5,5,555,555,standard
GS-004439,1001,2,1,2040.5,1,1,3,4,114,134,price_sensitive
GS-004440,1086,1,0,841.16,1,1,2,2,112,122,standard
GS-004441,2,42,3,2121.82,5,5,5,4,554,554,standard
GS-004442,163,3,2,1563.55,2,1,4,3,213,243,loyal
GS-004443,3,24,1,997.51,5,4,3,3,543,533,standard
GS-004444,302,1,0,1303.29,2,1,2,3,213,223,standard
GS-004445,15,48,3,3024.43,4,5,5,5,455,455,standard
GS-004446,396,24,1,1130.37,2,4,3,3,243,233,price_sensitive
GS-004447,1,2,1,2080.89,5,1,3,4,514,534,standard
GS-004448,19,13,1,1146.92,4,3,3,3,433,433,standard
GS-004449,14,43,3,1592.24,4,5,5,3,453,453,loyal
GS-004450,104,6,5,6636.06,2,2,5,5,225,255,loyal
GS-004451,37,3,2,1612.45,3,1,4,3,313,343,price_sensitive
GS-004452,18,50,4,1444.69,4,5,5,3,453,453,standard
GS-004453,6,63,5,2113.7,5,5,5,4,554,554,standard
GS-004454,24,49,4,3694.98,3,5,5,5,355,355,standard
GS-004455,14,6,0,498.98,4,2,2,1,421,421,standard
GS-004456,22,4,0,82.55,3,2,2,1,321,321,price_sensitive
GS-004457,19,41,3,1698.34,4,5,5,4,454,454,price_sensitive
GS-004458,1219,12,0,310.41,1,3,2,1,131,121,price_sensitive
GS-004459,474,36,2,1771.49,1,4,4,4,144,144,price_sensitive
GS-004460,4,21,1,1159.02,5,3,3,3,533,533,standard
GS-004461,329,1,0,981.39,2,1,2,2,212,222,loyal
GS-004462,2,55,4,5163.17,5,5,5,5,555,555,loyal
GS-004463,5,5,0,359.65,5,2,2,1,521,521,loyal
GS-004464,5,9,0,365.94,5,2,2,1,521,521,price_sensitive
GS-004465,10,12,0,569.78,4,3,2,2,432,422,standard
GS-004466,1469,12,0,503.94,1,3,2,1,131,121,price_sensitive
GS-004467,14,37,3,1374.74,4,4,5,3,443,453,standard
GS-004468,543,12,0,281.85,1,3,2,1,131,121,price_sensitive
GS-004469,1281,12,0,478.7,1,3,2,1,131,121,price_sensitive
GS-004470,6,41,3,2468.11,5,5,5,4,554,554,standard
GS-004471,54,5,4,1415.17,3,2,5,3,323,353,standard
GS-004472,12,4,0,121.58,4,2,2,1,421,421,price_sensitive
GS-004473,28,31,2,1905.1,3,4,4,4,344,344,standard
GS-004474,8,3,0,139.02,5,1,2,1,511,521,price_sensitive
GS-004475,550,12,0,1685.29,1,3,2,3,133,123,loyal
GS-004476,22,9,0,301.43,3,2,2,1,321,321,price_sensitive
GS-004477,27,17,1,866.59,3,3,3,2,332,332,standard
GS-004478,201,2,1,1961.59,2,1,3,4,214,234,standard
GS-004479,1117,24,1,1044.95,1,4,3,3,143,133,standard
GS-004480,1654,1,0,603.45,1,1,2,2,112,122,price_sensitive
GS-004481,1218,1,0,280.05,1,1,2,1,111,121,price_sensitive
GS-004482,641,1,0,965.97,1,1,2,2,112,122,price_sensitive
GS-004483,15,11,0,357.61,4,2,2,1,421,421,standard
GS-004484,7,23,1,2327.96,5,3,3,4,534,534,standard
GS-004485,872,12,0,456.32,1,3,2,1,131,121,price_sensitive
GS-004486,909,24,1,1038.0,1,4,3,3,143,133,price_sensitive
GS-004487,22,35,2,1915.3,3,4,4,4,344,344,loyal
GS-004488,8,27,2,4195.0,5,4,4,5,545,545,loyal
GS-004489,995,12,0,389.29,1,3,2,1,131,121,price_sensitive
GS-004490,2,29,2,2535.03,5,4,4,4,544,544,standard
GS-004491,27,6,0,464.23,3,2,2,1,321,321,loyal
GS-004492,19,2,0,183.27,4,1,2,1,411,421,price_sensitive
GS-004493,382,12,0,1551.14,2,3,2,3,233,223,loyal
GS-004494,18,6,0,596.27,4,2,2,2,422,422,standard
GS-004495,11,63,5,7478.96,4,5,5,5,455,455,loyal
GS-004496,27,52,4,3238.7,3,5,5,5,355,355,loyal
GS-004497,144,5,4,7451.95,2,2,5,5,225,255,standard
GS-004498,267,5,4,2632.71,2,2,5,4,224,254,standard
GS-004499,1,56,4,2977.52,5,5,5,5,555,555,standard
GS-004500,27,46,3,2890.32,3,5,5,5,355,355,loyal
GS-004501,1462,2,1,1399.49,1,1,3,3,113,133,standard
GS-004502,14,41,3,4298.57,4,5,5,5,455,455,standard
GS-004503,10,56,4,3113.31,4,5,5,5,455,455,standard
GS-004504,15,8,0,652.58,4,2,2,2,422,422,standard
GS-004505,25,12,0,936.55,3,3,2,2,332,322,loyal
GS-004506,28,39,3,1269.1,3,4,5,3,343,353,standard
GS-004507,15,18,1,1891.94,4,3,3,4,434,434,loyal
GS-004508,871,3,2,1092.98,1,1,4,3,113,143,price_sensitive
GS-004509,742,12,0,377.65,1,3,2,1,131,121,standard
GS-004510,753,1,0,503.53,1,1,2,1,111,121,price_sensitive
GS-004511,1,32,2,1143.01,5,4,4,3,543,543,standard
GS-004512,1,23,1,2788.98,5,3,3,4,534,534,standard
GS-004513,289,5,4,1627.07,2,2,5,3,223,253,standard
GS-004514,249,2,1,2597.95,2,1,3,4,214,234,loyal
GS-004515,959,12,0,476.96,1,3,2,1,131,121,price_sensitive
GS-004516,415,4,3,2954.38,1,2,5,5,125,155,standard
GS-004517,707,1,0,577.15,1,1,2,2,112,122,standard
GS-004518,397,5,4,2185.25,2,2,5,4,224,254,standard
GS-004519,28,27,2,2291.35,3,4,4,4,344,344,standard
GS-004520,215,48,3,1884.52,2,5,5,4,254,254,price_sensitive
GS-004521,9,65,5,3566.47,5,5,5,5,555,555,loyal
GS-004522,44,4,3,1833.31,3,2,5,4,324,354,standard
GS-004523,610,12,0,431.91,1,3,2,1,131,121,price_sensitive
GS-004524,283,2,1,1180.0,2,1,3,3,213,233,standard
GS-004525,5,36,2,1790.28,5,4,4,4,544,544,standard
GS-004526,785,24,1,1233.09,1,4,3,3,143,133,price_sensitive
GS-004527,570,48,3,3321.82,1,5,5,5,155,155,standard
GS-004528,15,30,2,2315.23,4,4,4,4,444,444,loyal
GS-004529,19,52,4,1539.84,4,5,5,3,453,453,standard
GS-004530,1022,12,0,463.46,1,3,2,1,131,121,price_sensitive
GS-004531,1,59,4,4100.84,5,5,5,5,555,555,standard
GS-004532,215,48,3,3717.99,2,5,5,5,255,255,loyal
GS-004533,232,48,3,1348.2,2,5,5,3,253,253,price_sensitive
GS-004534,11,47,3,2071.51,4,5,5,4,454,454,loyal
GS-004535,585,3,2,1668.84,1,1,4,3,113,143,standard
GS-004536,184,2,1,828.36,2,1,3,2,212,232,loyal
GS-004537,12,49,4,2466.51,4,5,5,4,454,454,standard
GS-004538,14,32,2,1605.45,4,4,4,3,443,443,standard
GS-004539,1,62,5,2221.71,5,5,5,4,554,554,standard
GS-004540,202,1,0,396.56,2,1,2,1,211,221,price_sensitive
GS-004541,5,30,2,3264.52,5,4,4,5,545,545,loyal
GS-004542,10,42,3,1381.11,4,5,5,3,453,453,price_sensitive
GS-004543,1,63,5,6328.47,5,5,5,5,555,555,loyal
GS-004544,1307,12,0,564.55,1,3,2,2,132,122,standard
GS-004545,641,12,0,701.8,1,3,2,2,132,122,standard
GS-004546,162,12,0,221.93,2,3,2,1,231,221,price_sensitive
GS-004547,42,5,4,3970.09,3,2,5,5,325,355,loyal
GS-004548,1500,12,0,483.04,1,3,2,1,131,121,standard
GS-004549,1250,24,1,740.33,1,4,3,2,142,132,price_sensitive
GS-004550,65,4,3,2015.19,3,2,5,4,324,354,standard
GS-004551,1,2,0,66.44,5,1,2,1,511,521,price_sensitive
GS-004552,693,12,0,417.06,1,3,2,1,131,121,standard
GS-004553,9,9,0,575.9,5,2,2,2,522,522,standard
GS-004554,7,16,1,800.23,5,3,3,2,532,532,standard
GS-004555,238,2,1,665.31,2,1,3,2,212,232,price_sensitive
GS-004556,12,2,1,968.28,4,1,3,2,412,432,standard
GS-004557,26,5,0,236.16,3,2,2,1,321,321,standard
GS-004558,14,17,1,1211.3,4,3,3,3,433,433,loyal
GS-004559,3,30,2,1817.34,5,4,4,4,544,544,standard
GS-004560,1056,12,0,370.08,1,3,2,1,131,121,price_sensitive
GS-004561,1139,1,0,1309.97,1,1,2,3,113,123,standard
GS-004562,27,53,4,2312.25,3,5,5,4,354,354,standard
GS-004563,854,24,1,1950.05,1,4,3,4,144,134,standard
GS-004564,4,22,1,889.38,5,3,3,2,532,532,standard
GS-004565,1,54,4,2905.17,5,5,5,5,555,555,standard
GS-004566,10,22,1,1360.49,4,3,3,3,433,433,standard
GS-004567,6,26,2,970.59,5,4,4,2,542,542,standard
GS-004568,3,25,2,1167.02,5,4,4,3,543,543,standard
GS-004569,350,5,4,1945.25,2,2,5,4,224,254,loyal
GS-004570,3,17,1,955.78,5,3,3,2,532,532,loyal
GS-004571,178,5,4,2353.78,2,2,5,4,224,254,standard
GS-004572,286,2,1,1189.1,2,1,3,3,213,233,standard
GS-004573,1255,24,1,2260.57,1,4,3,4,144,134,standard
GS-004574,473,48,3,1444.79,1,5,5,3,153,153,price_sensitive
GS-004575,128,3,2,3640.5,2,1,4,5,215,245,loyal
GS-004576,362,12,0,357.14,2,3,2,1,231,221,price_sensitive
GS-004577,304,12,0,352.7,2,3,2,1,231,221,standard
GS-004578,1281,24,1,1495.5,1,4,3,3,143,133,standard
GS-004579,27,3,0,117.89,3,1,2,1,311,321,price_sensitive
GS-004580,1,26,2,2006.78,5,4,4,4,544,544,standard
GS-004581,28,30,2,3487.03,3,4,4,5,345,345,loyal
GS-004582,1533,12,0,506.46,1,3,2,1,131,121,standard
GS-004583,7,5,0,403.17,5,2,2,1,521,521,standard
GS-004584,21,24,1,1002.18,3,4,3,3,343,333,standard
GS-004585,128,12,0,415.24,2,3,2,1,231,221,price_sensitive
GS-004586,179,2,1,1020.61,2,1,3,3,213,233,price_sensitive
GS-004587,288,2,1,1249.6,2,1,3,3,213,233,standard
GS-004588,159,1,0,1022.39,2,1,2,3,213,223,standard
GS-004589,8,11,0,739.9,5,2,2,2,522,522,standard
GS-004590,20,45,3,3389.21,3,5,5,5,355,355,loyal
GS-004591,237,48,3,1465.01,2,5,5,3,253,253,price_sensitive
GS-004592,706,1,0,682.03,1,1,2,2,112,122,price_sensitive
GS-004593,15,11,0,404.31,4,2,2,1,421,421,standard
GS-004594,16,24,1,2899.87,4,4,3,5,445,435,loyal
GS-004595,16,24,1,1262.38,4,4,3,3,443,433,standard
GS-004596,87,4,3,1468.12,2,2,5,3,223,253,standard
GS-004597,5,23,1,2305.04,5,3,3,4,534,534,loyal
GS-004598,20,29,2,1085.35,3,4,4,3,343,343,standard
GS-004599,846,4,3,984.51,1,2,5,2,122,152,price_sensitive
GS-004600,7,12,0,636.18,5,3,2,2,532,522,standard
GS-004601,9,5,0,306.52,5,2,2,1,521,521,loyal
GS-004602,1,7,0,292.08,5,2,2,1,521,521,standard
GS-004603,15,12,0,628.81,4,3,2,2,432,422,standard
GS-004604,960,12,0,825.18,1,3,2,2,132,122,standard
GS-004605,362,12,0,552.7,2,3,2,2,232,222,standard
GS-004606,503,12,0,456.41,1,3,2,1,131,121,price_sensitive
GS-004607,132,36,2,1968.76,2,4,4,4,244,244,loyal
GS-004608,1428,1,0,693.81,1,1,2,2,112,122,standard
GS-004609,25,7,0,344.52,3,2,2,1,321,321,standard
GS-004610,110,3,2,2754.08,2,1,4,4,214,244,standard
GS-004611,17,6,0,234.88,4,2,2,1,421,421,standard
GS-004612,13,31,2,1533.52,4,4,4,3,443,443,price_sensitive
GS-004613,344,2,1,901.06,2,1,3,2,212,232,standard
GS-004614,17,44,3,2403.94,4,5,5,4,454,454,standard
GS-004615,558,4,3,4381.6,1,2,5,5,125,155,standard
GS-004616,2,5,0,214.06,5,2,2,1,521,521,price_sensitive
GS-004617,23,49,4,2832.21,3,5,5,4,354,354,loyal
GS-004618,527,1,0,1038.95,1,1,2,3,113,123,loyal
GS-004619,8,16,1,902.17,5,3,3,2,532,532,standard
GS-004620,8,4,0,204.82,5,2,2,1,521,521,price_sensitive
GS-004621,14,4,0,142.73,4,2,2,1,421,421,price_sensitive
GS-004622,24,4,0,215.39,3,2,2,1,321,321,standard
GS-004623,28,3,0,324.37,3,1,2,1,311,321,loyal
GS-004624,7,28,2,1777.0,5,4,4,4,544,544,standard
GS-004625,10,2,0,50.86,4,1,2,1,411,421,price_sensitive
GS-004626,1652,12,0,842.47,1,3,2,2,132,122,price_sensitive
GS-004627,1,63,5,4855.69,5,5,5,5,555,555,standard
GS-004628,227,3,2,3516.45,2,1,4,5,215,245,loyal
GS-004629,1558,1,0,284.25,1,1,2,1,111,121,price_sensitive
GS-004630,94,1,0,507.67,2,1,2,1,211,221,standard
GS-004631,5,35,2,1279.24,5,4,4,3,543,543,standard
GS-004632,958,12,0,342.07,1,3,2,1,131,121,price_sensitive
GS-004633,16,18,1,526.17,4,3,3,2,432,432,standard
GS-004634,1,5,0,591.11,5,2,2,2,522,522,loyal
GS-004635,1075,24,1,970.2,1,4,3,2,142,132,standard
GS-004636,67,36,2,713.03,3,4,4,2,342,342,price_sensitive
GS-004637,1,51,4,2543.73,5,5,5,4,554,554,standard
GS-004638,893,12,0,500.33,1,3,2,1,131,121,price_sensitive
GS-004639,26,22,1,705.11,3,3,3,2,332,332,standard
GS-004640,889,12,0,386.18,1,3,2,1,131,121,price_sensitive
GS-004641,10,48,3,2946.16,4,5,5,5,455,455,loyal
GS-004642,23,5,0,232.66,3,2,2,1,321,321,standard
GS-004643,716,3,2,1316.79,1,1,4,3,113,143,standard
GS-004644,799,12,0,855.19,1,3,2,2,132,122,standard
GS-004645,783,12,0,301.38,1,3,2,1,131,121,standard
GS-004646,1,5,0,460.5,5,2,2,1,521,521,standard
GS-004647,35,3,2,2698.5,3,1,4,4,314,344,loyal
GS-004648,19,33,2,847.08,4,4,4,2,442,442,standard
GS-004649,352,3,2,2315.63,2,1,4,4,214,244,standard
GS-004650,9,28,2,1990.53,5,4,4,4,544,544,loyal
GS-004651,1390,12,0,292.12,1,3,2,1,131,121,price_sensitive
GS-004652,269,5,4,3390.12,2,2,5,5,225,255,standard
GS-004653,230,12,0,446.32,2,3,2,1,231,221,price_sensitive
GS-004654,19,3,0,85.33,4,1,2,1,411,421,standard
GS-004655,12,43,3,2298.77,4,5,5,4,454,454,standard
GS-004656,21,37,3,2006.47,3,4,5,4,344,354,standard
GS-004657,24,35,2,3393.55,3,4,4,5,345,345,loyal
GS-004658,311,5,4,7541.54,2,2,5,5,225,255,loyal
GS-004659,12,54,4,3553.26,4,5,5,5,455,455,standard
GS-004660,293,1,0,743.43,2,1,2,2,212,222,standard
GS-004661,27,37,3,1873.58,3,4,5,4,344,354,standard
GS-004662,872,1,0,435.35,1,1,2,1,111,121,standard
GS-004663,204,1,0,234.5,2,1,2,1,211,221,price_sensitive
GS-004664,817,12,0,439.37,1,3,2,1,131,121,price_sensitive
GS-004665,123,6,5,3050.02,2,2,5,5,225,255,standard
GS-004666,1104,3,2,5051.82,1,1,4,5,115,145,loyal
GS-004667,1650,12,0,391.58,1,3,2,1,131,121,standard
GS-004668,5,36,2,1964.39,5,4,4,4,544,544,standard
GS-004669,272,12,0,596.03,2,3,2,2,232,222,standard
GS-004670,19,47,3,3808.21,4,5,5,5,455,455,loyal
GS-004671,17,18,1,771.81,4,3,3,2,432,432,standard
GS-004672,1,49,4,2481.24,5,5,5,4,554,554,loyal
GS-004673,13,4,0,169.5,4,2,2,1,421,421,standard
GS-004674,20,29,2,818.03,3,4,4,2,342,342,standard
GS-004675,160,1,0,293.78,2,1,2,1,211,221,standard
GS-004676,215,3,2,2435.73,2,1,4,4,214,244,loyal
GS-004677,6,6,0,373.98,5,2,2,1,521,521,loyal
GS-004678,18,2,0,148.49,4,1,2,1,411,421,standard
GS-004679,181,4,3,2293.28,2,2,5,4,224,254,loyal
GS-004680,768,12,0,1294.02,1,3,2,3,133,123,standard
GS-004681,6,21,1,1982.32,5,3,3,4,534,534,loyal
GS-004682,1672,1,0,201.47,1,1,2,1,111,121,price_sensitive
GS-004683,320,2,1,2769.25,2,1,3,4,214,234,standard
GS-004684,19,44,3,1631.5,4,5,5,3,453,453,price_sensitive
GS-004685,221,5,4,3058.4,2,2,5,5,225,255,loyal
GS-004686,6,19,1,825.36,5,3,3,2,532,532,price_sensitive
GS-004687,15,5,0,495.37,4,2,2,1,421,421,standard
GS-004688,8,8,0,452.76,5,2,2,1,521,521,loyal
GS-004689,204,4,3,3848.02,2,2,5,5,225,255,loyal
GS-004690,1600,1,0,304.43,1,1,2,1,111,121,price_sensitive
GS-004691,13,63,5,3097.54,4,5,5,5,455,455,loyal
GS-004692,156,12,0,526.5,2,3,2,2,232,222,standard
GS-004693,543,12,0,606.18,1,3,2,2,132,122,standard
GS-004694,1154,12,0,453.72,1,3,2,1,131,121,standard
GS-004695,27,27,2,3247.12,3,4,4,5,345,345,loyal
GS-004696,1291,2,1,631.29,1,1,3,2,112,132,price_sensitive
GS-004697,780,12,0,661.57,1,3,2,2,132,122,standard
GS-004698,4,7,0,509.47,5,2,2,1,521,521,standard
GS-004699,27,7,0,224.52,3,2,2,1,321,321,price_sensitive
GS-004700,84,36,2,1690.85,2,4,4,4,244,244,price_sensitive
GS-004701,64,3,2,2693.02,3,1,4,4,314,344,standard
GS-004702,96,5,4,8492.25,2,2,5,5,225,255,standard
GS-004703,11,48,3,2590.32,4,5,5,4,454,454,standard
GS-004704,4,63,5,3389.37,5,5,5,5,555,555,standard
GS-004705,22,23,1,1659.1,3,3,3,3,333,333,loyal
GS-004706,104,5,4,4186.04,2,2,5,5,225,255,standard
GS-004707,432,1,0,1198.28,1,1,2,3,113,123,loyal
GS-004708,23,30,2,1361.27,3,4,4,3,343,343,loyal
GS-004709,1003,24,1,1047.76,1,4,3,3,143,133,standard
GS-004710,11,42,3,2340.99,4,5,5,4,454,454,loyal
GS-004711,4,16,1,766.96,5,3,3,2,532,532,standard
GS-004712,797,4,3,2480.74,1,2,5,4,124,154,price_sensitive
GS-004713,193,1,0,621.2,2,1,2,2,212,222,standard
GS-004714,22,30,2,2970.54,3,4,4,5,345,345,loyal
GS-004715,10,11,0,1154.83,4,2,2,3,423,423,loyal
GS-004716,219,2,1,933.44,2,1,3,2,212,232,standard
GS-004717,16,12,0,1012.43,4,3,2,3,433,423,price_sensitive
GS-004718,25,30,2,2374.24,3,4,4,4,344,344,standard
GS-004719,1,13,1,1030.62,5,3,3,3,533,533,loyal
GS-004720,17,33,2,1114.57,4,4,4,3,443,443,price_sensitive
GS-004721,1169,12,0,463.84,1,3,2,1,131,121,standard
GS-004722,1189,1,0,398.44,1,1,2,1,111,121,price_sensitive
GS-004723,27,47,3,2954.09,3,5,5,5,355,355,standard
GS-004724,24,6,0,282.85,3,2,2,1,321,321,standard
GS-004725,276,4,3,2456.5,2,2,5,4,224,254,loyal
GS-004726,9,7,0,726.9,5,2,2,2,522,522,loyal
GS-004727,4,27,2,4232.22,5,4,4,5,545,545,loyal
GS-004728,9,62,5,5927.1,5,5,5,5,555,555,loyal
GS-004729,29,1,0,902.87,3,1,2,2,312,322,loyal
GS-004730,148,24,1,462.97,2,4,3,1,241,231,price_sensitive
GS-004731,193,2,1,1337.51,2,1,3,3,213,233,standard
GS-004732,1280,12,0,605.19,1,3,2,2,132,122,price_sensitive
GS-004733,5,17,1,528.17,5,3,3,2,532,532,standard
GS-004734,328,12,0,732.17,2,3,2,2,232,222,standard
GS-004735,22,66,5,1971.63,3,5,5,4,354,354,standard
GS-004736,3,55,4,3465.73,5,5,5,5,555,555,loyal
GS-004737,17,5,0,228.95,4,2,2,1,421,421,price_sensitive
GS-004738,287,48,3,2260.35,2,5,5,4,254,254,standard
GS-004739,181,2,1,1301.84,2,1,3,3,213,233,standard
GS-004740,533,12,0,575.22,1,3,2,2,132,122,standard
GS-004741,6,49,4,1587.3,5,5,5,3,553,553,standard
GS-004742,1,17,1,803.52,5,3,3,2,532,532,price_sensitive
GS-004743,26,33,2,1484.73,3,4,4,3,343,343,standard
GS-004744,17,34,2,932.53,4,4,4,2,442,442,price_sensitive
GS-004745,245,5,4,3340.04,2,2,5,5,225,255,standard
GS-004746,27,20,1,887.08,3,3,3,2,332,332,loyal
GS-004747,5,33,2,3675.4,5,4,4,5,545,545,loyal
GS-004748,1,61,5,1844.47,5,5,5,4,554,554,standard
GS-004749,924,12,0,714.31,1,3,2,2,132,122,standard
GS-004750,1,18,1,2739.02,5,3,3,4,534,534,loyal
GS-004751,9,36,2,1756.44,5,4,4,4,544,544,loyal
GS-004752,13,34,2,2402.13,4,4,4,4,444,444,standard
GS-004753,536,36,2,814.85,1,4,4,2,142,142,price_sensitive
GS-004754,17,19,1,699.73,4,3,3,2,432,432,price_sensitive
GS-004755,208,1,0,800.06,2,1,2,2,212,222,loyal
GS-004756,23,61,5,3313.45,3,5,5,5,355,355,standard
GS-004757,696,3,2,1777.74,1,1,4,4,114,144,loyal
GS-004758,158,1,0,1145.64,2,1,2,3,213,223,standard
GS-004759,26,65,5,3590.4,3,5,5,5,355,355,standard
GS-004760,22,14,1,851.52,3,3,3,2,332,332,standard
GS-004761,255,24,1,1217.2,2,4,3,3,243,233,price_sensitive
GS-004762,22,21,1,713.34,3,3,3,2,332,332,standard
GS-004763,1,19,1,1495.9,5,3,3,3,533,533,loyal
GS-004764,98,6,5,5257.45,2,2,5,5,225,255,loyal
GS-004765,4,17,1,758.58,5,3,3,2,532,532,price_sensitive
GS-004766,961,24,1,639.53,1,4,3,2,142,132,price_sensitive
GS-004767,870,12,0,504.46,1,3,2,1,131,121,price_sensitive
GS-004768,1,33,2,4315.85,5,4,4,5,545,545,loyal
GS-004769,24,18,1,1653.39,3,3,3,3,333,333,standard
GS-004770,27,17,1,976.31,3,3,3,2,332,332,standard
GS-004771,1,57,4,3788.12,5,5,5,5,555,555,loyal
GS-004772,662,24,1,946.86,1,4,3,2,142,132,price_sensitive
GS-004773,7,8,0,546.28,5,2,2,2,522,522,standard
GS-004774,225,4,3,2417.67,2,2,5,4,224,254,loyal
GS-004775,23,31,2,2157.64,3,4,4,4,344,344,loyal
GS-004776,1,15,1,670.74,5,3,3,2,532,532,loyal
GS-004777,663,3,2,1823.68,1,1,4,4,114,144,standard
GS-004778,57,5,4,4682.03,3,2,5,5,325,355,standard
GS-004779,1,33,2,2036.55,5,4,4,4,544,544,standard
GS-004780,9,15,1,1054.78,5,3,3,3,533,533,standard
GS-004781,94,4,3,3706.35,2,2,5,5,225,255,standard
GS-004782,575,12,0,637.3,1,3,2,2,132,122,price_sensitive
GS-004783,24,66,5,6684.72,3,5,5,5,355,355,loyal
GS-004784,64,6,5,3437.17,3,2,5,5,325,355,standard
GS-004785,58,12,0,876.77,3,3,2,2,332,322,loyal
GS-004786,121,1,0,200.53,2,1,2,1,211,221,price_sensitive
GS-004787,178,4,3,1689.53,2,2,5,4,224,254,standard
GS-004788,22,13,1,1036.41,3,3,3,3,333,333,price_sensitive
GS-004789,98,1,0,465.68,2,1,2,1,211,221,price_sensitive
GS-004790,21,37,3,3076.08,3,4,5,5,345,355,standard
GS-004791,1,55,4,5811.69,5,5,5,5,555,555,standard
GS-004792,1574,12,0,717.57,1,3,2,2,132,122,loyal
GS-004793,25,64,5,7430.27,3,5,5,5,355,355,loyal
GS-004794,10,24,1,607.23,4,4,3,2,442,432,standard
GS-004795,5,59,4,1764.23,5,5,5,4,554,554,standard
GS-004796,24,21,1,1552.68,3,3,3,3,333,333,standard
GS-004797,3,4,0,259.48,5,2,2,1,521,521,price_sensitive
GS-004798,6,64,5,5712.76,5,5,5,5,555,555,loyal
GS-004799,12,50,4,2933.35,4,5,5,5,455,455,standard
GS-004800,3,24,1,1413.42,5,4,3,3,543,533,standard
GS-004801,148,2,1,2000.08,2,1,3,4,214,234,standard
GS-004802,28,48,3,6219.37,3,5,5,5,355,355,standard
GS-004803,31,48,3,2669.17,3,5,5,4,354,354,standard
GS-004804,1,42,3,3418.44,5,5,5,5,555,555,standard
GS-004805,352,2,1,1218.18,2,1,3,3,213,233,standard
GS-004806,68,4,3,4396.73,3,2,5,5,325,355,standard
GS-004807,76,1,0,685.76,2,1,2,2,212,222,price_sensitive
GS-004808,27,36,2,1882.9,3,4,4,4,344,344,standard
GS-004809,252,48,3,1711.04,2,5,5,4,254,254,price_sensitive
GS-004810,767,24,1,977.65,1,4,3,2,142,132,price_sensitive
GS-004811,254,48,3,2322.3,2,5,5,4,254,254,price_sensitive
GS-004812,19,41,3,3949.92,4,5,5,5,455,455,loyal
GS-004813,5,60,4,3719.19,5,5,5,5,555,555,standard
GS-004814,17,28,2,1441.73,4,4,4,3,443,443,standard
GS-004815,23,47,3,2200.8,3,5,5,4,354,354,standard
GS-004816,1480,12,0,384.75,1,3,2,1,131,121,price_sensitive
GS-004817,17,43,3,2029.79,4,5,5,4,454,454,standard
GS-004818,12,23,1,2380.94,4,3,3,4,434,434,loyal
GS-004819,337,1,0,412.73,2,1,2,1,211,221,price_sensitive
GS-004820,915,12,0,1201.76,1,3,2,3,133,123,standard
GS-004821,23,26,2,634.63,3,4,4,2,342,342,price_sensitive
GS-004822,245,12,0,533.86,2,3,2,2,232,222,price_sensitive
GS-004823,894,12,0,1041.15,1,3,2,3,133,123,price_sensitive
GS-004824,23,40,3,3061.4,3,4,5,5,345,355,loyal
GS-004825,671,24,1,896.98,1,4,3,2,142,132,price_sensitive
GS-004826,1062,12,0,382.48,1,3,2,1,131,121,price_sensitive
GS-004827,6,48,3,2070.44,5,5,5,4,554,554,standard
GS-004828,27,20,1,798.06,3,3,3,2,332,332,standard
GS-004829,340,1,0,712.63,2,1,2,2,212,222,standard
GS-004830,249,1,0,425.48,2,1,2,1,211,221,standard
GS-004831,4,40,3,4110.47,5,4,5,5,545,555,loyal
GS-004832,195,1,0,794.92,2,1,2,2,212,222,loyal
GS-004833,161,2,1,2291.51,2,1,3,4,214,234,loyal
GS-004834,278,5,4,3722.71,2,2,5,5,225,255,loyal
GS-004835,203,3,2,2709.34,2,1,4,4,214,244,price_sensitive
GS-004836,302,1,0,978.33,2,1,2,2,212,222,loyal
GS-004837,24,65,5,6030.69,3,5,5,5,355,355,loyal
GS-004838,1552,1,0,985.72,1,1,2,3,113,123,standard
GS-004839,18,9,0,632.73,4,2,2,2,422,422,standard
GS-004840,3,2,0,191.44,5,1,2,1,511,521,standard
GS-004841,14,18,1,1313.54,4,3,3,3,433,433,standard
GS-004842,17,59,4,3335.61,4,5,5,5,455,455,loyal
GS-004843,62,4,3,2813.28,3,2,5,4,324,354,standard
GS-004844,22,51,4,3138.55,3,5,5,5,355,355,standard
GS-004845,497,24,1,1044.11,1,4,3,3,143,133,standard
GS-004846,2,9,0,240.36,5,2,2,1,521,521,standard
GS-004847,19,15,1,739.01,4,3,3,2,432,432,standard
GS-004848,18,12,0,224.06,4,3,2,1,431,421,price_sensitive
GS-004849,102,4,3,1270.19,2,2,5,3,223,253,price_sensitive
GS-004850,49,1,0,1635.45,3,1,2,3,313,323,loyal
GS-004851,976,12,0,429.56,1,3,2,1,131,121,price_sensitive
GS-004852,5,52,4,3730.13,5,5,5,5,555,555,standard
GS-004853,123,3,2,2642.99,2,1,4,4,214,244,loyal
GS-004854,16,34,2,2780.05,4,4,4,4,444,444,standard
GS-004855,13,11,0,357.8,4,2,2,1,421,421,price_sensitive
GS-004856,15,48,3,3903.82,4,5,5,5,455,455,standard
GS-004857,53,6,5,4788.03,3,2,5,5,325,355,loyal
GS-004858,19,38,3,2888.95,4,4,5,5,445,455,loyal
GS-004859,294,12,0,625.05,2,3,2,2,232,222,standard
GS-004860,26,30,2,1419.95,3,4,4,3,343,343,loyal
GS-004861,2,30,2,3193.1,5,4,4,5,545,545,loyal
GS-004862,896,12,0,402.63,1,3,2,1,131,121,price_sensitive
GS-004863,641,4,3,1375.41,1,2,5,3,123,153,price_sensitive
GS-004864,662,12,0,485.82,1,3,2,1,131,121,price_sensitive
GS-004865,301,1,0,650.04,2,1,2,2,212,222,standard
GS-004866,19,18,1,1298.96,4,3,3,3,433,433,standard
GS-004867,189,1,0,837.34,2,1,2,2,212,222,standard
GS-004868,1,32,2,1916.08,5,4,4,4,544,544,loyal
GS-004869,7,63,5,3660.02,5,5,5,5,555,555,loyal
GS-004870,62,4,3,3122.96,3,2,5,5,325,355,loyal
GS-004871,1,51,4,3692.53,5,5,5,5,555,555,loyal
GS-004872,189,1,0,287.72,2,1,2,1,211,221,price_sensitive
GS-004873,1,5,0,143.9,5,2,2,1,521,521,price_sensitive
GS-004874,24,8,0,859.83,3,2,2,2,322,322,loyal
GS-004875,17,25,2,1700.74,4,4,4,4,444,444,loyal
GS-004876,20,11,0,792.52,3,2,2,2,322,322,price_sensitive
GS-004877,814,12,0,308.36,1,3,2,1,131,121,price_sensitive
GS-004878,8,39,3,5147.61,5,4,5,5,545,555,loyal
GS-004879,361,3,2,1027.85,2,1,4,3,213,243,price_sensitive
GS-004880,276,3,2,2351.88,2,1,4,4,214,244,standard
GS-004881,3,45,3,2620.51,5,5,5,4,554,554,loyal
GS-004882,19,2,0,59.54,4,1,2,1,411,421,standard
GS-004883,963,3,2,1207.44,1,1,4,3,113,143,price_sensitive
GS-004884,13,12,0,1350.28,4,3,2,3,433,423,loyal
GS-004885,184,4,3,3690.49,2,2,5,5,225,255,standard
GS-004886,26,40,3,1552.61,3,4,5,3,343,353,price_sensitive
GS-004887,764,12,0,371.24,1,3,2,1,131,121,price_sensitive
GS-004888,6,66,5,2045.55,5,5,5,4,554,554,standard
GS-004889,315,2,1,3075.17,2,1,3,5,215,235,loyal
GS-004890,26,55,4,1900.62,3,5,5,4,354,354,standard
GS-004891,1,60,4,3491.71,5,5,5,5,555,555,standard
GS-004892,13,10,0,234.26,4,2,2,1,421,421,price_sensitive
GS-004893,5,31,2,1064.2,5,4,4,3,543,543,standard
GS-004894,13,62,5,2775.43,4,5,5,4,454,454,standard
GS-004895,312,48,3,3037.09,2,5,5,5,255,255,standard
GS-004896,22,36,2,2677.68,3,4,4,4,344,344,standard
GS-004897,219,12,0,735.51,2,3,2,2,232,222,loyal
GS-004898,146,5,4,3315.48,2,2,5,5,225,255,standard
GS-004899,22,36,2,1623.04,3,4,4,3,343,343,standard
GS-004900,543,24,1,1139.52,1,4,3,3,143,133,price_sensitive
GS-004901,27,47,3,1540.76,3,5,5,3,353,353,price_sensitive
GS-004902,531,36,2,1119.09,1,4,4,3,143,143,price_sensitive
GS-004903,26,49,4,2637.67,3,5,5,4,354,354,standard
GS-004904,178,6,5,2619.21,2,2,5,4,224,254,standard
GS-004905,21,8,0,317.82,3,2,2,1,321,321,standard
GS-004906,15,5,0,216.56,4,2,2,1,421,421,loyal
GS-004907,8,12,0,302.48,5,3,2,1,531,521,price_sensitive
GS-004908,1,59,4,3424.85,5,5,5,5,555,555,loyal
GS-004909,17,56,4,4416.01,4,5,5,5,455,455,standard
GS-004910,77,3,2,1682.31,2,1,4,3,213,243,standard
GS-004911,1872,1,0,483.68,1,1,2,1,111,121,price_sensitive
GS-004912,27,50,4,2763.65,3,5,5,4,354,354,standard
GS-004913,28,56,4,2504.79,3,5,5,4,354,354,standard
GS-004914,20,33,2,2196.63,3,4,4,4,344,344,standard
GS-004915,2,38,3,1909.9,5,4,5,4,544,554,loyal
GS-004916,22,21,1,1710.91,3,3,3,4,334,334,loyal
GS-004917,5,60,4,6270.07,5,5,5,5,555,555,loyal
GS-004918,128,12,0,411.23,2,3,2,1,231,221,price_sensitive
GS-004919,1,61,5,2595.24,5,5,5,4,554,554,loyal
GS-004920,154,24,1,2116.96,2,4,3,4,244,234,standard
GS-004921,35,1,0,630.89,3,1,2,2,312,322,standard
GS-004922,676,12,0,1038.54,1,3,2,3,133,123,loyal
GS-004923,1397,12,0,478.09,1,3,2,1,131,121,price_sensitive
GS-004924,956,24,1,1062.68,1,4,3,3,143,133,standard
GS-004925,2,8,0,990.29,5,2,2,3,523,523,standard
GS-004926,1,4,0,346.68,5,2,2,1,521,521,standard
GS-004927,1127,12,0,335.45,1,3,2,1,131,121,price_sensitive
GS-004928,266,1,0,696.25,2,1,2,2,212,222,loyal
GS-004929,27,26,2,699.9,3,4,4,2,342,342,price_sensitive
GS-004930,281,3,2,949.05,2,1,4,2,212,242,standard
GS-004931,15,16,1,994.11,4,3,3,3,433,433,loyal
GS-004932,595,12,0,779.76,1,3,2,2,132,122,standard
GS-004933,272,3,2,3439.91,2,1,4,5,215,245,standard
GS-004934,14,17,1,886.24,4,3,3,2,432,432,standard
GS-004935,229,4,3,3758.7,2,2,5,5,225,255,loyal
GS-004936,5,13,1,558.1,5,3,3,2,532,532,standard
GS-004937,19,41,3,2901.06,4,5,5,5,455,455,standard
GS-004938,1,16,1,1112.4,5,3,3,3,533,533,standard
GS-004939,14,6,0,141.08,4,2,2,1,421,421,price_sensitive
GS-004940,25,18,1,2288.26,3,3,3,4,334,334,loyal
GS-004941,26,26,2,1075.19,3,4,4,3,343,343,standard
GS-004942,8,9,0,379.04,5,2,2,1,521,521,standard
GS-004943,349,1,0,726.48,2,1,2,2,212,222,price_sensitive
GS-004944,872,12,0,717.68,1,3,2,2,132,122,price_sensitive
GS-004945,15,22,1,899.1,4,3,3,2,432,432,standard
GS-004946,5,23,1,1083.18,5,3,3,3,533,533,loyal
GS-004947,28,64,5,4525.66,3,5,5,5,355,355,standard
GS-004948,78,3,2,3272.39,2,1,4,5,215,245,standard
GS-004949,28,6,0,257.77,3,2,2,1,321,321,standard
GS-004950,22,21,1,1612.94,3,3,3,3,333,333,loyal
GS-004951,23,10,0,252.39,3,2,2,1,321,321,price_sensitive
GS-004952,784,24,1,1330.31,1,4,3,3,143,133,standard
GS-004953,8,26,2,2138.47,5,4,4,4,544,544,standard
GS-004954,15,62,5,5083.31,4,5,5,5,455,455,loyal
GS-004955,119,4,3,2490.48,2,2,5,4,224,254,standard
GS-004956,99,2,1,725.31,2,1,3,2,212,232,price_sensitive
GS-004957,427,36,2,1979.94,1,4,4,4,144,144,price_sensitive
GS-004958,24,36,2,5559.92,3,4,4,5,345,345,loyal
GS-004959,6,43,3,1729.33,5,5,5,4,554,554,standard
GS-004960,353,36,2,947.97,2,4,4,2,242,242,price_sensitive
GS-004961,11,47,3,3569.84,4,5,5,5,455,455,standard
GS-004962,109,1,0,368.27,2,1,2,1,211,221,price_sensitive
GS-004963,17,56,4,4220.83,4,5,5,5,455,455,loyal
GS-004964,1,34,2,2456.62,5,4,4,4,544,544,loyal
GS-004965,109,3,2,1694.34,2,1,4,4,214,244,price_sensitive
GS-004966,5,44,3,2664.78,5,5,5,4,554,554,standard
GS-004967,1237,24,1,1080.68,1,4,3,3,143,133,standard
GS-004968,24,12,0,496.8,3,3,2,1,331,321,standard
GS-004969,285,4,3,1795.18,2,2,5,4,224,254,standard
GS-004970,13,40,3,3253.26,4,4,5,5,445,455,loyal
GS-004971,150,1,0,1004.3,2,1,2,3,213,223,standard
GS-004972,104,3,2,2491.41,2,1,4,4,214,244,standard
GS-004973,1077,12,0,291.16,1,3,2,1,131,121,price_sensitive
GS-004974,12,43,3,2091.41,4,5,5,4,454,454,loyal
GS-004975,12,33,2,1565.08,4,4,4,3,443,443,price_sensitive
GS-004976,35,1,0,914.49,3,1,2,2,312,322,standard
GS-004977,836,36,2,2726.44,1,4,4,4,144,144,standard
GS-004978,126,4,3,2317.66,2,2,5,4,224,254,standard
GS-004979,1605,12,0,1008.36,1,3,2,3,133,123,standard
GS-004980,396,48,3,1735.7,2,5,5,4,254,254,price_sensitive
GS-004981,1,26,2,1413.57,5,4,4,3,543,543,standard
GS-004982,14,22,1,398.06,4,3,3,1,431,431,price_sensitive
GS-004983,352,24,1,1073.37,2,4,3,3,243,233,standard
GS-004984,10,20,1,1663.91,4,3,3,3,433,433,standard
GS-004985,1,22,1,486.56,5,3,3,1,531,531,price_sensitive
GS-004986,23,52,4,3485.23,3,5,5,5,355,355,standard
GS-004987,444,4,3,3128.23,1,2,5,5,125,155,loyal
GS-004988,16,6,5,6194.53,4,2,5,5,425,455,standard
GS-004989,570,1,0,559.89,1,1,2,2,112,122,price_sensitive
GS-004990,685,12,0,687.79,1,3,2,2,132,122,price_sensitive
GS-004991,964,2,1,1058.23,1,1,3,3,113,133,price_sensitive
GS-004992,62,12,0,395.89,3,3,2,1,331,321,price_sensitive
GS-004993,575,24,1,1330.61,1,4,3,3,143,133,standard
GS-004994,895,1,0,447.7,1,1,2,1,111,121,price_sensitive
GS-004995,5,8,0,611.73,5,2,2,2,522,522,standard
GS-004996,66,5,4,2665.89,3,2,5,4,324,354,standard
GS-004997,403,12,0,256.15,2,3,2,1,231,221,standard
GS-004998,6,12,0,592.57,5,3,2,2,532,522,standard
GS-004999,2,13,1,968.1,5,3,3,2,532,532,loyal
GS-005000,346,48,3,3111.46,2,5,5,5,255,255,standard
